   0      40    43     6    20    38    49    75    18    46        0     0     0     0     0     0     0     0     0     0  
   1     -21    18   -10   -40   -20   -56   -30     7     4  0.195404     0     0    -1    -1    -1     0    -1     0    -1  
   2       9    26    28    40    34    19    58    49    41  0.390835    -2    -1    -2    -1    -1    -1     0    -1    -2  
   3      -5     2   -32   -29    17    36   -19     4    -2  0.586443    -1    -2     0    -2    -1    -1    -1    -1    -2  
   4      21    56    70    67    24    12    24    51    50  0.78211    -2    -1    -1    -2    -1    -2    -2    -1    -2  
   5      21   -21   -26     6    14   -30   -42   -19    28  0.978016    -2    -2    -2    -2    -1    -2    -2    -2    -2  
   6      55    -6    24    49    53    42    61    62    45  1.17411    -2    -2    -2    -1    -1    -2    -2    -2    -2  
   7     -10   -15     6    14    33   -17    21   -70    10  1.37035    -2    -2    -2    -2    -2    -2    -2    -2    -2  
   8      23    52    44    66    64    65    26    32    69  1.56667    -2    -2    -2    -2    -2    -2    -2    -2    -1  
   9      15   -22   -45    -8   -29    10    -1   -12     3  1.76315    -2    -1    -2    -2    -2    -2    -2    -2    -1  
  10       7    33    29    65    59    30    28    67    65  1.95967    -2    -2    -2    -2    -2    -2    -2    -1    -1  
  11     -14    -1   -22   -31    29    25    -4   -10    16  2.15625    -2    -2    -2    -2    -1    -2    -1    -1    -1  
  12      50    42    20    43    40    57    37    16    89  2.35289    -2    -1    -2    -2    -1    -2    -1    -2    -2  
  13     -26   -31     4    -9   -16   -21    -9    23   -10  2.54971    -2    -2    -1    -2    -2    -2    -2    -2    -2  
  14      55    50    15    51    63    44    20    61    45  2.74664    -2    -2    -2    -2    -2    -2    -2    -1    -2  
  15     -20   -30   -27   -13    -7   -16   -23   -13   -27  2.94378    -2    -2    -2    -2    -2    -1    -1    -2    -2  
  16      65    -2    43    20    11    32    19    40     7  3.14111    -2    -2    -1    -1    -2    -2    -2    -2    -2  
  17     -41    51     4    10   -22   -31   -24   -33    24  3.33847    -2    -2    -2    -2    -2    -2    -1    -1    -2  
  18      41    10    58    59    42    24    26    34    92  3.53572    -2    -1    -1    -1    -2    -2    -2    -1    -2  
  19     -31     6   -17     7     7   -16   -11   -19     3  3.73287    -1    -1    -1    -2    -2    -2    -2    -2    -2  
  20      27    36    30    32    35    41    33    33    70  3.93001    -2    -1    -2    -2    -1    -1    -2    -2    -2  
  21     -35   -36    10   -32    -8   -15   -10   -12     2  4.12718    -1    -1    -2    -2    -2    -1    -2    -2    -2  
  22      68    61     8    71    42    41    61    36    36  4.32432    -2    -2    -2    -1    -1    -2    -2    -2    -2  
  23      10     4    36   -50    -6   -36   -23   -60     4  4.52152    -2    -2    -2    -2    -2    -2    -1    -2    -2  
  24      21    13    21    23    53    71    74    24    19  4.71878    -1    -1    -2    -1    -1    -2    -1    -1    -2  
  25       6    -4   -15   -11   -45   -19     7    -3   -29  4.91615    -1    -1    -1    -2    -2    -1    -2    -1    -2  
  26      89    53    37    65    49    38    43    49    19  5.11358    -1    -1    -2    -1    -2    -2    -2    -2    -2  
  27      -3    17   -43   -21   -27   -20    10    -7   -13  5.31102    -1    -2    -2    -1    -2    -1    -1    -2    -2  
  28      58     0    48    45    35    40    40    26    58  5.50835    -2    -2    -2    -2    -2    -2    -1    -2    -2  
  29      19    28    10   -22   -27    15    -2    12    22  5.70571    -2    -2    -1    -1    -1    -2    -2     0    -2  
  30      19    48    56    22    49    14    33    32    12  5.90322    -2    -2    -1    -2    -1    -2    -2    -1    -2  
  31     -24   -37   -28   -14   -18   -17   -55   -30   -14  6.10101    -1    -2    -2    -2    -2    -2    -1    -2    -2  
  32       4    37    33    41    59    60   -34    38    27  6.29899    -2    -1    -1    -2    -2    -2    -1    -2    -2  
  33       4    -8   -36   -57   -22   -21   -17     4   -21   6.4972    -2    -2    -2    -1    -1    -2    -1    -2    -2  
  34      43    56    55    65    59    36    41    71    12  6.69555    -2    -2    -1    -3    -2    -1    -2    -1    -2  
  35      20   -31    11   -35    -5   -20     8     9    17  6.89402    -1    -2    -1    -3    -2    -1    -1    -1    -2  
  36      29    59    63    66    21    54    34    22    43   7.0925    -2    -2    -1    -1    -2    -1    -1    -2    -2  
  37     -15    21     2   -18   -38     2    14   -10   -38  7.29124    -2    -1    -1    -1    -1    -1    -1    -1    -2  
  38      47    21     0    55    44    60    59    41    73  7.49015    -1    -2    -1    -1    -2    -2    -1    -1    -2  
  39     -23   -54   -13    10    -7   -34    -5   -18    17  7.68919    -2    -2    -1    -2    -2     0    -1    -1    -2  
  40      21    29    26    31    33    46    -5    42    43  7.88831    -2    -1    -1    -2    -1    -2    -1    -1    -2  
  41      20   -11   -12   -20    13    16    -6   -46    -1  8.08764    -2    -1    -1    -1    -2    -2    -1    -2    -2  
  42      25    30    36    35    66    34    30    54    58  8.28714    -2    -1    -1    -1    -1    -1    -1    -1    -2  
  43      -4   -13   -56   -22    10    -2   -42   -49    -2   8.4868    -2    -1    -1    -2    -1     0    -1    -1    -2  
  44      45    35    15    29    44    26     3    41    36  8.68651    -1     0    -1    -1    -1    -1    -1    -2    -2  
  45       2    16     6   -17    11   -15    -5   -23    51   8.8863    -1    -1    -1    -1    -1    -2    -2    -2    -2  
  46      65    59    15    78    68    30    46    69    31  9.08613    -1    -1    -1    -2    -1    -1    -1    -1    -2  
  47     -16   -22   -11    -4     5   -29   -17    15    30  9.28586    -1    -1    -1    -2    -1     0    -1    -1    -2  
  48      81    57    67     6    38    44    19    39    75  9.48549    -1    -1    -1    -1    -1     0    -1    -1    -2  
  49      -5    29     9     0   -22   -24   -31     8    14  9.68514    -2    -1    -1    -1    -1    -1    -1    -1    -2  
  50      60    58    40    72    29    92    39    53    30  9.88479    -1    -1    -1    -2    -1    -1    -1    -1    -3  
  51      19    38    17   -22    17    -7   -15     9     9  10.0843    -1    -1    -1    -2    -1    -1    -1    -2    -2  
  52      56    61    39     8    66    45    32   -15    67  10.2838    -1    -2    -1    -1    -1    -1    -1    -1    -2  
  53     -47    -3    18     7    -4    -2   -10   -35   -31  10.4832    -2    -1    -1    -1    -1    -1    -1    -1    -2  
  54      57    25    34    46    -2    59    58     9    74  10.6827    -1    -1    -1    -1    -1    -1     0    -1    -2  
  55     -49     7    45   -13   -16   -19   -20   -22   -24  10.8823    -1    -2    -2    -1    -2    -2    -1    -1    -2  
  56      32    41    19     9    59    51    44    19    48   11.082    -1    -1    -2    -2    -1    -1    -1    -1    -2  
  57     -28   -11     0   -14   -64    21   -32    17     8  11.2818    -1    -1    -1    -2    -1    -2    -1    -1    -2  
  58      22    85    48    60    56    35    47    49    47  11.4816    -1    -2    -1    -1    -1    -1    -1    -1    -2  
  59      -2   -22     6   -24    -6   -15   -13    22    -3  11.6813    -1    -1    -1    -2    -1    -1    -1     0    -2  
  60      52    29    53    66    57    64    63    60    42  11.8808    -1    -1    -1    -1    -1    -1    -1    -1    -2  
  61       0   -30   -12    -5    30   -46     7   -46     0  12.0802    -1     0    -1     0    -1    -1    -1    -2    -2  
  62      89    57    35    32    28     0    38    68    48  12.2796    -2    -2     0     0    -1    -1     0    -1    -2  
  63      -1   -31     8    -3    11     0   -41   -38    15  12.4788    -1    -1    -1    -1    -1    -1    -1    -1    -3  
  64      63    35    48    29    66    30    13    35    25  12.6778    -1    -1    -1    -1    -1    -1    -1    -1    -3  
  65       2    19    -1    -8     2   -13     2     0    -5  12.8769    -2    -1    -2    -2    -1    -1     0    -1    -4  
  66      30    92    31    48    76    35    17    48    40  13.0759    -1    -1    -1    -2    -1    -1    -1    -1    -3  
  67     -18    19   -27   -16    -7   -21   -21   -36   -34  13.2748    -1    -2    -2    -1    -1    -1    -1    -1    -3  
  68      43    28    49   114    11    34    56    51    27  13.4734    -1    -1    -1    -1    -1    -1    -1    -1    -3  
  69     -15   -30   -20   -58   -18    28    -5    17   -10   13.672    -2    -1    -2    -1    -1    -1     0    -2    -2  
  70      19    16    -1    79    36    52    31    46    47  13.8706    -2    -1    -1    -2     0     0    -1    -1    -3  
  71       3   -10   -17   -46   -52     6   -16     0     8   14.069    -1    -1    -1    -1    -1    -1     0    -2    -3  
  72      61    11    56    34    65    76    59    51    52  14.2673    -1    -1    -1    -1    -1    -1    -1    -1    -2  
  73     -20   -19   -40    11    17   -35    19    -7     8  14.4655    -1    -1    -2    -1    -1    -1    -1    -1    -2  
  74      25    30    71    39     1    33     3    48    41  14.6637    -1    -1     0    -2    -1    -2    -2    -1    -3  
  75       0   -23     2   -24    15     9   -12   -13   -38  14.8618    -1    -1    -1    -1    -1    -1    -2     0    -2  
  76      49    70    17    65    30    82    15    70    62  15.0597    -1     0    -1    -3    -1    -1    -2    -1    -3  
  77      -7    14   -13     6   -37    -3   -42    -8    16  15.2573    -1     0    -2    -3     0    -1    -1     0    -3  
  78      50    13    43    34    78    12    75    78    69  15.4549    -2     0     0    -1    -1    -1    -1    -1    -3  
  79      -4    -7    14   -27   -37   -41    29     9   -10  15.6525    -1    -1    -1    -1     0    -1    -1    -1    -2  
  80      29    74    43    60    72    42    37     7    65  15.8501    -1    -2    -2    -1    -1     0    -1    -1    -2  
  81       8    34   -19     0     2     7    -1   -16    27  16.0477    -1     0    -1    -2    -1    -1    -1    -1    -2  
  82      49    57    39    41    60    50    47    42    45  16.2453    -1     0    -1    -1    -1     0    -1    -1    -3  
  83      32    -1   -18     7   -12   -30     8     4   -11  16.4431    -1    -1    -1    -2     0    -1    -1    -2    -2  
  84      11    29    84    46    58    75    35    58    59   16.641    -1     0    -1    -1    -1    -1     0    -1    -3  
  85      -5   -22    -4   -33   -26   -33     8     9   -12   16.839    -1    -1    -1    -1    -1    -1     0    -1    -3  
  86      37    89    31    74    71    36    52    25    63  17.0372    -1    -1    -1    -2    -1    -1    -1     0    -3  
  87      18    -9    -6     9   -66    20   -13   -32   -12  17.2356    -1    -1    -2    -1    -1    -1    -1     0    -2  
  88      59    65    35    36    57    42    47    27    21  17.4342     0    -1    -2     0    -1    -2    -1     0    -3  
  89      -8   -34   -48   -12    28    -1     2   -15   -30  17.6329    -1    -1    -1    -1    -1     0    -1     0    -2  
  90      27    53    31    29    41    48    69    82    64  17.8317    -1    -1    -1    -1     0    -1    -1     0    -3  
  91      15    -4    -6    41    15   -33    14   -12    -6  18.0304    -1    -2    -1    -1    -2    -1    -1    -1    -2  
  92      63    47    62    65    63    51    46    21    46  18.2292     0     0    -1    -1    -1     0    -1    -1    -2  
  93      -6   -12     8     2   -24   -11   -36   -58   -15  18.4282     0    -1    -2     0    -1    -1    -1     0    -3  
  94      11    48    97    19    31     8    46    72     9  18.6275    -1    -1    -1    -1    -1    -1    -1    -1    -3  
  95      -6    -8   -18   -25   -33   -16    16   -35    23  18.8269    -2     0     0    -1    -1    -1    -1    -2    -3  
  96      60    78    55    56    25    44    48    69    25  19.0264    -1     0    -1    -1    -1    -1    -1    -1    -3  
  97      -3     7   -55    19   -52     8   -41   -29    41  19.2264    -1    -1    -1    -1    -1    -1     0    -1    -3  
  98      61    78    52    60    70    40   -17    52    28  19.4264     0    -1    -1    -1     0    -1    -1    -1    -3  
  99     -10    -3   -52   -22   -19     9    35     8     0  19.6266    -1     0    -1    -1    -1    -1    -1    -1    -3  
 100      52    52    29    41    32    42     5    62    44  19.8267     0     0    -1    -1    -1    -1     0    -1    -3  
 101      24     5   -30     0   -18   -55   -21    -5    -3   20.027    -1     0    -1    -1     0    -1     0     0    -3  
 102      21    44    68    36    44    38    20    57    54  20.2272     0    -1    -1    -1     0    -1    -1    -1    -2  
 103       7   -12     2     0    16     8   -70   -23     3  20.4274    -1     0    -2     0     0     0    -1     0    -3  
 104      48    44    74    10    34    23    60    75    50  20.6276    -1    -1     0    -1     0    -1     0     0    -3  
 105      12   -21    -9   -20   -32   -23     2    11    26  20.8278    -2    -1     0    -1     0    -1    -1    -1    -2  
 106      80    54    38    61    59    65    79    20    40  21.0281    -2     0    -1    -1    -1    -1    -1    -1    -3  
 107     -17     2   -39     5   -19     9   -50    10    18  21.2283    -1     0    -2    -1    -1     0    -1     0    -3  
 108      31    72    38    42    50    41    29    60    35  21.4284    -1    -1    -1    -1     0    -1     0    -1    -3  
 109     -13   -52   -10    13   -44   -12    -4   -18    23  21.6284    -1     0    -1     0    -1     0    -1    -1    -3  
 110      51    59    37    49    55    88    76    61    39  21.8284    -2    -1    -1    -1     0     0    -1    -1    -3  
 111     -26    -3   -13    -4    24    -7   -18   -29   -33  22.0283     0    -1    -1    -1     0    -1    -1    -1    -3  
 112      17     9    17    35    54    36    15    45    52  22.2283    -1    -1    -2    -1    -1     0    -1    -1    -3  
 113     -17   -21    42     0   -10   -31   -19   -22    21  22.4281     0     0    -1     0    -1     0     0     0    -2  
 114      76    70    39    34    38    75    44    62    53  22.6279     0    -2     0    -1    -1     0    -1    -1    -2  
 115      17   -29   -16   -17    11    -3     5    -4     0  22.8274     0    -1     0    -1     0     0    -1     0    -3  
 116      52    45    28    47    52    55    41    57    66  23.0268    -1     0     0    -1    -1    -1     0    -1    -3  
 117      -8   -13     8   -26    13   -30   -26   -10   -40  23.2263    -1    -1    -1    -1    -1    -1    -1    -1    -3  
 118      25    54    49    55    54    82    48    33    53  23.4258    -1    -1    -2    -1     0    -2    -1    -1    -3  
 119     -18    52    -4   -31   -10   -22     0   -33    29  23.6254     0     0    -1    -2     0    -1    -1    -1    -3  
 120      52    42    87    -8    14    65    12    27    54  23.8249    -1    -1    -2    -1     0    -1     0     0    -3  
 121      -8    12     0     6    -8    23   -11   -16    17  24.0245     0    -1     0     0     0     0     0     0    -3  
 122      74    37    36    56    43    81    13    19    36  24.2241     0    -1    -1    -1     0    -1     0     0    -3  
 123       5   -10   -20     7   -26   -17   -32    17    -7  24.4238    -1     0     0    -1    -1    -1    -1    -1    -3  
 124     -18    37    29    38    42    51    59    31    69  24.6235    -1    -1    -1    -1    -1    -1    -1    -1    -3  
 125     -30     2   -42   -27    10   -12   -20   -40   -10   24.823    -1    -1     0    -1    -2    -1    -1    -1    -3  
 126      39    71    38    30    66    48    10    52    17  25.0227    -1    -1    -1     0    -1     0    -1     0    -3  
 127       6    28   -13   -26    -5    -8   -45   -28    -3  25.2224    -1    -1    -1     0    -1    -1    -1    -1    -3  
 128     -10    47    78    29    46    62    65    34    36  25.4222    -1    -1    -1     0    -1     0    -2    -2    -3  
 129       7     9    20    34    -8    37   -27   -39    27  25.6219    -1    -1    -1    -1    -1    -1    -1    -1    -3  
 130      29    12    45    27    22    46    42    64    46  25.8216    -1    -1     0    -1    -1    -1    -1     0    -3  
 131     -14    24     1     5     0   -17    -2   -27     0  26.0212    -1    -1    -1    -1    -1    -2    -1     0    -3  
 132      22    42    49    27    39    50    98    62    24  26.2207    -1    -1    -1     0    -1     0    -1     0    -3  
 133       6   -28   -27     2   -14   -20   -23     0   -35    26.42    -1    -1    -1    -1     0    -1    -1    -1    -3  
 134      74    72    40    65    31    45    26    48    71  26.6194    -1    -2    -1    -1    -1    -1    -1    -1    -3  
 135     -12    25   -10   -25   -24     3   -44    22   -21  26.8187    -1    -1     0     0    -1     0    -1     0    -3  
 136      76    66    15    65    57    47    56    54    73  27.0181    -1     0     0     0     0     0    -1     0    -3  
 137     -24    23     3   -43    16   -45   -21   -27    19  27.2174    -1    -2    -1    -2     0    -1    -1    -1    -3  
 138      34    59    68    82    34    42    36    50    44  27.4166    -2    -2    -1    -1     0    -1     0    -1    -3  
 139     -37   -16   -14    -5    22    -9   -51    -2   -17  27.6158    -1    -1     0    -1    -1     0    -1    -1    -3  
 140      59    47    28    78    64    83    17    45    84   27.815     0     0     0    -1     0     0    -1     0    -3  
 141     -24   -38   -44    -9   -12   -23    -6    25    28  28.0139     0     0     0    -1     0     0     0     0    -3  
 142      14    49    13    58    58    45    85    48    40  28.2128    -1    -1     0     0     0    -1     0     0    -2  
 143       4    -1    19   -13    -9    24    -1    13    16  28.4115     0    -1     0    -1     0    -1    -1    -1    -2  
 144      76    60    28    79    59    36    45    57    55  28.6103     0     0     0     0    -1    -1     0     0    -2  
 145     -13   -33   -28    21    -3   -32   -22   -28     9  28.8091     0     0     0     0     0     0     0     0    -2  
 146      27    25    20    45    46    45    57    34    80  29.0078     0     0     0    -1     0     0     0     0    -2  
 147       2   -11   -16   -12    -3   -26     2   -19   -52  29.2067    -1     0    -1     0     0     0     0     0    -2  
 148      41    53    45     8    -3    61    58    79    56  29.4057     0    -1     0    -1     0     0     0     0    -2  
 149       8    -9   -11     8   -24     8     0   -29    24  29.6047     0     0     0     0     0     0    -1     0    -2  
 150      25    50    29   105     6    71    44    68    56  29.8039     0     0     0     0     0     0     0     0    -2  
 151     -18   -15    -6    -5   -59   -17   -17    -4    17   30.003    -1     0     0     0     0     0     0     0    -2  
 152      59    36    38    64    37     7    54    95    37  30.2023     0     0    -1     0     0     0     0     0    -2  
 153     -20   -17     8     5    -9    17     7     6    -1  30.4015     0     0     0     0     0     0     0     0    -2  
 154      50    31    46    64    62    40    36    15    29  30.6007     0     0     0     0     0    -1     0     0    -2  
 155     -35   -14   -46    -6   -34   -10   -27   -35   -10  30.7998     0     0     0    -1     0     0     0     0    -2  
 156      61    31    62    61    46    53    81    27    19  30.9989    -1     0     0     0     0     0     0     0    -2  
 157      21    -2     0   -18   -27   -63    39    16   -19  31.1979     0     0     0     0     0     0     0     0    -2  
 158      63    29    55    62    35    44    30    49    65   31.397     0    -1     0     0     0     0     0    -1    -2  
 159     -13    -2   -13   -46     3    -6   -12   -41    -3  31.5962     0    -1     0     0    -1     0     0     0    -3  
 160      42    66    62    40    36    18    58    61    51  31.7956    -1    -1     0     0    -1     0     0     0    -2  
 161     -15   -29     1   -14   -20     3   -14    16    54   31.995     0     0     0     0     0     0     0     0    -2  
 162      -9    57    39    65    50    60    54    51    43  32.1943     0     0     0    -1     0     0    -1     0    -2  
 163     -37    55   -13   -14   -27    -4    10   -15   -18  32.3937     0    -1     0     0     0     0     0     0    -2  
 164      45    88    40    53    73    35    32    34    33  32.5932     0    -1     0     0     0     0     0     0    -2  
 165      32     4   -39     8    15    35   -31    10    -9  32.7927     0    -1     0     0     0     0     0     0    -2  
 166      32    37    83    45   -15    46    76    -1    12  32.9922     0    -1     0    -1    -1     0     0     0    -2  
 167      -2   -26     5    29    16   -27   -10   -21    21  33.1918     0     0     0     0     0     0     0    -1    -2  
 168      86    46    69    16    65    17    53    66    78  33.3916     0     0     0    -1     0     0    -1     0    -2  
 169      -5   -10   -18   -31     6    30     6   -11     6  33.5913    -1     0     0     0     0     0     0     0    -2  
 170      49    55    56     4    12    37    46    65    42   33.791     0     0     0     0     0     0     0     0    -2  
 171     -35    -4    -8    -6   -25   -41   -10   -17     1  33.9906     0     0     0     0     0     0     0     0    -2  
 172      37    45    63    43    62    33    45    38    80  34.1902     0     0     0     0     0     0     0     0    -2  
 173       8    -6     1   -19     1    -6     0   -20   -10  34.3898     0     0     0     0     0     0     0     0    -2  
 174      46    41    36    30    44    40    95    62    55  34.5894     0     0     0     0     0     0     0     0    -2  
 175     -13    17   -20    10   -13   -27   -16    31    12  34.7889     0     0     0     0     0     0     0     0    -2  
 176      22   -21    61    67    43    80    62    56    60  34.9885     0     0     0     0     0     0     0     0    -2  
 177      -7    15    42    24    -8     2    11   -13   -15  35.1883     0     0     0     0     0     0     0     0    -2  
 178      44    41    41    24    35    41    41    55    51  35.3881     0     0     0     0     0     0     0     0    -2  
 179      -5    -3   -58   -19   -15   -38   -24   -34   -40  35.5879     0     0     0     0     0     0     0     0    -2  
 180      35    73    75    58    59    76    30    55   100  35.7878     0     0     0     0     0     0     0     0    -2  
 181      -4   -19   -63     0   -25   -22   -11    -8    37  35.9875     0     0     0     0     0     0     0     0    -2  
 182      18    48     9    49    42    40    53    31    29  36.1872     0     0     0     0     0     0     0     0    -2  
 183      14   -22   -34     7    -6   -41   -29   -31    27  36.3869     0     0     0     0     0     0     0     0    -2  
 184      20    67    27    28    31    56    27    37    93  36.5865     0     0     0     0     0     0     0     0    -2  
 185     -14    15    18     2    21   -11     6   -16     2  36.7859     0     0     0     0     0     0     0     0    -2  
 186      71    37    60    67    16    39    12    63    30  36.9851     0     0     0     0     0     0     0     0    -2  
 187      25    40    -5   -14   -13    -6   -51     9    15  37.1842     0     0     0     0     0     0     0     0    -2  
 188      77    66    63    49    47    39    44    44    44  37.3832     0     0     0     0     0    -1     0     0    -2  
 189     -30    25     6    -2   -38   -16   -25   -18   -17   37.582     0     0     0     0     0     0     0     0    -2  
 190      70    40    54    64    51    52    12    38    52  37.7808     0     0     0     0     0     0     0     0    -2  
 191      -7   -60    15    -7     2   -22   -12   -45    39  37.9798     0     0    -1     0     0     0     0     0    -2  
 192      56    27    47    57    40    33    18    66    24  38.1788     0     0     0     0     0     0     0     0    -2  
 193      -8   -15     8   -17     4   -33   -23    17    21  38.3778     0     0     0     0     0     0     0     0    -2  
 194      23    54    39    50    25    54    47    20    25  38.5767     0     0     0     0     0     0     0     0    -2  
 195     -34   -52   -39   -55    -9   -13   -65   -13    -6  38.7754     0     0     0     0     0     0     0     0    -2  
 196      23    42    41    17    40    39     2    53    47  38.9742     0     0     0     0     0     0     0     0    -2  
 197     -22   -10   -20   -44     8    11   -50     5    28  39.1729     0     0     0     0     0     0     0     0    -2  
 198      14    66    56    58    28    50    14    22    38  39.3717     0     0     0     0     0     0     0     0    -2  
 199      -7    -9     8     9   -14     4    -2    -9   -29  39.5705     0     0     0     0     0     0     0     0    -2  
 200      56    -8    79    24    83    76    42    44    37  39.7694     0     0     0     0     0     0     0     0    -2  
 201       7   -39   -15   -14   -14   -16    19   -16   -21  39.9683     0     0     0     0     0     0     0     0    -2  
 202      27    64    20    10    30    56    56    51    23  40.1672     0     0     0     0     0     0     0     0    -2  
 203     -10   -23   -24     3    -7   -13    11   -41    24   40.366     0     0     0     0     0     0     0     0    -2  
 204      55    97    56    44    19    54    67    37    12  40.5648     0     0     0     0     0     0     0     0    -2  
 205      21   -47    19    -6    18   -12    39   -25    -1  40.7634     0     0     0    -2    -1     0     0     0    -1  
 206      35    56    83    48    51    49    59    59    24  40.9619     0     0     0     0     0     0     0     0    -2  
 207      -7   -58   -22    29   -33    24   -30    -6   -16  41.1603     0     0     0     0     0     0     0     0    -2  
 208      81    48    43    40    27    29    76    33    25  41.3588     0     0     0     0     0     0     0     0    -2  
 209       7    37     7     4   -33    26   -21    10   -22  41.5574     0     0     0     0     0     0     0     0    -2  
 210      62    58    26    25    62    67    40    33    38  41.7561     0     0     0     0     0     0     0     0    -1  
 211      -7    10     8    -4   -22    24    -4    19   -28  41.9549     0     0     0     0     0     0     0     0    -2  
 212      13    27     4    45    44    56    32    57    57  42.1538     0     0     0     0     0     0     0     0    -2  
 213      26   -13    -4   -47    -2   -29   -14   -30    31  42.3527     0     0     0     0     0     0     0     0    -2  
 214      26    50    39    84    65    80    32    51    26  42.5519     0     0     0     0     0     0     0     0    -2  
 215     -40    13     3    25   -26    -5   -37   -11    20  42.7512     0     0     0     0     0     0     0     0    -2  
 216      49    41    59    40    81    39    77    20    25  42.9506     0     0     0     0     0     0     0     0    -1  
 217     -38    33    23    28   -11    30   -39    -5    28  43.1501     0     0     0     0     0     0     0     0    -2  
 218      28    30    63    17    30    44    45    55    47  43.3496     0     0     0     0     0     0     0     0    -2  
 219      15    -7   -20    10   -11     2    22   -28   -32  43.5493     0     0     0     0     0     0     0     0    -2  
 220      58    40    31    40    44    34    76    97    42  43.7492     0     0     0     0     0     0     0     0    -1  
 221      33    15    -2    33   -27    -5   -36     8     7  43.9491     0     0     0     0     0     0     0     0    -2  
 222      10    17    60    54    61    18    40    36    46  44.1491     0     0     0     0     0     0     0     0    -1  
 223     -40     3     7    -1   -26    14   -28    22    -1   44.349     0     0     0     0     0     0     0     0    -1  
 224      43    60    50    51    58    -9    64    23    58  44.5489     0    -1     0     0     0     0     0     0    -1  
 225      31   -19    14   -47    74   -27    10    11     6  44.7488     0     0     0     0     0     0     0     0    -1  
 226      53    61    60    36    44    45    18    41    56  44.9487     0     0     0     0     0     0     0     0    -2  
 227       3     5   -26   -11    -9   -16   -21    -7   -14  45.1485     0     0     0     0     0     0     0     0    -2  
 228      46    82    78    25    72    38    59    34    23  45.3484     0     0     0    -1     0     0     0     0    -1  
 229      57   -16   -23    20   -33    10   -31   -31    -1  45.5483     0     0     0     0     0     0     0     0    -1  
 230      36    53    41    43    58    50    27    40    39  45.7482     0     0     0     0     0     0     0     0    -1  
 231      26   -37    36    -3    14   -14    -8    15    -8  45.9481     0     0     0     0     0     0     0     0    -1  
 232      68    45    59    31    30    34    46    42    65  46.1481     0     0     0     0     0     0     0     0    -1  
 233      22     9    13    -4    -7    -1   -15   -21   -34  46.3482     0     0     0     0     0     0     0     0    -2  
 234      57    47    66    10    53    36    56    47    13  46.5483     0     0     0     0     0     0     0     0    -1  
 235      30    -2     6    24   -14   -14   -46   -30   -13  46.7485     0     0    -1     0     0     0     0     0    -2  
 236      76    25    70    27    -2     7    54    16    25  46.9486     0     0    -1     0     0     0     0     0    -1  
 237     -13    -6    37    -3    34    -9     6    -3     6  47.1487     0     0     0     0     0     0     0     0    -2  
 238      17    63    41    57    53    23     2    38    57   47.349     0     0    -1     0     0     0     0     0    -2  
 239      16   -20   -39    -7     0   -11    -8     4   -20  47.5493    -1     0     0    -1     0     0    -1     0    -1  
 240      84    60    19    42    33    55    58    40    52  47.7497    -1     0     0     0     0     0     0     0    -2  
 241      14     0     2    -6   -30   -24   -41   -26    39  47.9501     0     0     0     0     0     0     0     0    -1  
 242      39    39    35    30    46    14    57    42    14  48.1507     0     0     0     0     0     0     0     0    -1  
 243      13    15   -22   -19   -46   -15    -3    13    -4  48.3513     0     0     0     0     0     0     0     0    -2  
 244      46    67    98    43    27    67    66    58    74   48.552     0     0     0     0     0     0     0     0    -1  
 245     -12   -14     4    12   -10    30    11   -31     1  48.7527     0     0     0     0     0     0     0     0    -1  
 246      96    54    75    74    31    41    34    67    51  48.9533     0     0     0     0     0     0     0     0    -1  
 247     -11   -48     2   -23   -27   -29   -15   -18     1   49.154    -1     0     0    -3     0     0    -1     0    -1  
 248      73    76    45    42    27    81    67    22    48  49.3546    -1     0     0    -1     0     0     0     0    -1  
 249      37    -3     2   -26     2    12   -26    -7    13  49.5551     0     0     0     0     0     0     0     0    -1  
 250      59    75    48    44    69    19    41    61    -3  49.7556     0     0     0     0     0     0     0     0    -1  
 251      -1   -18     9    -9    17     9   -25   -15    22  49.9561     0     0     0     0     0     0     0     0    -1  
 252      37    46    56    66    45    37    65    32    61  50.1567     0     0    -1     0     0     0     0    -1    -1  
 253      24     7    21     5   -44   -11   -11    40    15  50.3572     0     0     0    -1     0     0     0     0    -1  
 254      21    60    25    61    44    51    68    12    29  50.5577     0     0     0     0     0     0     0     0    -1  
 255     -11    -4   -19   -10   -19    -8   -26   -17    38  50.7581     0     0     0     0     0     0     0     0    -1  
 256      -5    13    82    35    41    19    34    56    60  50.9587     0     0    -1     0     0     0     0     0    -1  
 257     -25   -33    -5   -16   -15   -25   -16   -21   -27  51.1593     0     0     0    -1    -1     0     0     0    -2  
 258      37    46    28    52    52    75    54    47     3  51.3598    -1    -1     0    -1     0     0     0     0    -1  
 259       2    19   -22   -23   -15    13    13     8    -7  51.5602     0    -1     0     0     0     0     0     0    -1  
 260      29    40    19    42     7     9    63     1    55  51.7606     0    -1     0    -1     0     0     0     0    -1  
 261      21   -28   -11   -23   -10   -35   -19   -21    -1  51.9611     0     0     0    -1     0     0     0     0    -1  
 262      41    53    60    24    28    78    53    19    39  52.1616     0     0    -1     0    -1     0     0     0    -1  
 263       0     5   -47   -22    12   -37   -39    -1     4   52.362     0    -1    -1     0     0     0     0     0    -1  
 264      31    23    69    58    38    52    29    12    27  52.5625     0     0     0     0     0     0     0    -1    -1  
 265     -20   -34    13   -51     3     5   -17   -38    -6   52.763     0     0     0     0     0     0     0     0    -2  
 266      59    24    50    48    53    66    13    29    19  52.9633    -1     0     0    -1     0     0    -1     0    -1  
 267       4   -46   -10    -2    10    11   -31   -21    -8  53.1635    -1     0     0     0     0     0     0     0    -1  
 268      15    23    48    65    46    19    16    62    59  53.3636     0     0     0     0     0     0     0     0    -1  
 269       0   -10   -26     0   -16   -24    -2   -20     4  53.5638     0     0     0     0     0     0     0     0    -1  
 270      21    48    25    55    52    56    25    64    38  53.7641     0     0     0     0     0    -1     0     0    -1  
 271     -21    -8    -7   -37    39     2     4     6   -41  53.9645     0     0     0     0     0     0     0     0    -1  
 272      35    71    42    13    36    44     3    45    63   54.165     0     0    -1     0     0     0     0     0    -1  
 273       0   -25     6    26   -18     2   -25   -19   -54  54.3655     0    -1     0     0     0     0     0     0    -1  
 274      45    68    67    25    54    57    60    45    19  54.5661     0     0     0     0     0     0     0     0    -1  
 275       1    -9    -8   -26   -13   -21     9   -26    18  54.7667     0     0     0     0     0     0    -1     0    -1  
 276      47    55    52    53    60    31    66    51    48  54.9674    -2     0     0     0     0     0     0     0    -1  
 277      19    -3   -24    -1   -40     0   -30     3   -28  55.1681     0     0     0    -1     0     0     0    -1    -1  
 278      82    15    59    32    49    -3    47    29    15  55.3689     0     0    -1     0     0     0     0     0    -1  
 279      -9    16   -44    -1   -24    -1   -14   -14     8  55.5698    -1    -1    -1    -1     0    -1    -1     0    -1  
 280      53    28    47    77    37    39    38    21    54  55.7707    -1     0     0     0     0     0     0     0    -1  
 281      -7     8     5     0   -18     6   -31   -10   -16  55.9717     0     0    -1     0     0     0     0    -1    -1  
 282      27    46    33    50    69    34    41    33    43  56.1729     0     0     0     0     0     0     0    -1    -1  
 283      -3   -36   -29   -11   -26    26   -10     0   -11  56.3741     0    -1     0    -1     0     0     0    -1     0  
 284      66    64    41    46    66    68    71    55    14  56.5754     0    -1    -1     0     0     0    -1    -1    -1  
 285      19    18     2   -11   -31    -5   -49     8   -47  56.7769    -1    -1     0     0    -1     0     0     0    -1  
 286      28    38    17    40    78    46    26    44    33  56.9785     0     0    -1    -1     0     0     0    -1    -1  
 287     -27   -23   -22   -18   -30    -1    33   -13     2  57.1803     0    -1    -1     0     0    -1    -1     0    -1  
 288      39    75    50    68    38    50    27    27    71  57.3821     0     0    -1     0     0     0    -1    -1    -1  
 289     -19    11   -23   -34     7   -30   -52    -8     0  57.5841    -1    -1    -1     0     0    -1    -1    -1    -1  
 290      38    43    43    63    32    53    51    19    28   57.786    -1    -1     0     0     0     0    -1     0    -1  
 291       2   -21    23   -14     6   -21    -7    56   -37  57.9879    -1    -1     0    -2     0    -1    -1     0     0  
 292      27    49    -9    66    48    42    13    35     2  58.1897     0     0    -1     0    -1    -1     0     0     0  
 293      -8   -19    12   -29   -35    -9   -12   -53   -43  58.3915     0     0    -1     0     0    -1     0     0    -1  
 294      53    43    57    38    19    73    65    18    75  58.5934     0     0     0     0     0    -1     0     0     0  
 295      18   -29   -28   -16    15   -11   -13   -17   -13  58.7953    -1     0     0     0    -1    -1     0     0    -1  
 296      31    37    74    38    68    47    88    15    31  58.9971     0     0     0     0     0    -1    -1     0    -1  
 297       9   -28   -16    25   -21    17    21    19   -10  59.1988    -1     0    -1    -1     0     0     0    -1     0  
 298       0    62    52    36    59    53    41    50    49  59.4006    -1    -1    -1     0    -1     0     0    -1    -1  
 299     -18   -46   -47   -15   -23   -20    40    13    30  59.6024     0    -1     0    -1    -1     0    -1     0    -1  
 300      53    41    48   102   101    46    65    61    17  59.8042     0    -1     0     0    -1    -1    -1    -1    -1  
 301     -10    -9   -22   -43     4     2    11     8     1  60.0061     0     0    -1     0     0     0     0     0    -1  
 302      31    57    67    50    74    19    30    39    18  60.2082     0    -1    -1    -1    -1     0    -1    -1    -1  
 303       5   -44   -25    10     1   -18    15   -35     4  60.4105    -1    -1     0    -1     0    -1    -1     0    -1  
 304      54    53    57    57    12    50    51    64    45  60.6129    -1     0     0     0     0     0     0     0    -1  
 305      36    -5   -14    13     4   -22    28   -14   -40  60.8156     0    -1     0     0     0     0    -1     0    -1  
 306      41    87    17    37    43    69    45    51    48  61.0184    -1    -1    -1     0     0    -1    -1    -1    -1  
 307     -26    22    -3    -1    11    21    -3   -45    -3  61.2212    -1    -1     0     0     0    -1     0     0    -1  
 308      71    40    35    24    57    34    29    86    70   61.424     0    -1    -1    -1     0     0     0     0    -1  
 309      -6    30    -8    14   -23    30   -24    -6    21  61.6268     0    -1    -1    -1     0     0     0     0    -1  
 310      37    45    50    51     9    33    61     2    47  61.8293     0     0     0    -1     0     0     0     0     0  
 311      -7    26     2     1   -27     0   -19    -6   -10  62.0318     0     0     0    -1     0     0     0    -1     0  
 312      21    20    62    63    36    62    91    67    63  62.2343    -1    -1     0    -1     0     0    -1    -1     0  
 313     -23    -5     9   -53     9    24   -23   -33   -34  62.4368    -1    -1     0     0    -1     0    -1     0     0  
 314      38    21    60    68    72    16    52    27    42  62.6393    -1    -1     0    -1    -1     0     0     0     0  
 315      -7    20     9   -25     6   -17    19    14    24  62.8417     0    -1    -1    -1     0     0     0     0     0  
 316       5    64    37    32    57    54    87   106    55  63.0441     0     0     0     0     0     0     0     0     0  
 317     -13   -11   -12   -23   -36   -11   -29   -38    25  63.2465     0     0     0     0     0     0     0     0     0  
 318      14    72    52    36    39    66    54    19    28  63.4487     0     0     0     0     0     0     0     0     0  
 319     -10     3   -52     5    -3   -42   -31     5    37  63.6507     0     0     0     0     0     0     0     0     0  
 320      24    61    50    43    48    37    74    65    29  63.8527     0     0     0     0     0     0     0     0     0  
 321      30    21    -6   -12   -14   -30   -28   -21   -35  64.0547     0     0     0     0     0     0     0     0     0  
 322      52    68    67    51    52    34    12    38    47  64.2568     0     0     0     0     0     0     0     0     0  
 323      -8   -12    13   -14   -51   -47   -22   -18    14   64.459     0     0     0     0     0     0     0     0     0  
 324      60    55    49    55    35    55    56    35    82  64.6612     0     0     0     0     0     0     0     0     0  
 325     -11     6     6   -39   -39   -27   -56   -40   -27  64.8635     0     0     0     0     0     0     0     0     0  
 326      41    44    53    81    61    57    42    25    19  65.0658     0     0     0     0     0     0     0     0     0  
 327     -27    18   -39     9   -17   -42   -16     3    -5  65.2681     0     0     0     0     0     0     0     0     0  
 328      49    44    69    63    39    48    42    44    74  65.4704     0     0     0     0     0     0     0     0     0  
 329       4     1   -19    12     6   -54    -2   -27   -52  65.6727     0     0     0     0     0     0     0     0     0  
 330      24    36    27    22     8    62    63    33    49   65.875     0     0     0     0     0     0     0     0     0  
 331     -15     7   -18   -34    14   -35    -9   -25    11  66.0772     0     0     0     0     0     0     0     0     0  
 332      61    78    48    34    57    54    29    46    63  66.2794     0     0     0     0     0     0     0     0     0  
 333      22   -27    30    -9    -7   -18     6   -22   -18  66.4816     0     0     0     0     0     0     0     0     0  
 334      46    39    65    71    53    50    35    43    44  66.6838     0     0     0     0     0     0     0     0     0  
 335     -36    18    10   -21    36   -23     6   -18    18  66.8861     0     0     0     0     0     0     0     0     0  
 336      35    30    63    44    25    68    64     8    39  67.0883     0    -1     0     0     0     0     0     0     0  
 337     -52     7   -19    15   -34   -36   -11   -21   -18  67.2906     0     0     0     0     0     0     0     0     0  
 338      80    41    33    83    53    81    55    66    17  67.4927     0     0     0     0     0     0     0     0     0  
 339      -1   -23    -4   -27   -35   -42   -22     5   -18  67.6948     0     0     0     0     0     0     0     0     0  
 340      62    77    74    -6    35    74    56    37    46  67.8968     0     0     0     0     0     0     0     0     0  
 341     -10   -45    11   -13   -27    -2    -4     0    30  68.0987     0     0     0     0     0     0     0     0     0  
 342      31    39    62    34    62    33    52    59    44  68.3004     0     0     0     0     0     0     0     0     0  
 343      -5     3   -24    -1   -25   -43    -1    14   -24  68.5021     0     0     0     0     0     0     0     0     0  
 344      77    52    28    38    55    32    69    84    37  68.7037     0     0     0     0     0     0     0     0     0  
 345      -2    35    -2    33    15    13   -14    -3   -30  68.9054     0     0     0     0     0     0     0     0     0  
 346      68    71    52    44    59    66    43    49    21  69.1071     0     0     0     0     0     0     0     0     0  
 347     -10    17    -6   -56   -10     9   -30   -37    21  69.3087     0     0     0     0     0     0     0     0     0  
 348      27    64    39    37    60    -1    46    70    80  69.5101     0     0     0     0     0     0     0     0     0  
 349       6   -10     0     8   -43    27    -3    35   -29  69.7116     0     0     0     0     0     0     0     0     0  
 350       0    55    28     8   109    60    32    49    17   69.913     0     0     0     0     0     0     0     0     0  
 351     -42     5    10    24     4   -14    13     1    -4  70.1144     0     0     0     0     0     0     0     0     0  
 352      53    59    61    70    68    57    51    40    16  70.3158     0     0     0     0     0     0     0     0     0  
 353     -15   -26    15   -30    -2    39    21   -37   -28  70.5174     0     0     0     0     0     0     0     0     0  
 354     -38    43    33    16    28    38    41    57    35   70.719     0     0     0     0     0     0     0     0     0  
 355      -2     2     0    -6   -19   -26   -62   -54   -20  70.9206     0     0     0     0     0     0     0     0     0  
 356      28    70    71    42    40    72    72    50    78  71.1222     0     0     0     0     0     0     0     0     0  
 357      22   -33     7    10   -18    28   -42    11     3  71.3238     0     0     0     0     0     0     0     0     0  
 358      68    49    42    60    44    54    56     6    45  71.5254     0     0     0     0     0     0     0     0     0  
 359      23   -16   -14    37   -11    -9   -12   -15     8  71.7269     0     0     0     0     0     0     0     0     0  
 360      16    29    22    87    50    21    35    41    20  71.9284     0     0     0     0     0     0     0     0     0  
 361       5   -23   -23    -3   -26   -19    20    -9   -31    72.13     0     0     0     0     0     0     0     0     0  
 362      47    41    16    41    65    43    23    28    57  72.3317     0     0     0     0     0     0     0     0     0  
 363     -19   -29     0   -17    -3     3     3   -10    19  72.5334     0     0     0     0     0     0     0     0     0  
 364      54    70    45    46    39    51    32    63     9  72.7352     0     0     0     0     0     0     0     0     0  
 365      -6    12    -2   -40    15   -56   -26   -76   -22  72.9371     0     0     0     0     0     0     0     0     0  
 366      57    15    26    52    41    47    42    80    31  73.1391     0     0     0     0     0     0     0     0     0  
 367      25   -10    10     3   -23     5     5     1   -20  73.3411     0     0     0     0     0     0     0     0     0  
 368      33    43    50    48    68    39    23    60    51  73.5431     0     0     0     0     0     0     0     0     0  
 369      -2    -4   -14    29   -33   -35     4     1    -6   73.745     0     0     0     0     0     0     0     0     0  
 370      27    20    76    24    65    67    61    46    67  73.9471     0     0     0     0     0     0     0     0     0  
 371       0    16   -15   -19   -12   -35    16    30   -21  74.1491     0     0     0     0     0     0     0     0     0  
 372      40    37    43    55    49    37    45    30    15  74.3511     0     0     0     0     0     0     0     0     0  
 373     -17   -36     1   -20   -14   -15    -3    20    23  74.5532     0     0     0     0     0     0     0     0     0  
 374      50    84    31    31    82    77    43    34    54  74.7553     0     0     0     0     0     0     0     0     0  
 375      -3   -50   -24   -34   -11     6    11    10    15  74.9574     0     0     0     0     0     0     0     0     0  
 376      35    69    58    42    97    36    54    36    34  75.1595     0     0     0     0     0     0     0     0     0  
 377     -10   -21   -39    -6    -5    27   -19   -17   -20  75.3616     0     0     0     0     0     0     0     0     0  
 378      39    53    69    76    57    46    47    63    36  75.5636     0     0     0     0     0     0     0     0     0  
 379     -35   -12   -19     0   -22    10   -18   -28   -22  75.7657     0     0     0     0     0     0     0     0     0  
 380      78    38    65    39    15    55    69    64    54  75.9677     0     0     0     0     0     0     0     0     0  
 381     -27   -13   -11    -4   -16     5    27    21   -51  76.1697     0     0     0     0     0     0     0     0     0  
 382      42    58    49    26    59    41    53    40     4  76.3717     0     0     0     0     0     0     0     0     0  
 383       0   -16   -13   -32    -3   -28   -15     1    10  76.5737     0     0     0     0     0     0     0     0     0  
 384      24    92    64    30    43    56    90    78    35  76.7756     0     0     0     0     0     0     0     0     0  
 385      -8     0    -5    -5     1    -3    -2   -30     1  76.9776     0     0     0     0     0     0     0     0     0  
 386       9    55    34    44     9    40    35     0    48  77.1796     0     0     0     0     0     0     0     0     0  
 387     -33     8     4    -4   -31     9    -2    -4   -10  77.3815     0     0     0     0     0     0     0     0     0  
 388      43    77    58    35    18    72    28    21    33  77.5834     0     0     0     0     0     0     0     0     0  
 389      22    -4   -23    11   -60   -29   -35   -13    25  77.7854     0     0     0     0     0     0     0     0     0  
 390      28    22    38    50    44    17    88    42    31  77.9875     0     0     0     0     0     0     0     0     0  
 391       2    23     4     0   -13   -47    13   -40    35  78.1897     0     0     0     0     0     0     0     0     0  
 392      32    10    34    87    38    48    22    43     9  78.3921     0     0     0     0     0     0     0     0     0  
 393       0   -23   -51    29    -7   -33   -21     2    21  78.5949     0     0     0     0     0     0     0     0     0  
 394      17    -9    55    36    35    48    31     8    61   78.798     0     0     0     0     0     0     0     0     0  
 395     -18    -5   -46   -31   -11    22    24    -1    26  79.0011     0     0     0     0     0     0     0     0     0  
 396      49    25    32   -29    48    14    45    39    40  79.2043     0     0     0     0     0     0     0     0     0  
 397     -34   -27    11    15    -6     5     6   -18   -16  79.4075     0     0     0     0     0     0     0     0     0  
 398      59    40    53     0    56    51    59    63    14  79.6107     0     0     0     0     0     0     0     0     0  
 399     -12   -22   -22     1   -12   -33   -36   -13   -21  79.8139     0     0     0     0     0     0     0     0     0  
 400      17    78    77    53    70    51    40    24    54  80.0169     0     0     0     0     0     0     0     0     0  
 401      -9    33   -22    42    -5   -15   -12     2    -7  80.2199     0     0     0     0     0     0     0     0     0  
 402      56    51    41    28    45    47    16    32    42   80.423     0     0     0     0     0     0     0     0     0  
 403       0    -3     2   -29    -7     5    15   -40   -39  80.6259     0     0     0     0     0     0     0     0     0  
 404      57    72    59    54    23    65    58    23    64   80.829     0     0     0     0     0     0     0     0     0  
 405     -25    -9    -5   -15     5   -32     2    -5   -35  81.0322     0     0     0     0     0     0     0     0     0  
 406      40    43    56    14    24    60    12    52    26  81.2356     0     0     0     0     0     0     0     0     0  
 407      -2     7   -31    -3    23    33   -18    24   -33  81.4388     0     0     0     0     0     0     0     0     0  
 408      67    38    69    28    49    51    76    57    39   81.642     0     0     0     0     0     0     0     0     0  
 409      21   -18    23   -30    28     1    38   -20   -30  81.8454     0     0     0     0     0     0     0     0     0  
 410      76    39    56    24    58    66    26    90    33  82.0489     0     0     0     0     0     0     0     0     0  
 411       5     5    -1    27    -7    -4   -28     3   -19  82.2522     0     0     0     0     0     0     0     0     0  
 412      55    63    56    23    51    69    32    23    27  82.4554     0     0     0     0     0     0     0     0     0  
 413      18     8    39   -38    29     0     1    -8   -23  82.6587     0     0     0     0     0     0     0     0     0  
 414      28    50    40    52    -3    42    71    40    44   82.862     0     0     0     0     0     0     0     0     0  
 415       6    11    20    11     9   -29   -31    -7    29  83.0653     0     0     0     0     0     0     0     0     0  
 416      61    56    21    92    86    58    44    59    38  83.2686     0     0     0    -1     0     0     0     0     0  
 417       9   -39   -38   -25    -4   -15    25    11    33  83.4719     0     0     0     0     0     0     0     0     0  
 418      83    42    31    29    32    47    76    65    77  83.6751     0     0     0     0     0     0     0     0     0  
 419       1    -7   -15   -10   -35   -29   -63   -41   -31  83.8783     0     0     0     0     0     0     0     0     0  
 420      68    44    44    65    26    28    39    63    74  84.0813     0     0     0     0     0     0     0     0     0  
 421       0   -17    -4    -8   -36    -4    26    16     4  84.2843     0     0     0     0     0     0     0     0     0  
 422      64    35    35    25    39    66    67    59    29   84.487     0     0     0     0     0     0     0     0     0  
 423      22    -4    -7   -20   -14   -31   -26    21    20  84.6897     0     0     0     0     0     0     0     0     0  
 424      45    38    52    28    62    30    24    30    45   84.892     0     0     0     0     0     0     0     0     0  
 425      -4    -9     8    -2   -22   -47   -17    -2     0  85.0944     0     0     0     0     0     0     0     0     0  
 426      48    51    60    39    72    53    17    70   120  85.2968     0     0     0     0     0     0     0     0     0  
 427      24    19     8    13   -29   -28    31     8   -60   85.499     0     0     0     0     0     0     0     0     0  
 428      54    40    21    14    65     0    72   100    63  85.7012     0     0     0     0     0     0     0     0     1  
 429      15   -39    -9   -27   -10   -31   -34   -50   -47  85.9034     0     0     0     0     0     0     0     0     0  
 430      19    36    59    25    65    33    17    52    16  86.1055     0     0     0     0     0     0     0     0     0  
 431      24    17    19    10   -13     9   -37     3     8  86.3075     0     0     0     0     0     0     0     0     0  
 432       2    77    39    52    42    31    49    45    51  86.5094     0     0     0     0     0     0     0     0     0  
 433      10    -5   -42    14   -49    11   -21    17   -17  86.7111     0     0     0     0     0     0     0     0     0  
 434      59    33    60    62    68    51    49    72    23  86.9127     0     0     0     0     0     0     0     0     0  
 435     -31   -26     5     9    33    -5   -33    -8     8  87.1143     0     0     0     0     0     0     0     0     0  
 436      42    49    39    56    38    97    80    63    61  87.3157     0     0     0     0     0     0     0     0     0  
 437      19    13    15     4     2   -17   -28    22    13  87.5172     0     0     0     0     0     0     0     0     0  
 438      82    59    21    46    34    65    19    52    46  87.7186     0     0     0     0     0     0     0     0     0  
 439      -5    39     0    20   -22   -22   -28    -2   -25  87.9202     0     0     0     0     0     0     0     0     0  
 440      74    39    57    48    53     9    79    16    49  88.1217     0     0     0     0     0     0     0     0     0  
 441      -9   -11     8   -11     2   -18    42   -11     3  88.3234     0     0     0     0     0     0     0     0     0  
 442      45    70    37    42    49     9    67    45    64  88.5251     0     0     0     0     0     0     0     0     0  
 443      -3    -2   -27    -5    38     8    12     9    13  88.7267     0     0     0     0     0     0     0     0     0  
 444      30    42    67    41    24    78    46    58    24  88.9282     0     0     0     0     0     0     0     0     0  
 445      -8   -44    -2    21   -18   -12   -14   -43    -5  89.1298     0     0     0     0     0     0     0     0     0  
 446      24    32    55    39    41    24    41    74     6  89.3314     0     0     0     0     0     0     0     0     0  
 447     -46    -9   -12    26   -43    23   -16   -35     2  89.5331     0     0     0     0     0     0     0     0     0  
 448      43    43    65    46    33    18    38    35    24  89.7346     0     0     0     0     0     0     0     0     0  
 449      -2   -48    -6     8   -23   -43   -10    -1   -14  89.9362     0     0     0     0     0     0     0     0     0  
 450      68    39    40    44    79    30    59    49    88  90.1377     0     0     0     0     0     0     0     0     0  
 451      -6   -56   -33    26   -22     0     5   -37    13   90.339     0     0     0     0     0     0     0     0     0  
 452      59    49    61    62    59    69    70    49    50  90.5402     0     0     0     0     0     0     0     0     0  
 453      13   -13    -6    13     1   -24    -1   -48    13  90.7413     0     0     0     0     0     0     0     0     0  
 454      54     7    33    58    14    34    74    71    93  90.9424     0     0     0     0     0     0     0     0     0  
 455       1    17   -23    -6    -9   -33   -26   -27     0  91.1436     0     0     0     0     0     0     0     0     0  
 456      27    35    13    77    16    51    66    16    72  91.3449     0     0     0     0     0     0     0     0     0  
 457       1    -6    12    -5    -8    36    20   -22   -30  91.5462     0     0     0     0     0     0     0     0     0  
 458      66    10    45    36    20    20    75    70    60  91.7477     0     0     0     0     0     0     0     0     0  
 459       0   -21     2    28   -60   -31    -2    11   -12  91.9491     0     0     0     0     0     0     0     0     0  
 460      50    13    33     8    30    37    86    21    73  92.1502     0     0     0     0     0     0     0     0     0  
 461     -28   -20    -6     7    -2   -15     2   -28   -14  92.3515     0     0     0     0     0     0     0     0     0  
 462      25    88    18    40    48    52    62     1    57  92.5528     0     0     0     0     0     0     0     0     0  
 463       5   -16    -7   -12   -25    11   -15    12    37  92.7541     0     0     0     0     0     0     0     0     0  
 464      70    97    16    47    60    26    70    69    25  92.9554     0     0     0     0     0     0     0     0     0  
 465     -16    10   -36    49   -33    29   -39   -14    -4  93.1567     0     0     0     0     0     0     0     0     0  
 466      28    50    87    43    13    57   103    24    32  93.3581     0     0     0     0     0     0     0     0     0  
 467     -46    -5    -2   -11   -35    11   -28    22    21  93.5596     0     0     0     0     0     0     0     0     0  
 468      49    71    38    75    71    84    36    34    46  93.7609     0     0     0     0     0     0     0     0     0  
 469      12   -10    -9    28   -11     3   -33   -17   -39  93.9622     0     0     0     0     0     0     0     0     0  
 470      49    33    29    70    40    63    55    34    32  94.1634     0     0     0     0     0     0     0     0     0  
 471     -17     6    36    -7   -54   -18    -3     5    15  94.3647     0     0     0     0     0     0     0     0     0  
 472      52    90    -2    17    71    58    48    40    63  94.5661     0     0     0     0     0     0     0     0     0  
 473      -6   -34   -25    -6     4   -34   -14   -27     2  94.7675     0     0     0     0     0     0     0     0     0  
 474      45    73    66    23    35    44    77    36    51  94.9689     0     0     0     0     0     0     0     0     0  
 475      -9   -26   -21     5   -38     1     0   -13   -18  95.1703     0     0     0     0     0     0     0     0     0  
 476      38    79    81    35    26    62    51    79    35  95.3718     0     0     0     0     0     0     0     0     0  
 477     -42    15   -14    13     2   -19   -62   -15   -17  95.5733     0     0     0     0     0     0     0     0     0  
 478      36    -8    61    32    61    38    41    57    31  95.7749     0     0     0     0     0     0     0     0     0  
 479      -1    -3    14   -42   -28   -23   -43    -9    -4  95.9767     0     0     0     0     0     0     0     0     0  
 480      48    24    64    50    64    32    17    79    64  96.1785     0     0     0     0     0     0     0     0     0  
 481      33    17   -26   -11     2   -16   -27   -25    35  96.3805     0     0     0     0     0     0     0     0     0  
 482      48    -3     9    44    61    60    37    49    41  96.5825     0     0     0     0     0     0     0     0     0  
 483       5   -30   -30    -5    -9   -29    14    -9    -7  96.7847     0     0     0     0     0     0     0     0     0  
 484      33    46    57    13    50    74    65    61    18  96.9868     0     0     0     0     0     0     0     0     0  
 485      -2     5    25   -30   -18     6    -6    -3    27  97.1889     0     0     0     0     0     0     0     0     0  
 486      21    74    23    21    28    38    87    37    13  97.3911     0     0     0     0     0     0     0     0     0  
 487      -2   -23    -2   -44    30   -10    20     2    42  97.5935     0     0     0     0     0     0     0     0     1  
 488      51    29    33    36    66    54     5    34    41  97.7958     0     0     0     0     0     0     0     0     0  
 489      -6    24   -18     8    -3    -7    -5   -21   -11  97.9981     0     0     0     0     0     0     0     0     0  
 490      23    49    61    55     3    54    40    36    46     98.2     0     0     0     0     0     0     0     0     0  
 491      35   -18   -14    -2     9   -32    35   -12   -23  98.4016     0     0     0     0     0     0     0     0     0  
 492      46    15    55    38    45    27    30    43    57  98.6028     0     0     0     0     0     0     0     0     1  
 493     -23   -32   -12    15   -33   -37    -1   -22   -30  98.8039     0     0     0     0     0     0     0     0     0  
 494      19    47    36    46    50    83    70    65    57   99.005     0     0     0     0     0     0     0     0     1  
 495      -8     4   -30   -15    -4    -1    25    33    -8  99.2062     0     0     0     0     0     0     0     0     0  
 496      69    37    17    58    34    58    63    61    55  99.4072     0     0     0     0     0     0     0     0     1  
 497      15   -13     0     0    -4     6    -5    -6   -26  99.6081     0     0     0     0     0     0     0     0     0  
 498     -48    10   -47   -26   -25   -61   -53   -26   -25   99.809     0     0     0     0     0     0     0     0     0  
 499     -96   -89   -96   -65   -87  -103   -35   -92   -97   100.01     0     0     0     0     0     0     0     0     0  
 500     -40     4   -44    -7   -54    -4   -47   -35   -60   100.21     0     0     0     0     0     0     0     0     1  
 501     -99   -87   -84  -100   -95  -127   -70   -44   -90   100.41     0     0     0     0     0     0     0     0     0  
 502       0   -21   -42    20   -37   -51   -23    22   -63   100.61     0     0     0     0     0     0     0     0     0  
 503     -88   -46   -84   -58  -107   -65   -44   -38   -60   100.81     0     0     0     0     0     0     0     0     1  
 504      55    72    -5   111    45    77    34    60    39   101.01     0     0     0     0     0     0     0     0     0  
 505     -37    14    44   -19   -30     5   -44    -2    34  101.209     0     0     0     0     0     0     0     0     0  
 506      13    45    31    29    69    12    18    43    53  101.409     0     0     0     0     0     0     0     0     0  
 507      -3    10    10   -19   -21   -40    -1     2   -13  101.608     0     0     0     0     0     0     0     0     1  
 508      59    24    43    35     8    74    59    52    43  101.808     0     0     0     0     0     0     0     0     1  
 509     -10   -47    26   -14   -50    17   -25   -28    -4  102.007     0     0     0     0     0     0     0     0     0  
 510      39    38    55    82    23    25    44    61    21  102.207     0     0     0     0     0     0     0     0     0  
 511      -8   -28   -14   -27   -12   -34     2    44    -2  102.406     0     0     0     0     0     0     0     0     1  
 512     -17   -21   -28   -21   -42    24   -13   -30    -9  102.606     0     0     0     0     0     0     0     0     1  
 513      27   -12   -33    -3   -12   -59   -21    -3   -26  102.805     0     0     0     0     0     0     0     0     1  
 514     -30   -47   -32   -26   -25   -25   -36   -57   -46  103.004     0     0     1     0     0     0     0     0     1  
 515      -7   -18   -12   -29   -35   -17   -40    -3   -26  103.204     0     0     0     0     0     0     0     0     1  
 516     -24   -53   -41   -52   -35   -22   -39    -5   -32  103.403     0     0     0     0     0     0     0     0     1  
 517      35   -15    32   -45    -4   -31   -20   -40   -47  103.603     0     0     0     0     0     0     0     0     1  
 518      11   -51   -15   -35     0   -15   -23   -21   -43  103.802     0     0     0     0     0     0     0     0     1  
 519     -42   -26   -31   -34   -20   -34   -39   -27   -51  104.002     0     0     0     0     0     0     0     0     1  
 520      -6   -26   -22   -51   -35   -43   -24   -17   -33  104.202     0     0     0     0     0     0     0     0     1  
 521     -39   -42   -59    15     1     4   -44   -21    27  104.402     0     0     0     0     0     0     0     0     1  
 522     -33     2   -13   -40   -22    -2     1   -54   -35  104.602     0     0     0     0     0     0     0     0     1  
 523     -33    -8     6   -30   -52   -38   -33   -45   -28  104.803     0     0     0     0     0     0     0     0     1  
 524     -25   -32   -32    -9    12   -68   -13   -37   -19  105.004     0     0     0     0     0     0     0     0     1  
 525       0   -44   -14    20    15   -40    -6    -9   -13  105.204     0     0     0     0     0     0     0     0     1  
 526     -30   -14   -12   -45   -32     3   -17   -50   -33  105.405     0     0     0     0     0     0     0     0     1  
 527     -48   -33   -14    17   -16     0   -28   -47   -42  105.606     0     0     0     0     0     0     0     0     1  
 528     -30    24   -14   -19   -38   -34    -9    15   -26  105.807     0     0     0     0     0     0     0     0     1  
 529      -5    -6   -29     1    20   -24   -22   -22   -24  106.007     0     0     0     0     0     0     0     0     1  
 530      14     1   -11   -27   -42     0   -15    -7   -57  106.208     0     0     0     0     0     0     0     0     1  
 531     -13   -12    -9   -18   -21   -26   -29   -31   -15  106.409     0     0     0     0     0     0     0     0     1  
 532     -36   -37    -6   -50   -27    22     4    -6   -40  106.611     0     0     0     0     0     0     0     0     1  
 533     -27   -22     1   -26   -35   -69   -37    -7   -29  106.812     0     0     0     0     0     0     0     0     1  
 534     -29   -34    10   -15     0    13   -50   -28   -49  107.013     0     0     0     0     0     0     0     0     1  
 535      14   -49   -14     5    11   -53   -31    -9   -11  107.215     0     0     0     0     0     0     0     0     1  
 536     -13    -7   -58     5   -25    17     8   -31   -18  107.416     0     0     0     0     0     0     0     0     1  
 537     -37     8   -17   -40    23   -37   -41    -4   -19  107.618     0     0     0     0     1     0     0     0     1  
 538     -14   -40    12   -15    -5   -13   -20   -15   -21   107.82     0     0     0     0     0     0     0     0     1  
 539      -2     9   -17     5   -31   -20    -9     1   -28  108.021     0     0     0     0     0     0     0     0     1  
 540     -36     7   -45    24    -8   -35     8   -55   -14  108.223     0     0     0     0     0     0     0     0     1  
 541     -34   -16    -8     3   -42   -12    -4   -29   -30  108.424     0     1     0     0     0     0     0     0     1  
 542     -15    -5     4   -42    13   -21   -46     2    -6  108.626     0     0     0     0     0     0     0     0     1  
 543     -35   -45   -38    -8   -26    -6     9     1   -16  108.827     0     0     0     1     0     0     0     0     1  
 544     -40   -16   -16   -37   -27    14   -20   -13   -34  109.029     0     0     0     0     0     0     0     0     1  
 545     -45    -8   -56   -10   -27    -4    -9    -7   -31  109.231     0     0     0     0     0     0     0     0     1  
 546     -45   -28   -15   -36   -26    25     3    -5   -39  109.432     0     0     0     0     0     0     0     0     1  
 547      14   -36   -32    -3    -5   -31   -24    -6   -60  109.634     0     0     0     0     0     0     0     0     1  
 548      -6     2   -15   -19    -2    -6    18     0    -1  109.836     0     0     0     0     0     0     0     0     1  
 549      -1   -38    23    -8    11   -17   -15   -37   -19  110.037     0     0     0     0     0     0     0     0     1  
 550     -30   -36   -20   -25   -25   -14   -24   -31   -38  110.239     0     0     0     0     0     0     0     0     1  
 551     -21   -14   -13     3   -19   -28    35   -19   -32  110.441     1     0     0     0     0     0     0     0     1  
 552     -19    10    -9   -31     3   -16   -13   -10   -15  110.644     0     0     0     0     0     0     0     0     1  
 553     -34   -30     7   -66   -23   -38   -38   -39   -32  110.846     0     0     0     0     0     0     0     1     1  
 554     -11   -29   -26    -4   -39     7   -35     7    11  111.048     0     0     0     0     0     0     0     0     1  
 555      10   -12   -10   -12   -12     0    -5     0   -28   111.25     0     0     0     0     0     0     0     0     1  
 556       2   -17   -37   -22   -35   -18   -38   -17   -32  111.453     0     0     0     0     0     0     0     0     1  
 557      17     1   -27   -57   -40     5     3   -33   -12  111.655     0     0     0     0     0     0     0     0     1  
 558     -40     9   -34    -8    10   -10   -16    19   -14  111.857     0     0     0     0     0     0     0     0     1  
 559      -6   -45     6   -27   -22    10    21   -24   -10  112.059     0     0     0     0     0     0     0     0     1  
 560     -20    -9   -12   -44   -26   -23    -2   -25   -37  112.262     0     0     0     0     0     0     0     0     1  
 561     -45   -45   -34   -12    -5   -16   -34   -19   -34  112.464     0     0     0     0     0     0     0     0     1  
 562      12   -13   -32   -18   -25    36    -2    -2   -16  112.666     0     0     0     0     0     0     0     0     1  
 563     -17   -27   -16   -12   -17   -47    11    26   -11  112.869     0     0     0     1     0     0     0     0     1  
 564     -30   -48   -43     3    -3   -18   -48    -6   -54  113.071     0     0     0     0     0     0     0     0     1  
 565     -27   -27   -16   -18   -44     8   -25   -38    15  113.274     0     0     0     0     0     0     0     0     1  
 566     -31   -27   -19   -10    -2   -12   -10   -25   -22  113.476     0     0     0     0     0     0     0     0     1  
 567      -4   -28   -53   -37    22    -1   -36   -34    -4  113.678     0     0     0     0     0     0     0     0     1  
 568     -31    16    -2   -16   -23     3    15   -11   -34  113.881     0     0     0     0     0     0     0     0     1  
 569     -31   -18   -39    10    -5   -49     3   -16    29  114.084     0     0     0     0     0     0     0     0     1  
 570     -25   -30   -49   -12    17    -1   -14   -23   -36  114.286     0     0     0     0     0     0     0     0     1  
 571      17   -10   -31   -51   -44     2   -34    -3   -39  114.489     0     0     0     0     0     0     0     0     1  
 572       6   -21   -10   -11   -25    31   -10   -32   -48  114.691     0     0     0     0     0     0     0     0     1  
 573     -13   -23   -24   -60   -24    34   -22   -36   -23  114.893     0     0     0     0     0     0     0     0     0  
 574       0   -15   -19   -20   -22   -34    20   -26    -2  115.096     0     0     0     0     0     0     0     0     1  
 575     -33   -15    17   -22    11   -31     9   -13   -54  115.298     0     0     0     0     0     0     0     0     1  
 576     -55   -48   -34     0   -28   -31   -21   -20   -60    115.5     0     0     1     0     0     0     0     0     1  
 577     -39   -27   -51   -10    10   -33    -6     6     7  115.702     0     0     0     0     0     0     0     0     1  
 578     -16   -48   -28   -23   -37    17   -22    -4   -54  115.904     1     0     0     0     0     0     0     0     1  
 579     -83   -18    -5   -33   -57     1   -12   -17   -38  116.106     0     0     0     0     0     0     0     0     1  
 580     -46   -38    -6     5   -43    24   -36   -27   -30  116.308     0     0     0     0     0     0     0     0     1  
 581     -37   -32   -39     1    -4     1    -8   -14    -7  116.509     0     0     0     0     0     0     0     0     1  
 582       1   -25   -23   -15    17   -40     7   -13     6  116.711     0     0     0     0     0     0     0     0     1  
 583     -10   -22   -23   -36   -41     0   -20    -8   -10  116.913     0     0     0     0     0     0     0     0     1  
 584     -42   -14    32   -26   -12    25   -35    -2    -2  117.114     0     0     0     0     0     0     0     0     1  
 585      -4    23   -42   -19   -22   -22   -31   -52    -4  117.316     0     0     0     1     0     0     0     0     1  
 586     -27    27    -7   -11   -16   -10    11   -14    -8  117.518     0     0     0     0     0     0     0     0     1  
 587     -49   -42    -3   -24   -12   -43     6   -32   -28  117.719     0     0     0     0     0     0     0     0     1  
 588     -67    -8   -31   -41    -6     2    -4   -21   -12  117.921     0     0     0     0     0     0     0     0     1  
 589     -17    -7   -32    -8   -21   -13   -15   -32   -13  118.123     0     0     0     0     0     0     0     0     1  
 590       7    -6    -4   -35    20   -10    20    38   -30  118.325     0     0     0     0     0     0     0     0     1  
 591     -11   -24   -25     7   -56   -56   -29   -22    -9  118.528     0     0     0     0     0     0     0     0     1  
 592       7   -15   -23   -30   -18   -25   -10   -17   -24   118.73     0     0     0     0     0     0     1     0     1  
 593     -42    10   -20     5    -5    -3   -37   -64   -10  118.932     0     0     0     0     0     0     0     0     1  
 594      13   -48    -8     0   -38     0    25    -9    -5  119.135     0     0     0     0     0     0     0     0     1  
 595     -43   -39   -14   -16   -33   -29   -39   -15   -20  119.337     0     0     0     0     0     0     0     0     1  
 596     -18    -4    11     7   -39   -67    18   -27   -23  119.539     0     0     0     0     0     0     0     0     1  
 597       2    -8   -40   -43   -42    -6   -28   -44   -12  119.742     0     1     0     0     0     0     0     0     1  
 598     -14     1    21   -24   -21    12   -10   -20    -5  119.944     0     0     0     0     0     0     0     0     1  
 599     -12   -60   -17   -57     4     6   -16   -44   -47  120.147     0     0     0     0     0     0     0     0     1  
 600      -6   -18    37   -21   -43    -8   -11    15    22  120.349     0     1     0     0     0     0     0     0     1  
 601     -33   -23   -12   -26   -58   -40   -14   -54   -16  120.552     0     0     0     0     0     0     0     0     1  
 602     -36   -21   -28    16    10    20     6    15   -28  120.755     0     0     0     0     0     0     0     0     1  
 603     -14    -6    -1    12     2   -31   -12   -11   -32  120.958     0     0     0     0     0     0     0     0     1  
 604     -22    -7   -16   -37   -30   -49   -34   -36    10  121.161     0     0     0     0     0     0     0     0     1  
 605      -4    -6     6    -8   -24     5   -20    12    17  121.364     0     0     0     0     0     0     0     0     1  
 606     -19     9   -59   -39   -24    11   -41   -15     0  121.567     0     0     0     0     0     0     0     0     1  
 607      -4   -29   -10    -9   -14    -7   -34   -11   -45   121.77     0     0     0     0     0     0     0     0     1  
 608     -30   -11   -48   -23    -4   -58   -13   -20   -37  121.973     0     0     0     0     0     0     0     0     1  
 609     -10   -46     0   -16    -8    -4   -36   -37    20  122.176     0     0     0     0     0     0     0     0     1  
 610       8   -19   -23     0   -27   -57   -21   -31   -55  122.378     0     1     0     0     0     0     0     0     1  
 611     -26   -45     1   -38   -20   -10   -38   -52   -16  122.581     0     0     0     0     0     0     0     0     1  
 612     -24   -37   -34   -19    22   -43   -32   -39    -7  122.784     0     0     0     0     0     0     0     0     1  
 613      -9   -36   -40    -9   -29   -54   -22   -40     4  122.987     0     0     0     0     0     0     0     0     1  
 614     -56    10     7     8     4     9   -35   -18    -7  123.189     0     0     0     0     0     0     0     0     0  
 615     -13     8   -24    -3   -15    -8   -14    -4   -25  123.392     0     0     0     0     0     0     0     0     1  
 616     -15    19   -20   -21     9    -5   -20   -42    23  123.595     0     0     0     0     0     0     0     0     1  
 617     -49    31   -15    -7     1   -26     3    -2   -23  123.798     0     0     0     0     0     0     0     0     1  
 618     -18    27    19   -53   -41    -8   -28   -20    -9      124     0     0     0     0     0     0     0     0     1  
 619     -62   -31    -4   -14   -50     4   -24   -35     5  124.203     0     0     0     0     0     0     0     0     1  
 620     -45   -20   -14   -12   -14   -44   -44    17   -41  124.405     0     0     0     0     0     0     1     0     1  
 621     -58   -30   -12   -14   -35   -53   -66   -18   -68  124.608     0     0     0     0     0     0     0     0     1  
 622     -43    16   -14   -19     3    -5     0   -24    -7   124.81     0     0     0     0     0     0     0     0     1  
 623      -9   -18   -23   -22   -27   -15   -38    -9   -15  125.012     0     0     0     0     0     0     0     0     1  
 624     -58     3     5   -54   -14   -14    13    10   -14  125.214     1     0     0     0     0     0     0     0     1  
 625     -13    44   -12   -28     7   -43   -37     1   -21  125.416     0     0     0     0     0     0     0     0     1  
 626      -2   -39   -30    16    33   -10   -22   -26   -28  125.619     0     0     0     0     0     0     0     0     1  
 627      -1   -49    -9    10   -20   -45   -45    -4   -24  125.821     0     0     0     0     0     0     0     0     1  
 628     -17    19    -8   -32   -50   -33    -3    -9   -28  126.023     0     0     0     0     0     0     0     0     1  
 629     -26   -16   -19   -27   -23   -46    10   -57   -24  126.226     0     0     0     0     0     0     0     0     1  
 630      -4     0   -26   -32     7   -55     0   -24   -71  126.428     0     0     0     0     0     0     0     0     1  
 631      -5    -3   -16   -25   -25     0   -16     9   -42   126.63     0     0     0     0     0     0     0     0     1  
 632     -14     0   -15     1   -24   -25    13    -8    13  126.832     0     0     0     0     0     0     0     0     1  
 633     -12   -11   -28   -19   -22   -43    34   -22    25  127.034     0     0     0     0     0     0     0     0     1  
 634     -50   -24   -43   -33   -22     9     1    22    -7  127.236     0     0     0     0     0     0     0     0     1  
 635     -14   -12    10     1   -21   -32     4   -27   -15  127.438     0     0     0     0     0     0     0     0     1  
 636      -8     3    -4   -18   -11   -14    17   -13   -26   127.64     0     0     0     0     0     0     0     0     1  
 637     -27   -41   -14   -11   -24   -19   -24   -44   -21  127.843     0     0     0     0     0     0     0     0     1  
 638      -7   -28   -37   -37   -14   -12   -27   -50     0  128.045     0     0     0     0     0     0     0     0     1  
 639      -2     2    25   -50   -38   -33    -1     0    14  128.247     0     0     0     0     0     0     0     0     1  
 640      -6    19    -5   -46   -26    10   -38    -6   -35   128.45     0     0     0     0     0     0     0     0     1  
 641      -2   -27   -13    -3    18   -49   -20   -13   -26  128.652     0     0     0     0     0     0     0     0     1  
 642     -67   -10    -4   -14    -2    -2   -17   -22   -28  128.855     0     0     0     0     0     0     0     0     0  
 643       5   -20   -20   -38   -45     8    -4   -14   -30  129.058     0     0     0     0     0     0     0     0     0  
 644       5   -11   -23   -51   -31   -43   -33    -5   -20   129.26     0     0     0     0     0     0     0     0     0  
 645     -27   -17   -22   -36   -25   -71   -38   -30   -23  129.463     0     1     0     0     0     0     0     0     1  
 646     -41    10    -4    -8   -14    -9   -55   -41    13  129.665     0     0     0     0     0     0     1     0     0  
 647     -29    -2    24   -43   -41   -23    12    22     2  129.868     0     0     0     0     0     0     0     0     1  
 648     -22   -35     9   -17     3   -40   -22   -56   -21  130.071     0     0     0     0     0     0     0     0     0  
 649     -32    -9   -19   -60   -20   -32    -4    -8    10  130.274     0     0     0     0     0     0     0     0     1  
 650     -14   -17     0   -49    -2    31   -20     3    18  130.476     0     0     0     0     0     0     0     0     1  
 651       2    -9   -22   -29   -34     6   -12   -21    -6  130.679     0     0     0     0     0     0     0     0     1  
 652     -22   -81   -45   -20     8    14    -9     3   -32  130.882     0     0     0     0     0     0     0     0     1  
 653     -40   -51   -24   -61   -39   -15   -47    -2   -36  131.084     0     0     0     1     1     0     0     0     1  
 654     -26   -36     8   -20   -14   -30    -7   -17   -18  131.287     0     0     0     0     0     0     0     1     1  
 655     -18     6    -5   -24    -2   -50     3   -37   -47  131.489     1     0     0     0     0     1     0     1     1  
 656     -50     3   -14   -10    -9   -25     9   -13    24  131.692     1     0     0     0     0     0     0     0     1  
 657     -55    11     8   -41   -17   -21   -24    -6    22  131.894     0     0     0     1     1     0     0     0     1  
 658     -12   -35   -10    21   -37     3     0    -6   -13  132.097     0     0     1     1     0     0     1     1     1  
 659     -25   -20   -20    -2    -5    -7    -5   -21    -5  132.299     0     1     1     0     0     0     1     1     1  
 660       1    -6   -24   -29     4   -10   -20   -10     0  132.501     0     0     1     0     0     1     0     0     1  
 661     -32   -24   -47   -32   -13   -34   -34     6    -4  132.703     1     0     1     1     1     1     0     1     1  
 662     -39   -27   -35   -28    17   -39    -3    22     8  132.905     1     0     1     1     1     1     1     1     1  
 663     -32    -5   -53    -1    24   -11   -40   -20     6  133.107     1     1     1     1     0     1     0     1     1  
 664     -46    10   -13   -19    -4   -23    42   -31   -15  133.308     1     0     1     0     1     0     1     1     1  
 665     -13    15   -12    26    21   -33     9   -33   -49   133.51     0     0     1     0     1     0     1     1     1  
 666       2    -6   -34    -5   -22    22     2    24   -31  133.711     1     0     0     0     1     0     0     1     1  
 667     -14   -33     4   -16   -61    33   -32    22    -3  133.912     1     1     1     1     1     0     1     0     1  
 668      12    -2   -15     5   -20   -38   -43     9    -8  134.114     0     0     1     0     0     0     0     0     1  
 669     -16   -12    -5   -25   -17    -5     7   -30   -27  134.315     1     1     0     0     0     0     1     1     1  
 670     -34    21    -1    37    -9   -24     3   -45   -14  134.516     0     1     1     1     0     1     1     1     1  
 671     -37   -28   -37   -31   -26    -6   -11   -42   -16  134.717     1     1     1     0     0     1     1     1     1  
 672       6    11   -30    13   -30   -38   -29     6   -37  134.919     1     1     1     0     0     0     0     0     1  
 673     -40    -4   -18   -40   -22     0    -9   -16    24   135.12     1     1     1     0     1     1     0     1     1  
 674     -19    25   -11   -23   -34    -5   -41    14   -36  135.321     1     1     1     1     0     0     1     1     1  
 675     -10   -33   -22   -17   -10   -31   -16    -4   -32  135.522     0     1     1     1     0     1     0     1     1  
 676     -46     0   -39   -48   -39   -14   -37    -8    -5  135.723     1     1     1     1     0     0     1     1     1  
 677     -30    14   -26    29   -53     6   -31   -56   -31  135.925     1     1     0     1     1     1     1     1     1  
 678       2     3   -37   -18    -8    -3    -9   -21   -46  136.126     1     1     1     1     0     1     1     1     1  
 679      -8   -27    -5   -45     2   -38    -3   -32   -19  136.327     0     1     1     1     1     1     0     0     1  
 680     -10   -14   -33    -8   -54   -33    -4    -2   -14  136.529     1     1     1     1     1     1     1     1     1  
 681      22   -13   -27   -43   -43    -4   -43   -27   -16   136.73     1     1     1     1     0     1     1     1     1  
 682      12   -41     2   -46   -29   -23   -14   -14   -26  136.931     1     1     1     1     1     1     1     1     2  
 683       8   -22   -13   -31   -14   -10   -12   -19   -29  137.132     1     1     1     1     1     1     1     1     1  
 684     -16   -23   -12   -18   -36    -5   -19    -9    22  137.332     1     1     1     1     1     1     1     1     1  
 685      -8    -2   -38   -16   -47    17    -7    33    -5  137.533     1     1     1     1     1     1     1     1     1  
 686     -43    -6   -13   -12    -6     6    21   -15   -53  137.733     1     1     1     1     1     1     1     1     1  
 687       0    -3   -41   -22   -32   -20    -7   -30   -38  137.934     1     1     1     1     1     1     1     1     1  
 688       3   -18   -41   -13   -13     4   -12   -32     0  138.134     1     1     1     1     1     1     1     1     1  
 689     -15   -45    -4   -27   -48   -13   -16     9    27  138.334     1     1     1     1     1     1     1     1     1  
 690       0     3   -22   -30     8   -18   -41    11   -38  138.534     1     1     1     1     1     1     1     1     1  
 691      17    17   -32   -14   -25     8   -15   -32   -15  138.734     1     1     1     1     1     1     1     1     1  
 692     -11    -2     4   -11   -33   -23   -34   -11   -36  138.934     1     1     1     1     1     1     1     1     1  
 693      -7   -22    20     7   -37   -11     8   -38   -41  139.134     1     1     1     1     1     1     1     1     1  
 694      -5   -34   -25     9    25    -8   -23   -31   -24  139.334     1     1     1     1     1     1     1     1     2  
 695     -22    31   -29   -65    14    19   -19   -41   -37  139.534     1     1     1     1     1     1     1     1     1  
 696     -57    14    -2    -5     1   -14   -25     7   -74  139.734     1     1     1     1     1     1     1     1     1  
 697     -31     9   -12     4   -27   -38   -18   -19   -40  139.933     1     1     1     1     1     1     1     1     1  
 698     -16   -32    -8   -28   -25   -13    -9   -25   -63  140.133     1     1     1     1     1     1     1     1     1  
 699     -15   -15   -45   -17   -12    -9   -50    27   -16  140.332     1     1     1     1     1     1     1     1     1  
 700       5   -12   -17    -8   -31    18     2   -33   -26  140.532     1     1     1     1     1     1     1     1     2  
 701     -29   -21   -20   -24   -49     3   -32   -22    -8  140.731     1     1     1     1     1     1     1     1     1  
 702     -11   -48    25     6   -17   -10    -9   -22   -22   140.93     1     1     1     1     1     1     1     1     1  
 703      20    18   -45     8   -12     1   -25   -36   -14   141.13     1     1     1     1     1     1     1     1     1  
 704     -34   -16   -16     8   -53   -39   -23   -10    -4  141.329     1     1     1     1     1     1     1     1     1  
 705     -32    -8    -6     3     1   -17   -40    -8   -23  141.529     1     1     1     1     1     1     1     1     1  
 706      -8   -20   -33   -28   -19     0    15   -16     9  141.728     1     1     1     1     1     1     1     1     1  
 707     -42    -9     7    -7    -8   -26    -1   -53   -48  141.928     1     1     1     1     1     1     1     1     1  
 708     -20   -18   -17   -10   -22   -42    19   -39   -23  142.128     1     1     1     1     1     1     1     1     1  
 709      -8   -10   -22     1   -34   -19   -43   -16    11  142.327     1     1     1     1     1     1     1     1     1  
 710     -13     4   -18    -2    -9    -7   -45   -54   -21  142.527     1     1     1     1     1     1     1     1     1  
 711      -5    15   -22   -48    -2   -10   -36   -21   -50  142.727     1     1     1     1     1     1     1     1     1  
 712     -39   -15     5   -28    16     3   -38   -57   -18  142.926     1     1     1     3     1     1     1     1     1  
 713     -25     3    -4   -19   -24   -19    16   -29   -46  143.126     1     1     1     1     1     1     1     1     1  
 714     -26   -37   -41   -19    -2   -16   -36    38    -3  143.325     1     1     1     1     1     1     1     1     1  
 715      -8    13     0     0   -27    13    -7   -18     6  143.525     1     1     1     1     1     1     1     1     1  
 716     -20   -17   -12   -25   -25   -58   -10   -20    -2  143.725     1     1     1     1     1     1     1     1     1  
 717      -7   -38   -59   -58    14    -9   -13   -38     3  143.924     1     1     1     1     1     1     1     1     1  
 718     -11   -44   -17    -7    17    -8   -10   -30   -45  144.124     1     1     1     1     1     1     1     1     1  
 719      12   -20    -3   -13   -20     9   -35   -19   -39  144.323     1     1     1     1     1     1     1     1     1  
 720     -29    -2    -4     0   -19    -8   -40     6   -67  144.523     1     1     1     1     1     1     1     1     1  
 721     -44   -36    41   -14   -31   -15   -37    24    30  144.723     1     1     1     1     1     1     1     1     1  
 722     -34   -20   -70   -36   -21    -9   -31   -19   -12  144.923     1     1     1     1     1     1     1     1     1  
 723     -37   -19   -43   -14    -1   -18   -50   -59   -27  145.122     1     1     1     1     1     1     1     1     1  
 724     -40   -20   -15    -3   -11     6   -45   -11    15  145.322     1     1     1     1     1     1     1     1     1  
 725      52   -41   -57   -22   -34   -34     1     7    -8  145.522     1     1     1     1     1     1     1     1     1  
 726      13   -32     6   -18   -24   -66    14     4   -62  145.721     1     1     1     1     1     1     1     1     1  
 727       6    30    10   -60   -13   -26   -32   -23   -46  145.921     1     1     1     1     1     1     1     1     1  
 728     -28    20     7   -23   -21     6   -22   -69   -42   146.12     1     1     1     1     1     1     1     1     2  
 729     -15    -9   -25    -7    -3   -17     7   -30   -37   146.32     1     1     1     1     1     1     1     1     1  
 730     -34   -33     6     6   -25   -19   -30    11    -5   146.52     1     1     1     1     1     1     1     1     1  
 731       0   -22   -15   -60   -41   -25   -22   -21     0  146.719     1     1     1     1     1     1     1     1     1  
 732     -27     0   -23   -41    -7   -44   -29   -22   -24  146.919     1     1     1     1     1     1     1     1     1  
 733     -62   -53     7   -22   -45   -37     3   -28   -23  147.119     1     1     1     1     1     1     1     1     1  
 734       4    -8   -21    -5   -18    -6   -12     3   -83  147.318     1     1     1     1     1     1     1     1     1  
 735     -17   -15   -37   -48    -3   -44     2    27    -3  147.518     1     1     1     1     1     1     1     1     1  
 736       6   -23   -10   -37   -35    -9   -18   -51   -25  147.717     1     1     1     1     1     1     1     1     2  
 737     -33   -27   -37   -21   -24   -22   -15     0   -21  147.917     1     1     1     1     1     1     1     1     1  
 738     -17   -25   -33   -35   -53   -31   -22   -24    -9  148.116     1     1     1     1     1     1     1     1     1  
 739     -35   -21   -23   -13   -12    -8     0    -8   -36  148.315     1     1     1     1     1     1     1     1     1  
 740      -6   -27   -14    26    -3   -22     1    10     6  148.514     1     1     1     1     1     1     1     1     1  
 741     -12   -45   -30    -2   -21    23   -32   -15   -25  148.714     1     1     1     1     1     1     1     1     1  
 742     -17     2   -26   -13   -37    26    -5   -39     7  148.913     1     1     1     1     1     1     1     1     1  
 743      -4   -18   -18   -31    -8   -44   -10     3     2  149.112     1     1     1     1     1     1     1     1     1  
 744     -28    -7   -21   -46    16   -18    25    44   -14  149.311     1     1     1     1     1     1     1     1     1  
 745      -5   -48   -13    -1    16   -39   -38   -38   -35  149.511     1     1     1     1     1     1     1     1     1  
 746     -83   -42    29   -23     4     8    29    -7   -44   149.71     1     1     1     1     1     1     1     1     1  
 747     -42   -35   -26   -28     1    -8   -28     7   -32  149.909     1     1     1     1     1     1     1     1     1  
 748      -2   -24   -34     1   -25   -14   -41    -9    29  150.108     1     1     1     1     1     1     1     1     1  
 749      -4   -41   -23   -39   -16   -34   -27   -13    -8  150.307     1     1     1     1     1     1     1     1     1  
 750     -31    10   -20   -58   -25     6   -12   -42   -56  150.506     1     1     1     1     1     1     1     1     1  
 751     -53   -32   -30    11    18    17   -15   -12   -42  150.705     1     1     1     1     1     1     1     1     2  
 752     -20    16     6    32   -52   -10   -11   -56    -7  150.903     1     1     1     1     1     1     1     1     1  
 753      -2    -9    22   -35   -34   -24     3   -12   -11  151.102     1     1     1     1     1     1     1     1     1  
 754     -26   -48     1     7   -33   -11   -32   -46   -11  151.301     1     1     1     3     1     1     1     1     2  
 755      21     2   -11    -9    -9   -27    19   -11   -45    151.5     1     1     1     2     1     1     1     1     1  
 756     -28     3    -7    -8    13   -45   -32    -3   -48  151.699     1     1     1     1     1     1     1     1     1  
 757      -3   -21   -24   -20   -34     9    15   -35   -24  151.898     0     1     1     1     1     1     1     1     1  
 758       2   -13   -16    -5   -42    24   -11     3   -25  152.097     1     1     0     1     1     1     1     1     1  
 759       2     4   -35   -49   -43   -12   -22    -8   -46  152.296     1     1     1     1     1     1     1     1     1  
 760     -26    -7    10   -32    13    -9   -13   -27   -17  152.496     1     1     1     1     1     1     1     1     1  
 761      14    14    -9    17   -12   -32   -39   -25   -12  152.695     1     1     1     1     1     1     2     1     2  
 762     -46   -25   -26     1   -37   -37    15   -67   -27  152.895     1     1     1     1     1     1     1     1     1  
 763     -24     1   -46     8   -13    -8     0   -32   -12  153.095     1     1     1     0     1     1     1     1     1  
 764     -38   -28     8    -6   -15    10   -38    -5     8  153.295     1     1     1     1     1     1     1     1     1  
 765     -35   -30   -24   -25   -21   -13   -16   -43    -4  153.495     1     1     1     1     1     1     1     1     1  
 766     -18    16    12     2   -46   -51   -28    -1   -28  153.695     1     1     1     1     0     1     1     1     1  
 767      10   -22    -5   -47    39   -60    -7    -3   -13  153.895     1     1     1     1     1     1     1     1     1  
 768     -73   -13   -32     7   -30   -22    -7   -11   -42  154.094     1     1     1     1     1     1     1     1     2  
 769     -17   -36   -36   -11   -40   -12   -80   -39    -2  154.294     1     1     1     1     1     1     1     1     2  
 770      -1   -25   -32   -10     2   -41   -17    -8    -3  154.494     1     1     1     1     1     1     1     1     1  
 771      -4   -26     0   -12     1   -14   -14    -9   -27  154.694     1     1     1     1     1     1     1     1     1  
 772       3   -34   -28   -18   -25   -16   -29   -22   -24  154.894     1     1     1     1     1     1     1     1     1  
 773     -37   -10   -23   -36   -21   -18     8   -27   -33  155.093     1     1     1     1     1     1     1     1     1  
 774       0   -46   -31     5    -8    15   -49   -20   -36  155.293     1     1     1     1     1     1     1     1     1  
 775     -35   -11    -1    40   -52   -41   -20   -15   -34  155.493     1     1     1     1     1     1     1     1     1  
 776     -36   -25    -9    -3   -11   -57   -21   -20   -21  155.693     1     1     1     1     1     1     1     1     2  
 777     -15   -37     2    17   -30     0   -11    -9    15  155.893     1     1     1     1     1     1     1     1     1  
 778     -11   -28   -12     0   -23   -39   -20     2    -3  156.092     1     1     1     1     1     0     1     1     1  
 779       6    -8     3    22   -27    21    24    -8   -45  156.292     1     1     1     1     1     0     1     1     1  
 780       5   -39     1   -38   -26   -49   -24    10    -8  156.491     1     1     1     1     1     1     1     1     1  
 781      -4   -12   -55   -27   -16   -18    -7   -12   -32   156.69     1     1     1     1     1     1     1     1     1  
 782     -23   -11    -5   -41     4   -17   -11   -39     8   156.89     1     1     1     1     1     1     0     1     1  
 783      -7    27    30     6   -11   -50   -22    -4   -26  157.089     2     1     1     1     1     1     1     1     1  
 784       5   -44   -56   -14   -41   -30   -21   -25    20  157.289     1     1     1     1     1     1     1     1     1  
 785     -30   -41    -7   -19   -37     7   -16     2    29  157.488     1     1     1     1     1     1     1     1     1  
 786     -31   -40    18    13    -5   -31    11   -21   -90  157.688     1     1     1     1     1     1     1     1     1  
 787     -40   -26   -29   -28   -26    -9   -41   -19   -27  157.887     1     1     1     1     1     1     1     1     1  
 788     -67     9    -5   -28    -7   -32     2    -5    -5  158.087     1     1     1     1     1     1     1     1     1  
 789      -8     0   -59     0   -20   -18   -11   -14    -6  158.286     1     1     1     1     1     1     1     1     1  
 790       7   -18   -76    14   -38    -6     7   -34   -61  158.486     1     1     1     1     1     1     1     1     1  
 791      27   -22   -12     5   -12   -36   -29   -31    16  158.685     1     1     1     1     1     1     1     1     1  
 792     -16    10    21   -35   -11   -29   -24    -9   -38  158.884     1     1     1     1     1     1     1     1     1  
 793      32    16   -36   -12     6   -38    14   -55     9  159.084     1     1     1     1     1     1     1     1     1  
 794       1   -30   -14   -21    -3   -24   -38    20     5  159.283     1     1     1     1     1     1     1     1     1  
 795     -17   -42   -29   -22   -23     9   -15     1   -30  159.482     1     1     1     1     1     1     1     1     1  
 796     -11    -6   -40   -17   -16   -13   -29   -24    -7  159.681     1     1     1     1     1     1     1     1     1  
 797     -29   -26   -27     0    14   -52   -40   -79    28   159.88     1     1     1     1     1     1     1     1     1  
 798      -9     4   -22    14    -6   -16   -35   -18   -77  160.079     1     1     1     1     1     1     1     1     1  
 799      -7    -6   -21     6    13   -29   -26   -11   -18  160.279     1     1     1     1     1     1     1     1     1  
 800       0   -26   -11   -46   -19    19   -10   -11    -5  160.478     1     1     1     1     1     1     1     1     1  
 801     -29   -15    30   -51   -31   -57    -2   -49    -9  160.677     1     1     1     1     1     1     0     1     1  
 802     -23     7   -56     7   -13   -15   -39    -4   -16  160.876     1     1     1     1     1     1     1     1     2  
 803     -37   -42     1    -1   -34     0    -9   -15   -36  161.075     1     1     1     1     1     1     1     1     1  
 804      14   -37   -53    11   -10     3    17   -33   -12  161.275     1     1     1     1     1     1     1     1     2  
 805     -26   -25    -3   -23   -20   -17     2   -22    12  161.474     1     1     1     1     1     1     1     1     2  
 806     -11    -3   -71   -12    -7   -11    -1   -18   -32  161.673     1     1     1     1     1     1     1     1     2  
 807      -7   -19   -14   -41   -20   -39    -8   -41   -35  161.872     1     1     1     1     1     1     1     1     1  
 808      -7   -33     0   -43    -7     6   -17   -10   -31  162.071     1     1     1     1     1     1     1     1     1  
 809     -19   -29    12    -2   -16   -44     8    22   -11   162.27     1     1     1     1     1     1     1     1     1  
 810      -1   -24   -28   -28    10    16   -21    10   -30   162.47     1     1     1     1     1     1     1     1     1  
 811     -70   -20   -57    -6   -14   -31   -11   -14   -11  162.669     1     1     1     1     1     1     1     1     1  
 812     -18   -28    -3   -37   -37    -4    -9     5     5  162.868     1     1     1     1     1     1     1     1     1  
 813     -24   -15    -5   -19   -11   -25     1    18   -52  163.067     1     1     1     1     1     1     1     1     1  
 814     -21   -19     8    16   -21   -24    11     6   -14  163.267     1     1     1     1     1     1     0     1     1  
 815      10     9   -20   -21   -17   -11   -26    13    -3  163.466     1     1     0     1     1     1     1     1     1  
 816     -19   -27    14    -6   -20    -7    23   -10   -23  163.665     1     1     1     1     1     0     1     1     1  
 817     -61     0     3   -10    -9   -34   -23    -4   -28  163.865     1     1     1     1     1     0     1     1     0  
 818     -26   -80   -57   -36    15    23    17     8   -55  164.064     1     1     1     1     1     1     1     1     1  
 819     -42   -20   -15   -28   -51   -25   -14    -6   -29  164.264     1     1     1     1     1     1     1     1     1  
 820     -30   -37     5     0    -5   -36     3     0    -1  164.463     1     1     1     2     1     1     1     2     1  
 821     -26   -22   -42   -11    30   -30   -31   -12    -4  164.662     1     1     1     1     1     1     1     1     1  
 822      22   -11   -14    21    18    -2    -3   -32   -49  164.862     1     0     1     1     1     1     1     1     1  
 823     -17     1   -26    -5   -38   -35   -15   -43   -51  165.061     1     1     1     1     1     1     1     1     1  
 824       0   -27   -22   -23    -2   -28    24   -30   -42   165.26     1     1     1     1     1     1     1     1     1  
 825      -3   -26   -32   -11    -5     3   -26     9    -3  165.459     1     1     1     1     1     1     1     1     1  
 826      13     1   -52   -41    -7   -47   -36    -3    15  165.658     1     1     1     1     1     1     1     1     1  
 827     -34    -7   -19   -36     9     3    -9    14    19  165.857     1     1     1     1     1     1     1     1     1  
 828       4    -9   -18   -54   -24     1   -23    32   -23  166.056     1     2     1     1     1     1     1     1     2  
 829     -13    -1    -7   -51     2   -32   -12   -40   -24  166.255     1     1     1     1     1     1     1     1     1  
 830       7   -17   -17   -25   -25     5   -23     2   -24  166.454     1     1     1     1     1     1     1     1     1  
 831     -45    -1   -13   -56   -26   -17    -8   -36   -39  166.653     1     1     1     1     1     1     1     1     2  
 832     -16    -6    16   -25   -18    -7   -10     4   -45  166.852     1     1     1     1     1     1     1     1     2  
 833      -4    -2   -16   -18   -15   -25   -10   -63   -26  167.051     1     1     2     1     1     1     1     1     2  
 834     -54   -27    -8   -32   -39   -52   -34   -25    -6   167.25     1     1     1     1     1     1     1     1     1  
 835      23   -23   -59   -40    -2    -6   -40   -32   -11  167.449     2     1     1     1     1     1     1     1     1  
 836      -8   -21   -37    -9    -4   -19    -6    14   -30  167.648     1     1     1     1     1     1     1     1     2  
 837     -44    25    26   -37   -15   -51    -5   -24   -51  167.847     1     1     1     2     1     1     1     1     1  
 838     -81   -58   -17     6   -17     5     2    39   -10  168.046     1     2     1     1     1     1     1     1     1  
 839     -12    -8   -35   -27   -52   -12   -42   -31   -47  168.245     1     2     1     2     1     1     1     1     1  
 840       3   -24   -26     8   -12     9   -35     1   -28  168.445     1     1     1     1     1     1     1     1     2  
 841       8   -30   -44   -41   -24   -34   -35   -62   -42  168.644     1     1     1     1     1     1     1     1     2  
 842     -32   -17   -29   -26    37     5     3   -15   -35  168.843     1     1     1     2     1     1     1     1     1  
 843      -7     7     6   -17     2   -20     8    -4   -24  169.042     1     2     1     1     1     1     1     1     2  
 844     -27   -23     9   -14   -13   -22   -11   -19     4  169.241     1     1     1     1     1     1     1     1     2  
 845     -17    -1     1   -18     8     0   -26   -36    -1   169.44     2     1     1     1     1     1     1     1     2  
 846      -7   -19     6   -40   -36   -11    -2   -29   -14  169.639     1     1     1     1     1     1     1     1     1  
 847     -37   -47    -3   -17   -12    -3   -16     4   -18  169.837     2     1     1     1     1     1     1     1     2  
 848     -11   -27   -17   -24   -45    19   -26   -23   -28  170.037     2     1     1     1     1     1     1     1     2  
 849     -31   -11    23   -42   -18   -25   -34    10   -33  170.236     2     1     1     1     1     1     1     1     2  
 850     -21   -11   -33   -23   -12   -24    -3     4   -11  170.435     1     1     2     1     1     1     1     2     2  
 851     -36   -10    -7   -14   -16   -16     2   -26   -46  170.634     1     1     1     2     1     1     2     2     2  
 852     -48   -20    15    -2   -26   -19   -39   -21   -36  170.833     1     2     2     2     2     2     2     2     2  
 853     -16   -13    -7    -2    27   -13   -21   -14   -37  171.032     1     2     1     1     1     1     2     2     2  
 854     -35    10   -14   -13   -11   -12   -48   -10    26  171.231     1     1     2     2     1     1     1     1     2  
 855      13   -25    -2   -24   -12   -25   -12   -20   -17  171.429     2     2     1     1     1     1     1     1     2  
 856     -13   -17   -19   -57   -27   -15     2   -46   -53  171.628     1     1     2     2     1     1     2     1     2  
 857      11   -36    -8   -20   -60   -19   -17     3   -10  171.827     2     2     1     2     2     2     1     2     1  
 858     -59    -5    28   -27   -20    32     5   -13   -79  172.025     2     2     2     2     2     2     2     2     2  
 859      14   -49    10    -2   -34    -5    -8   -23    13  172.224     1     1     2     2     2     2     2     1     2  
 860     -26   -26     1   -48   -36   -22   -39    25   -45  172.422     2     1     1     2     1     2     2     2     1  
 861     -23   -17     1     0     1   -33    -5    -8    -6   172.62     1     1     2     2     2     2     2     1     1  
 862     -27   -16    -9   -27   -30   -20   -25   -62   -28  172.818     2     1     1     2     1     2     1     2     2  
 863       3   -62   -38   -26   -16   -26   -12    -9   -18  173.016     2     1     1     2     2     2     1     1     2  
 864       0     6   -19   -35     0   -49   -11    12   -35  173.214     2     1     2     2     2     2     1     1     2  
 865     -15   -29   -14    -9    18   -31   -17    27   -42  173.412     2     2     1     2     1     1     1     1     2  
 866     -26   -52    23   -26    13    -9    -5    -4   -18   173.61     2     1     2     2     1     1     1     2     2  
 867      29    -6   -29   -22     1   -41   -49    -7   -32  173.808     2     1     2     2     2     1     2     2     2  
 868       0   -40     1     3   -17    13   -30     6   -31  174.006     2     1     1     2     1     1     2     2     2  
 869      11     9     6   -34     5   -24   -15     1    24  174.204     2     2     1     2     1     1     2     2     2  
 870     -11   -51    -7    15     4   -21   -41   -18     4  174.402     2     2     2     1     2     2     2     2     2  
 871     -34   -23   -22   -37   -42   -13   -17    13   -29    174.6     2     2     1     2     1     2     2     2     2  
 872      -8    -9    -9    -3   -11   -13   -25   -28    21  174.798     2     2     1     1     1     2     2     1     2  
 873     -26   -23   -42   -59   -16   -17   -15   -25   -11  174.995     2     1     1     1     2     2     2     1     2  
 874     -12    -8    27    -4   -47    -6   -18    -1   -38  175.193     2     2     1     2     2     2     1     1     2  
 875      32   -17   -16   -18   -16   -12   -13     1     0   175.39     1     2     1     2     2     2     2     1     2  
 876     -32    15   -40   -17     1    -7    11   -19   -25  175.587     1     2     2     2     2     1     1     1     2  
 877       7   -25   -19   -12   -62   -30     7   -10     8  175.784     2     2     2     1     2     1     2     1     2  
 878      -2    10   -42    -2   -22     4   -30   -35   -15  175.982     1     1     2     1     2     1     1     1     2  
 879      37   -16   -40    28   -49     6   -14   -24   -39  176.179     2     2     2     1     2     2     1     1     1  
 880      -6   -41    13    -2    -3    -8   -14   -10   -13  176.376     1     1     2     2     1     2     1     2     2  
 881       2   -15   -15    -2   -11     3   -14    -5   -16  176.574     2     2     2     2     1     2     2     1     2  
 882     -24   -23    -3   -48   -26   -36    22   -35   -16  176.771     1     2     2     2     2     2     2     1     2  
 883     -23   -65   -39     8   -37     5     0    29   -24  176.969     1     2     2     2     1     2     2     2     2  
 884       0   -23   -33   -29    -8     1     6   -60   -16  177.166     1     2     2     4     1     2     2     1     2  
 885     -16    -9   -16   -40   -25   -23   -21   -23    21  177.364     1     2     2     1     2     1     2     2     2  
 886     -65   -40   -59    14   -26     0   -40     9   -16  177.561     1     2     2     1     2     1     1     2     2  
 887     -10   -33   -13     8   -38   -13     2    -3    -4  177.759     1     2     1     2     1     1     1     2     2  
 888     -47   -33     1     7   -32    13   -40   -16   -37  177.956     2     2     2     1     1     2     2     2     2  
 889      15   -46    -1   -48    10   -39     7   -33    21  178.154     2     2     2     2     2     1     1     1     2  
 890      -5     8    -9   -21   -35   -61   -38   -16   -37  178.351     2     1     1     2     2     2     1     2     2  
 891     -13   -41   -36   -22   -14   -29   -21   -72   -67  178.548     2     2     1     1     2     1     1     2     2  
 892     -38     6   -20   -10    13    -9    -8   -21   -23  178.746     2     1     2     1     2     1     2     1     2  
 893      -6   -40     4    11   -23   -17   -13   -21    -3  178.943     2     1     2     1     2     1     1     1     2  
 894     -29   -34   -28    -2     2   -59    -8     6    -5   179.14     2     1     2     2     1     2     1     1     2  
 895     -29   -39   -50   -38   -36   -23   -30   -55    -8  179.338     2     1     2     2     1     1     2     1     2  
 896      13   -51    -3    20    17   -70   -10   -40    -6  179.535     1     1     2     2     1     1     1     2     2  
 897     -15   -28   -25   -50   -42     0   -45    -1   -11  179.733     1     1     2     2     1     2     2     1     2  
 898     -25    -9   -22   -42    14   -44    14   -36   -26   179.93     2     1     1     1     2     2     2     2     2  
 899       7    -2   -44   -27     3   -25   -29   -40   -19  180.127     2     1     1     1     2     1     2     2     2  
 900     -32    -9   -16   -16    11   -23   -53     6   -75  180.325     2     1     1     1     1     2     1     1     2  
 901     -35   -67    16   -50   -12   -14    -3   -49     6  180.522     1     1     1     2     1     2     1     1     2  
 902     -19   -83   -42   -35   -44    32   -11    -7   -14   180.72     1     2     1     2     1     2     2     1     2  
 903      -5   -50   -22    19    -2   -38   -43   -31   -44  180.918     2     2     1     2     2     2     1     1     2  
 904     -24   -46   -22   -31     0   -52     9     7   -33  181.115     2     1     1     2     2     2     1     2     2  
 905       0   -30   -20   -26    20   -22   -46   -23   -18  181.313     2     2     1     2     1     2     2     2     2  
 906     -10   -50   -16     9   -23   -33   -33     5   -54  181.511     2     1     1     2     1     1     2     2     2  
 907     -39   -21   -44   -23   -13   -47   -50   -35    -5  181.709     2     2     2     2     1     1     1     2     2  
 908      -1   -42   -11    -7     4   -21   -14   -24   -29  181.907     2     1     1     1     1     2     1     1     2  
 909     -16   -45   -10   -24   -43   -44   -33   -21   -30  182.105     1     2     2     1     1     2     1     1     2  
 910       1   -42   -36   -15     7   -51   -22    -3   -26  182.303     1     1     1     1     1     1     2     1     2  
 911     -39   -32     8    -2    -9   -44   -63   -18   -12  182.501     2     2     2     2     2     2     1     2     2  
 912     -31   -11   -28     3   -16     4   -43   -15    -5  182.699     1     1     2     1     2     2     1     1     2  
 913      -8     5    -8   -14    -5   -40     2   -14    -8  182.897     1     1     1     1     2     1     2     1     2  
 914     -54   -34   -16    15    12   -21    -5   -13   -23  183.095     2     2     2     1     1     1     1     1     2  
 915      -7   -43   -35   -44    -3    25   -18    -2   -32  183.293     1     1     2     2     1     1     2     2     1  
 916      16   -20   -30    -7   -32   -26     2   -34   -55  183.491     2     2     2     1     1     2     1     2     2  
 917     -27   -60   -34   -68   -16     5    -1   -10    -8  183.689     2     2     1     2     1     2     1     1     2  
 918     -30   -23    -6   -28    20    21   -34   -35   -38  183.887     2     1     1     2     1     2     1     2     2  
 919      10   -23   -16    16    -5   -62   -22     5     0  184.086     2     1     1     2     2     1     1     2     2  
 920     -30   -17   -40   -14    16    25   -35   -24   -42  184.284     2     2     2     2     2     1     1     1     3  
 921       0   -11   -47   -17   -11   -41    -4   -19    16  184.482     1     2     2     1     2     2     2     1     2  
 922     -45   -51    -7    16   -15   -44   -25     6   -44  184.681     1     2     3     1     1     1     1     2     2  
 923       8   -10    17   -36    -5     8    -2    -2     6  184.879     2     2     2     2     2     1     1     2     2  
 924     -22   -29    18    18   -21     7   -25    -8     2  185.078     2     2     1     2     2     1     2     1     2  
 925       6   -29   -42     8    -4    -9   -12   -33   -55  185.276     2     1     2     2     1     2     1     1     2  
 926      15   -12   -39   -32     7    18     7     7   -13  185.475     1     1     1     5     1     1     1     2     2  
 927     -19   -47   -25   -23   -12   -14   -30   -18     0  185.673     2     1     1     3     1     2     1     1     2  
 928      13   -51   -24   -46   -32   -59   -37   -53   -13  185.871     1     2     2     1     2     1     1     1     2  
 929       7   -28   -28   -60   -24   -35   -45    -6   -15  186.069     2     2     2     1     2     2     1     1     2  
 930     -83   -29     7    10   -24    -8   -17   -50   -14  186.267     2     2     1     2     2     1     2     1     2  
 931      15   -35    -5     0   -54   -16   -26   -22   -30  186.465     1     2     2     1     1     2     1     2     2  
 932     -52   -37   -34   -27    16    -5   -14   -14   -16  186.663     2     1     1     1     1     2     2     1     2  
 933      -5    -3   -16   -33    13    -4   -14   -23   -51  186.861     2     1     1     2     2     1     2     1     2  
 934       0   -24     9     2     7   -11     2   -45   -37  187.059     2     1     2     2     1     2     1     1     2  
 935     -17     2   -54     7   -14    -5   -28     3     1  187.256     2     2     2     2     1     1     1     2     2  
 936     -24   -25   -11   -22     3    -1    30   -48   -45  187.454     2     1     1     2     1     2     1     2     2  
 937     -21    12   -22   -19   -51   -20   -52     1     2  187.651     2     2     1     2     1     2     1     2     2  
 938     -46    16   -18   -35   -38   -36    25    -7   -35  187.849     2     1     2     1     1     2     2     2     2  
 939     -39   -14   -23   -33     1   -36    -3    30   -31  188.046     2     1     2     2     1     1     1     2     2  
 940      12   -32    18    -5    -8    -9    -4     2    29  188.243     2     2     1     1     1     2     2     1     2  
 941     -74    10   -47   -18   -21   -57    17   -52   -33   188.44     1     2     1     1     2     2     1     2     2  
 942     -38   -31   -49   -33   -18    -9   -38   -40   -11  188.637     2     2     2     1     1     2     1     2     2  
 943      14   -32    -4   -57    -8     6   -10    -8    -5  188.834     2     2     2     2     1     2     1     1     2  
 944     -23    30   -12     2   -19   -18   -43    -4   -38  189.031     1     2     2     1     2     1     1     2     2  
 945     -18   -13   -52     7   -31   -14   -31   -11   -28  189.229     2     2     2     1     1     2     2     2     2  
 946     -16   -49   -17   -20   -32   -31   -24   -37   -64  189.426     1     2     1     1     1     1     1     2     2  
 947     -47   -69   -27   -59   -15     1   -19   -11   -12  189.623     1     1     1     1     2     2     1     1     2  
 948      13    10     0   -24   -22    18     0   -43    20  189.819     1     2     1     1     2     2     1     1     2  
 949     -65   -39   -41   -28   -12   -16   -41   -48   -10  190.016     1     1     1     2     2     1     1     1     2  
 950     -43   -30   -17   -41    13   -15   -21    -6   -24  190.213     2     1     1     2     1     1     2     1     2  
 951     -36    -3   -14   -18    -6     0   -43   -19    19   190.41     2     1     1     2     1     1     1     1     2  
 952      19   -20   -37   -25     3   -28   -33   -26     7  190.607     2     1     1     1     2     1     1     1     2  
 953     -15   -20   -46   -28    -4   -11   -40   -37   -47  190.803     1     1     1     2     1     1     1     1     2  
 954     -11     0   -29     2    -9    -9   -13   -22   -41      191     2     1     2     1     2     2     1     1     2  
 955     -46   -20    27    -9    21    -9   -16   -14    12  191.197     2     1     1     2     2     1     1     1     2  
 956      -2     6   -53     7   -37    11   -20    -7   -19  191.393     1     1     1     2     2     1     1     1     2  
 957     -29    10   -34   -35   -28   -21   -36   -33   -49   191.59     2     1     2     1     1     2     2     1     2  
 958     -51   -40   -39   -14   -28   -54   -10    -2    -6  191.786     1     2     2     1     2     2     2     2     2  
 959     -35   -22   -21   -23   -35    -3   -29    -5     9  191.983     2     2     1     1     2     1     1     1     2  
 960     -31    -3   -39   -36     9   -32   -19   -26     2  192.179     1     2     1     2     1     1     2     1     2  
 961     -58   -38   -18    -9   -11   -52    -7     9   -13  192.375     1     1     2     2     1     2     1     1     2  
 962     -25   -57   -65   -30     3   -14   -25   -34   -18  192.571     2     1     2     2     1     1     1     2     2  
 963     -26   -50     3   -24   -15     8   -26    -4   -30  192.768     2     1     2     1     2     2     1     2     2  
 964     -13    -7   -36   -31    -2     5   -29    -8   -43  192.964     2     1     2     2     2     1     1     2     2  
 965     -25   -14   -41   -13   -12    11    -2   -27   -16   193.16     2     1     1     2     1     1     2     1     2  
 966     -13   -28    43    -9     6   -29   -23    -6    -1  193.356     2     1     1     1     2     1     2     1     2  
 967     -58    12     0   -20    -2    -8   -22     0    -8  193.552     1     1     1     1     1     1     1     1     2  
 968     -33   -49   -23   -23    -9     2    -9   -77   -17  193.748     1     2     1     1     1     2     1     2     2  
 969     -27    -8   -16   -25   -15   -50   -20    13    -2  193.944     1     2     2     1     2     1     2     2     2  
 970       6   -15   -22     1   -31   -48   -43   -13   -51   194.14     2     2     1     2     1     2     1     1     2  
 971     -28    -3   -15   -14   -19   -49    -4     9   -12  194.336     1     2     2     2     1     2     1     1     2  
 972      -7   -31   -42   -38   -25    -3   -15   -40     6  194.532     2     2     2     1     2     2     1     1     2  
 973     -35   -28    10   -76   -61   -52   -10   -25   -14  194.729     1     1     2     1     1     1     1     2     2  
 974     -32   -20    10   -12   -35    -2   -32   -18   -17  194.925     1     1     2     1     2     1     1     1     2  
 975     -20   -16   -24     8     7   -24   -32   -22   -19  195.122     2     1     2     2     2     1     1     1     2  
 976      -5   -73     9    21    -6   -31   -22   -38    -4  195.319     1     1     2     2     1     1     1     1     2  
 977     -23   -49   -24    -5   -11   -15   -14   -26    -5  195.516     2     2     1     2     2     2     1     1     2  
 978     -36   -27   -22   -10   -16    -3   -27   -16   -50  195.713     2     1     2     2     1     2     2     2     2  
 979      -6   -15   -33   -58   -31    21    -9     8    -9   195.91     1     2     2     2     2     2     2     2     2  
 980      -3   -26    11   -15   -37   -48   -32    -2   -28  196.107     2     2     2     2     2     2     2     3     2  
 981     -32   -47    16   -21     4     0    29   -15   -57  196.303     2     2     2     2     2     3     2     2     3  
 982      -2   -11    -2   -37   -48   -60    -4   -19   -34    196.5     2     2     2     2     2     3     2     3     4  
 983     -26   -42   -34   -37   -20   -24   -14   -18   -13  196.697     2     2     2     2     2     2     2     2     4  
 984     -48   -18   -41   -19   -13   -10   -11   -19    -3  196.894     2     2     2     2     2     2     2     2     4  
 985     -11     2    -2   -25    -6   -67   -14     1     3  197.091     2     2     2     2     2     2     2     2     4  
 986     -11     0    16    -9    21   -15    13    16   -35  197.288     2     2     2     2     2     2     2     2     3  
 987     -34   -22    -2     7    -8   -51   -23     0   -16  197.485     3     3     2     2     2     2     2     2     4  
 988      -3   -25    -9   -23     2   -37   -22   -30   -35  197.683     3     4     3     3     2     2     3     2     4  
 989       4   -14    -2   -24   -16   -11   -16   -43     0   197.88     3     3     3     3     2     2     2     2     4  
 990     -24   -12   -56    -5   -16   -40    14   -32   -44  198.078     4     3     3     3     2     3     3     2     4  
 991     -50    -9    11   -35   -53   -19   -10   -15   -22  198.276     5     3     3     3     2     2     3     1     3  
 992       0   -41   -30   -24   -21    -1   -32   -55    -7  198.474     4     3     3     2     2     2     3     1     3  
 993     -34   -38   -38   -48   -38   -25   -42    -5   -15  198.672     3     3     2     2     2     2     2     1     2  
 994     -26   -31   -34    -6   -34   -36   -33   -34   -14   198.87     3     2     2     2     1     2     2     0     2  
 995     -12   -49   -24    25     1   -17     6   -18   -51  199.069     1     1     1     1     0     1     1     0     1  
 996      29   -75     2   -23    -4   -10    -3    15   -14  199.267     0     0     0     0     0     0     0     0     1  
 997       0   -38   -27   -15   -57    15   -29   -40   -14  199.466    -1    -1     0    -1    -1    -2     0    -2     1  
 998     -51     5   -20   -17   -20   -60   -28    -5     6  199.665    -2    -2    -2    -2    -2    -2    -2    -2     0  
 999     -48   -12   -33    -3    25   -33   -30   -29    -8  199.864    -3    -3    -2    -3    -2    -2    -2    -2     0  
1000       6   -26   -22    -8    -4    -8   -17   -42    11  200.063    -4    -3    -3    -3    -3    -3    -3    -2    -2  
1001     -53   -58   -13   -30   -41   -25   -30   -44   -25  200.262    -4    -3    -3    -3    -3    -3    -3    -2    -2  
1002     -37    -9    -2    -9   -49   -27    -7   -36   -55  200.461    -4    -3    -2    -2    -2    -2    -3    -1    -2  
1003     -70    -9   -15   -10    -7   -56    19   -43     6   200.66    -3    -2    -2    -2    -2    -1    -2    -1    -3  
1004     -19   -13   -31   -32   -37   -40     8    14    25  200.859    -2    -2    -2    -1     0     0     0     0    -3  
1005     -11    -8   -56   -28   -60   -21   -10   -13    16  201.057    -1    -1     0     0     0     0     0     1    -3  
1006     -14   -34   -11   -53   -13   -17   -26   -16   -14  201.256     0     0     0     1     1     1     0     1    -3  
1007      -4     1   -12   -25   -16   -41   -34   -16   -10  201.454     1     1     1     1     1     2     1     2    -2  
1008     -68   -35   -30   -68   -27   -41     8   -22   -64  201.653     1     2     2     2     2     3     2     2     0  
1009     -27   -59   -61    -3   -16   -15   -12   -22   -42  201.851     3     3     3     4     4     4     4     3     0  
1010     -24   -52   -44   -32   -78   -15   -61   -11   -30  202.049     4     4     4     4     4     4     4     4     2  
1011     -29   -17   -37   -31   -35   -43   -16     0   -38  202.246     4     4     4     5     5     5     5     5     3  
1012     -31   -18     4   -47   -61   -16   -10   -19     6  202.444     5     5     5     6     5     5     5     6     5  
1013      -9   -14   -26   -20   -40   -41   -62   -22   -36  202.641     5     5     5     5     5     5     5     5     5  
1014     -46   -43   -49    -3   -70    14   -32   -17    -1  202.838     4     4     4     4     4     4     4     4     6  
1015     -59   -45   -45    -2   -29   -36   -17   -17   -66  203.035     1     3     2     2     2     3     2     3     5  
1016     -45     0   -33   -17    24   -16    11   -12   -60  203.232     0     0     0     0     0     1     0     2     5  
1017       8    -5   -10    14   -38   -16   -48   -57   -22  203.429    -2    -2    -2    -2    -2     0    -2     0     4  
1018       3   -21   -15   -35   -31     8   -54   -18    -9  203.625    -4    -2    -2    -3    -3     0    -3    -1     4  
1019      18   -27   -22   -28   -20   -10   -60   -40   -19  203.822    -3    -3    -2    -3    -3     0    -3    -2     4  
1020     -46   -12   -44   -22   -38   -43   -13   -10   -35  204.018    -4    -2    -2    -2    -2     0    -3    -2     4  
1021      22   -25   -30   -49   -34   -13   -23   -28   -29  204.213    -2     0    -1     0    -1     1    -2     0     4  
1022     -38   -49   -48    -8    10   -14    -3   -24   -34  204.409    -1     2     1     0     0     2     0     0     5  
1023      -4   -20   -64   -25   -20   -25   -16    -5   -23  204.605     4     5     3     3     1     3     3     2    11  
   0      33    35    25    26    34    26    42    31    31        0     0     0     0     0     0     0     0     0     0  
   1      -1   -23     2   -40    -8    -1    14   -24    13  0.19723     0     0     0     0     0     0     0     0     0  
   2      47    15    63    31    17    55    37    34    40  0.394514     0     0    -1     0     0     0     0    -1     0  
   3       4   -21   -33   -61   -30    -9   -33   -44    22  0.591984    -1     0     0    -1    -1    -1    -1    -1     0  
   4      12    62    56    31    25    36    44    72    32  0.789694    -1    -1    -1    -1    -1    -1    -1    -2    -1  
   5       6   -15    32   -37   -12    17   -16    -7   -24  0.987606     0    -1    -1    -1    -1    -1    -1    -1    -1  
   6      77    38     2    59    28    67    80    21    15  1.18567    -1     0    -1    -1    -1     0    -1    -1    -1  
   7       2   -25   -22   -41   -10   -27    -2   -52   -52  1.38379    -1    -1    -1    -1    -2    -1    -1    -1    -1  
   8      51    27    27    22    64    32    51    17    55  1.58197    -1    -1    -1    -1    -1    -2    -1    -1    -1  
   9     -28    16    -6   -22     2    17   -31   -51   -25   1.7802    -1    -1    -1    -1    -1    -1    -1    -1    -1  
  10      56    62    83     5    48    61    20    42    41  1.97839    -1    -1    -1    -1    -1    -1    -1     0    -1  
  11      -5   -41   -27   -30     5     3    -1   -22     2  2.17646    -1    -1    -1    -2    -1     0    -1    -1    -1  
  12      37    22    16    38   -29    47    75    38    54  2.37453    -1    -1    -1    -1    -1    -1    -1    -1    -1  
  13       6   -28   -19   -25   -28     5   -33   -22     5  2.57264    -1    -1    -1    -1    -1    -1    -1    -1    -1  
  14      12    43    49    71    72    38    -3    56    33  2.77083    -1    -1    -1    -1    -1    -1     0    -1    -1  
  15       6   -19     9   -19   -24    -2     4   -26   -28  2.96896    -1     0    -2    -1     0    -1    -1    -1    -1  
  16      50    18    26    -4    29    -9    65    83    39  3.16704    -1    -1    -1     0    -1    -1     0    -2    -1  
  17     -17   -10    -3    22   -31     6     8    -8   -14  3.36512    -1    -1     0    -1    -1    -1     0     0    -1  
  18      19    32    73   -16    20    43    51    71    93  3.56329    -1    -1     0    -1    -1    -1     0    -1    -2  
  19     -37   -36     3   -20    -9    -2    -5   -17   -19  3.76146     0    -1    -1    -1    -1    -1     0    -1    -1  
  20      59    60    34    72    57    31    34    43    43  3.95966    -1    -1     0    -1     0    -1    -1     0    -1  
  21     -17   -16   -11    -8    36    -2   -17    -5    -4  4.15781     0     0     0    -1    -1     0    -1     0    -1  
  22      47    51    74    82    97    30    50    -1    40    4.356    -1    -1    -1    -1    -1    -1    -1     0    -2  
  23      -6   -18   -18   -21   -47    -3   -12     3   -25  4.55427    -1    -1    -1    -1    -1     0    -1     0    -1  
  24      57    39    39    21    62    46    39    31    25  4.75257    -1     0    -1     0    -1    -1    -1     0    -2  
  25      -6   -28   -37    38    22   -19    -4   -35    17   4.9509    -1    -1     0     0    -1    -1    -1    -1    -1  
  26      54    36    90    49    66    46    70    94    71  5.14929     0    -1    -1     0    -1    -1     0    -1    -2  
  27     -43   -21   -33    -7   -43   -32   -40   -26     9  5.34782     0    -1     0    -1    -1    -1    -1     0    -2  
  28      14    31    39    21    39    16    74    23    29  5.54636    -1    -1     0    -1    -1    -1     0    -1    -2  
  29     -10    18     1   -16   -16    16   -17   -16    30  5.74488    -1    -1     0    -1     0    -1     0    -1    -1  
  30      14    67    21    60    66    24    99    59    24  5.94337     0    -1     0    -1     0     0     0     0    -2  
  31      -9   -22   -47   -26    30   -37    -5   -62   -19  6.14187     0    -1     0    -1    -1    -2    -1    -2    -1  
  32      32    37    75    64    42    40    43    55    31  6.34034    -1    -1    -1    -1    -1    -2     0     0    -2  
  33       4   -21    -9    16   -45   -17   -21   -10   -28  6.53891     0    -1     0    -1    -1     0     0    -1    -2  
  34      34    43    64    37    74    38    15    44    13  6.73752     0    -1    -1     0     0     0    -1     0    -2  
  35     -14   -29   -54    28   -13   -47    25     7    -3  6.93618     0    -1    -1     0    -1    -1     0    -1    -2  
  36      72    67    21    51    42    52    32    32    42  7.13481    -1    -1     0     0     0    -1    -1    -1    -2  
  37       0   -15    -8    44    24     1   -32   -27   -10  7.33345     0     0     0     0     0     0     0     0    -2  
  38      67    92    52    37    80    41    21    63    98  7.53205     0     0     0     0     0    -1     0     0    -1  
  39      23   -23    23    14     0   -19   -21   -80   -13  7.73083     0     0     0     0     0    -1     0     0    -2  
  40      70    34    60    31    39    40     0    17    48  7.92965     0    -1    -1     0     0     0    -2     0    -2  
  41      30   -14    25   -47    15   -12   -48   -13     9  8.12848     0    -1     0     0    -1     0     0     0    -2  
  42      -2    46    60    95    82    50    50    57    62  8.32719     0     0     0     0     0     0     0    -1    -2  
  43     -26    16    -5   -37    -2    18    -9    11   -16  8.52584     0    -2     0     0    -1     0    -1     0    -2  
  44      53    58    14    82    76    43    52    23    38  8.72448     0     0     0     0     0     0    -1     0    -2  
  45      22    18    -1     2    -8    22   -23    19     4  8.92323    -1    -1    -1     0    -1     0     0     0    -2  
  46      69    79    44    26    58    49    49    29    54  9.12202     0    -1    -1     0     0    -1     0     0    -2  
  47     -22   -21   -45    -5   -31     7    -3    -6    -6  9.32094     0    -1    -1    -1     0     0     0     0    -2  
  48      24    32    54    39    37    50     4    70    27  9.51992     0     0     0     0     0     0    -1     0    -2  
  49     -12   -29   -10   -24   -57   -15    -6   -20    53  9.71911    -1     0    -1    -1    -1     0     0     0    -2  
  50      59    68    13    35    59    80    63    45    49  9.91854    -1     0    -1     0     0    -1     0     0    -2  
  51     -12     2   -22   -25   -48   -43   -25     2    11  10.1183     0    -1     0    -1    -1     0    -1     0    -2  
  52      60    43    37    30    45    42    35    38    28  10.3181     0     0    -1     0     0    -1     0     0    -2  
  53      11   -12    10   -22    -8    11    -8   -18     5  10.5181     0     0    -1    -1     0    -1     0     0    -2  
  54      53    54    11    38    81    20    59    33    29  10.7181     0     0     0    -1     0     0     0     0    -2  
  55       2    -3     6   -25   -28   -27   -12   -26     1  10.9182     0     0     0     0     0     0    -1    -1    -2  
  56      41    66    87    55    56    41    15    18    16  11.1182     0    -1     0     0     0     0     0     0    -2  
  57     -14   -24     7   -27    -4     6   -20   -18   -20  11.3182    -1     0     0     0    -1     0     0    -1    -2  
  58      13    49    87    87    53    61    59    35    78  11.5183     0    -1     0     0     0     0     0     0    -2  
  59       3   -17   -19    14   -20   -39   -13   -35   -14  11.7183     0     0     0     0     0     0     0     0    -2  
  60      -4    57    45    28    27    49     8    71    30  11.9184     0    -1     0     0     0     0     0     0    -2  
  61     -17     1   -31   -22    -5    -9     9    11   -47  12.1186     0     0     0     0     0     0     0     0    -2  
  62      52    35    51    26    20    61    39    61    40  12.3189     0    -1    -1    -1     0     0     0     0    -2  
  63     -27   -25    18     5    -6   -61    -9   -16     0   12.519     0     0     0     0     0     0     0     0    -2  
  64      65    55    47    16    59    28     8    -7    63  12.7191    -1     0     0    -2     0     0     0     0    -2  
  65      -7    -5    14   -21   -44    11   -15    10     0  12.9193     0    -1    -1     0     0     0     0     0    -2  
  66      71    73    36     5    82    31    34    63    94  13.1197     0     0     0     0     0     0     0     0    -2  
  67     -24    -9   -36   -28   -22   -14   -26   -16   -26    13.32     0     0     0     0     0     0     0     0    -2  
  68      47    45    40    22     3    29    41    43    81  13.5202     0     0     0     0     0     0     0     0    -2  
  69       4   -13     9     2    17   -29    -7    11     7  13.7202     0     0    -1     0     0     0    -1     0    -2  
  70      57    74    27    35    24    65    54    18    39  13.9203     0    -1     0     0     0     0    -1     0    -2  
  71      11     2   -33   -17   -15   -20   -14   -39   -40  14.1202     0     0     0     0    -1     0    -1     0    -2  
  72      44    34    43     3    50    56    55    12    49  14.3202     0     0     0     0     0     0    -1     0    -2  
  73     -28     9    15     6     7   -32     0    23     4  14.5202     0    -1    -1     0     0     0     0     0    -2  
  74      74    24    58    56    90    31    77     8    58  14.7202     0     0     0     0     0    -1     0     0    -2  
  75      -5   -29    34    -8    33   -56   -40   -13     9  14.9201     0     0     0     0     0     0     0     0    -2  
  76      24     7     4    38    37    56    32    50    62  15.1199     0     0     0     0     0     0     0     0    -2  
  77       7    -5    -4    -6   -39   -47     1   -23    -3  15.3197     0     0     0     0     0     0    -1     0    -2  
  78      35    58    41    38    62    27    46    41    46  15.5196     0     0     0     0     0     0     0     0    -2  
  79      52     1   -36    43   -26    -6    34    32    -2  15.7196     0     0     0     0     0     0     0     0    -2  
  80      12    47    27    37    39    36    61    74    50  15.9196     0     0     0     0     0     0     0     0    -2  
  81       0    26    -3    23    -5   -42    -3   -49    13  16.1197     0     0     0     0     0     0     0     0    -2  
  82      70    87    23    41    32    46     9    71    75  16.3199     0     0     0     0     0     0     0     0    -2  
  83     -16   -17   -32   -83   -11    -6    -5    11    16  16.5202     0    -1     0    -1     0     0     0     0    -2  
  84      21    65    33    55    29    48    26    27    34  16.7207     0     0     0    -1     0     0     0     0    -2  
  85      16     2    10   -45    33     3    11   -22     0  16.9211     0     0     0     0     0     0    -1     0    -2  
  86      38    40    23    51    88    42    79    66    31  17.1216     0     0     0     0     0     0     0     0    -2  
  87       9    14     7     4   -21   -31   -27   -11   -25   17.322    -1     0     0     0     0    -1     0     0    -2  
  88      41    56    50    67    21    72    52    29    38  17.5226     0     0    -1     0     0     0     0     0    -2  
  89       0     7    18   -13    -3    13   -29    10   -13  17.7233     0     0    -1     0     0     0     0     0    -2  
  90      27    39    68    51   -15    50    49    59    45   17.924     0     0     0     0     0     0     0     0    -2  
  91     -10   -28     8   -29   -39    18     9   -18    18  18.1249     0     0    -1     0     0     0     0     0    -2  
  92      41    23    23    57    35    57    52    41    28  18.3258     0     0     0     0     0     0     0     0    -2  
  93      20   -44    12     5   -38     6     0    -3   -19  18.5268     0     0    -1     0     0     0     0     0    -2  
  94      36    82    33    54    78    38    58    29    60  18.7278     0     0     0     0     0     0     0     0    -2  
  95     -41   -35    32   -27   -28   -27   -36    33    26  18.9287     0     0     0     0     0     0     0     0    -2  
  96      84    32    55    51    52    25    18     6    30  19.1298     0     0     0     0     0     0     0    -1    -2  
  97     -26     7   -21   -21    -7    29   -22   -30    19  19.3308     0     0     0     0     0     0     0     0    -2  
  98      33    53    40    74    46    60    25    41    32  19.5318     0     0     0     0     0     0     0     0    -2  
  99      -4   -30   -26    10   -21    37   -12    18    -4  19.7329     0     0     0     0     0     0     0     0    -3  
 100      -3    53    22    31    41    54    27    59    25   19.934     0     0     0     0     0     0     0     0    -2  
 101      -7   -40     0   -71    16   -11   -37    16    -7  20.1351     0     0     0     0     0     0     0     0    -2  
 102      24    72    43    84    64    58    37    51    53  20.3363     0     0     0     0     0     0     0     0    -2  
 103      30     9   -26    12    13     6   -33   -52   -45  20.5372     0     0     0     0     0     0     0     0    -2  
 104      -4    20    22    49    22     4    53    42    24   20.738     0     0     0     0     0     0     0     0    -2  
 105       6   -12    33   -41   -12    -2     2     1    10  20.9385     0     0     0     0     0     0     0     0    -2  
 106      64    70    34    40    55    40    31    46    45   21.139     0     0     0     0     0     0     0     0    -2  
 107     -10    11    -6    -7   -34    -6     1    26     0  21.3394     0     0     0     0     0     0     0     0    -2  
 108      13    26    19    59    76    49    81    57    -5  21.5397     0     0     0     0     0     0     0     0    -2  
 109     -11     0    -3   -13    -8     4   -45    14     3    21.74     0     0     0     0     0     0     0     0    -2  
 110      34    39    71    46    39    78    44    59    40  21.9402     0     0     0     0     0     0    -1     0    -2  
 111       5   -12    -6     0   -26   -38   -23   -43    37  22.1405     0     0     0     0     0     0     0     0    -2  
 112      38    56    40    41    46    27    40    46    47  22.3407     0     0     0     0     0     0     0     0    -2  
 113      11     3   -23    -3     6     0   -14     8     4  22.5409     0     0     0     0     0     0     0     0    -2  
 114      63    54    71    31    69    27    34    62    62  22.7411     0     0     0     0     0     0     0     0    -2  
 115       7   -14   -35    -9    -7   -31   -14    50    -1  22.9414     0    -1     0     0     0     0     0     0    -2  
 116      46    60    21    62    54    35    52    29    40  23.1416     0     0     0     0     0     0     0     0    -2  
 117     -12   -36   -28    12   -11    -7    11   -17   -17  23.3418     0     0     0     0     0     0     0     0    -2  
 118      77    79    41    73    52    55    69    54    28   23.542     0     0     0     0     0     0     0     0    -2  
 119      -9    11   -21    -8    -6     9   -28   -15   -32  23.7421     0     0     0     0     0     0     0     0    -2  
 120      72    78    17    89    80    72    33    74    74  23.9422     0     0     0     0     0     0     0     0    -2  
 121      13   -11   -10     9   -37   -21     3    -1     1  24.1424     0     0     0     0     0     0     0     0    -2  
 122      62    49    40    22    74    31    60    53    34  24.3426     0     0     0     0     0     0     0     0    -2  
 123     -13   -16   -62   -26   -58   -25   -32   -20     3  24.5429     0     0     0     0     0     0     0     0    -2  
 124      21    43    23    47    40    67    28    25    42  24.7433     0     0     0     0     0     0     0     0    -2  
 125     -15    34    14   -47   -36     9   -12    21    28  24.9436     0     0     0     0     0     0     0     0    -2  
 126      73    18    49    55    74    42    52    57    49  25.1439     0     0     0     0     0     0     0     0    -2  
 127      -1    -3    37   -19   -13    -5   -26   -16   -16  25.3442     0     0     0     0     0     0     0     0    -2  
 128      75    20    17    12    36     0    40    47    12  25.5448     0     0     0     0     0     0     0     0    -2  
 129     -24   -34   -19   -31   -19    16    -5   -18   -11  25.7454     0     0     0     0    -1     0     0     0    -3  
 130      42    29    52   -18    39    36    21    59    50  25.9462     0     0     0     0     0    -1     0    -1    -2  
 131     -14   -15    -5   -44   -20   -11   -40   -14   -45  26.1472     0     0     0     0     0    -1     0    -1    -2  
 132      66    68    67    57    22    81    45    56   -18  26.3483     0     0    -1     0     0     0     0     0    -3  
 133     -12    15   -13    -9   -22     3   -19     4     5  26.5495    -1    -1     0     0     0     0     0     0    -2  
 134      42    57    56    33    18    65    41    33    54  26.7508     0     0     0     0     0     0     0     0    -3  
 135     -13   -54   -18    17   -28   -24   -62   -30   -31  26.9522     0    -1     0     0     0     0     0     0    -3  
 136      56    38    12    45    57    79    52    63    44  27.1538     0    -2     0    -1     0     0     0     0    -3  
 137       2   -30   -13   -29   -32   -31   -21   -38   -16  27.3555    -1     0     0     0     0     0     0     0    -2  
 138      43    29    38    68    46    33    31    46    74  27.5573     0     0     0     0     0     0     0     0    -3  
 139     -33    20   -17    -4   -16   -40    -6   -32     7  27.7591     0     0     0     0     0    -1     0     0    -3  
 140      89     8    26    59    61    84    75    62    51  27.9609     0     0     0     0     0     0     0     0    -2  
 141      19   -55    -8   -21    -1   -18    -5     0     3  28.1629     0     0     0     0     0     0     0     0    -2  
 142      23    20    23    56    63    49    62    68    18   28.365     0     0     0     0     0     0     0     0    -2  
 143     -26   -22   -16    10   -30    -5     3     5    -2  28.5673     0     0     0     0     0     0     0     0    -2  
 144      23    17    -3    68    77    36    40    75    47  28.7698     0     0     0     0     0     0     0     0    -2  
 145     -17   -16     7    22    14   -51   -21    -2    22  28.9724     0     0     0     0     0     0     0     0    -2  
 146      68    87    26    94    48    55    23     0     2   29.175     0     0     0     0     0     0     0     0    -2  
 147     -13   -25    -7     0   -12   -40   -30   -18    23  29.3776     0     0     0     0     0     0     0     0    -2  
 148      13    41    24    42    46    67    48    54    39  29.5799     0     0     0     0     0     0     0     0    -2  
 149      -3     3   -22    10   -34   -48   -18    22   -19  29.7821     0     0     0     0     0     0     0     0    -2  
 150      47    52    28    73    74    10    48    57    34  29.9839     0     0     0     0     0     0     0     0    -2  
 151      -2   -19   -17   -35    -7     6   -16     1   -21  30.1857     0     0     0     0     0     0     0     0    -2  
 152      63    35    35    36    45    32    63    43    38  30.3872     0     0     0     0    -2     0     0     0    -2  
 153     -10    16    -8    15    13   -25   -15   -41     7  30.5887     0     0     0     0     0     0     0     0    -2  
 154      16    36    50    37    81    55    67    16    54  30.7901     0     0     0     0     0     0     0     0    -2  
 155     -30     4     1    -6   -21     5    -2   -16     3  30.9915     0     0     0     0     0     0     0     0    -2  
 156      -3    66    20    21    81    47    38    51    44  31.1929     0     0     0     0     0     0     0     0    -2  
 157      11     7    -7    50   -16   -21   -21     9   -19  31.3943     0     0     0     0     0     0     0     0    -2  
 158      24    13    58    43    20    66    49    46    34  31.5957     0     0     0     0     0     0     0     0    -2  
 159     -11    -3     7   -24   -26   -23   -15   -40   -39  31.7971     0    -1     0     0     0     0     0     0    -2  
 160      50    30    35    40    18    23    69    31    66  31.9986     0     0     0     0     0     0     0     0    -2  
 161     -13   -11     0   -18    30    19     2   -20    -8  32.2002     0     0     0     0     0     0     0     0    -2  
 162      14    20    77    65    43    64    36    49    34  32.4018     0     0     0     0     0     0     0     0    -2  
 163     -22   -48     7    -4     1   -18    -9    -3    -8  32.6034     0     0     0     0     0     0     0     0    -2  
 164       7    54    56    77    32    40    33    90    67  32.8049     0     0     0     0     0     0     0     0    -2  
 165      16   -12   -35    -8    -5    13    23   -36    -8  33.0062     0     0     0     0     0     0     0     0    -2  
 166      62    51    12    39    76    59    42    80    31  33.2074     0     0     0     0     0     0     0     0    -2  
 167     -33     9     9     4   -34     2    -6    19   -17  33.4088     0     0     0     0     0     0     0     0    -2  
 168      50    87    49    31    29    76    34    70    16  33.6103     0     0     0     0     0     0     0     0    -2  
 169       0    24    -8     6     4   -43    41   -23    10  33.8119     0     0     0     0     0     0     0     0    -2  
 170      16    84    32    34    66    50    57    34    45  34.0135     0     0     0     0     0     0     0     0    -2  
 171      10   -19    -4    -6    16   -44     7     9   -17  34.2151     0     0     0     0     0     0     0     0    -2  
 172      49    82    47    10    87    92    66    41   -11  34.4166     0     0     0     0     0     0     0     0    -2  
 173     -13    -7    29   -31   -18   -17    -5    -5    -2  34.6181     0     0     0     0     0     0     0     0    -1  
 174      48    60    52    72    72    65    52    71    65  34.8195     0     0     0     0     0     0     0     0    -1  
 175      15    39   -64    -3    -3   -22   -34    12    14   35.021     0     0     0     0     0     0     0     0    -2  
 176      27    53    58    89    66    23    73    68    30  35.2223     0     0     0     0     0     0     0     0    -2  
 177     -24   -20   -16    25    18    10    -1    18    35  35.4236     0     0     0     0     0     0     0     0    -2  
 178      78    23    66    61    36    22    84    40    38  35.6249     0     0     0     0     0     0     0     0    -1  
 179     -28   -28   -37   -78   -39   -22   -12     2     8  35.8261     0     0     0     0     0     0     0     0    -1  
 180      26    22    69    66    91    33    63    33    46  36.0273     0     0     0     0     0     0     0     0    -1  
 181     -14    23   -32    -9    -7   -20    26    28    16  36.2284     0     0     0     0     0     0     0     0    -2  
 182      55    -6    60    72    54    69    30    67    36  36.4295     0     0     0     0     0     0     0     0    -2  
 183     -18     5     4    23   -49   -14     2   -59     5  36.6305     0     0     0     0     0     0     0     0    -2  
 184      28    55    74    70    69    70    36    38    71  36.8312     0     0     0     0     0     0     0     0    -2  
 185     -23    -8   -23    12   -10     8    29   -12    -7  37.0321     0     0     0     0     0     0     0     0    -1  
 186      29    69    47    27    52    66    41    48    21  37.2328     0     0     0     0     0     0     0     0    -1  
 187       1    11    24   -29   -10   -23   -51   -34    -5  37.4334     0     0     0     0     0     0     0     0    -2  
 188      21    67    30    45    40    59    59    38    47  37.6341     0     0     0     0     0     0     0     0    -1  
 189     -28    27    -9    -9    13   -17     0   -36     8  37.8348     0     0     0     0     0     0     0     0    -1  
 190      40    38    23    14    20    66    66     2    42  38.0355     0     0     0     0     0     0     0     0    -1  
 191     -11    -5   -13    18     0   -13   -28   -29    -8  38.2362     0     0     0     0     0     0     0     0    -2  
 192      68    37    53    44    41    24    44    68     8  38.4366     0     0     0     0     0     0     0     0    -1  
 193      27    32    29   -14    -9   -26     0    -6   -10  38.6371     0     0     0     0     0     0     0     0    -1  
 194      31    29    63    59    28    59    11    32    46  38.8377     0     0     0     0     0     0     0     0    -1  
 195       8   -12     7   -12   -20   -29   -14    -7   -40  39.0384     0     0     0     0     0     0     0     0    -1  
 196      64    59    53    17    17    24    69    46    29  39.2391     0     0     0     0     0     0     0     0    -1  
 197     -17   -43     5   -16   -10   -17   -19   -18   -11    39.44     0     0     0     0     0     0     0     0    -1  
 198      40    35    33    31    75    49    31    34    67  39.6409     0     0     0     0     0     0     0     0    -1  
 199      10    26    -6   -40   -32   -28   -31    -5   -24  39.8418     0     0     0     0     0     0     0     0    -2  
 200      15    13    76    22    13    53    27    63    54  40.0427     0     0     0     0     0     0     0     0    -1  
 201     -11   -18     0    26    -6     7    19    -6     6  40.2437     0     0     0     0     0     0     0     0    -2  
 202      38    28    47    73    44    25    43    31    41  40.4448     0     0     0     0     0     0     0     0    -1  
 203     -16   -51    16     2     3   -27     3    31     7   40.646     0     0     0     0     0     0     0     0    -1  
 204      10    49    49    30    64    62    68    49    24  40.8472     0     0     0     0     0     0     0     0    -2  
 205      18    -9   -51   -47   -12   -10   -34   -10    -2  41.0486     0     0     0     0     0    -1     0     0    -1  
 206      52    31    56    10    90    59    60    27    38  41.2503     0     0     0     0     0     0     0     0    -1  
 207     -18     0    17   -65   -26     0     3    18    14  41.4521     0     0     0     0     0     0     0     0    -1  
 208      26    29    32    90    33    51    72    21    60  41.6539     0     0     0     0     0     0     0     0    -1  
 209     -15    20    23    -4    10   -23   -11   -40    47  41.8558     0     0     0     0     0     0     0     0    -1  
 210      57    18    49    13    53    73    39    -4    37  42.0578     0     0     0     0     0     0     0     0    -1  
 211      11    25     5    39    12     5   -23   -35   -12  42.2599     0     0     0     0     0     0     0     0    -1  
 212      22    48    82    38    45    49    72    34    51  42.4618     0     0     0     0     0     0     0     0    -1  
 213      12   -11   -47   -22    43    13   -11   -17     2  42.6638     0     0     0     0     0     0     0     0    -1  
 214       3    43    29    74     3    45    32    62    76  42.8658     0     0     0     0     0     0     0     0    -1  
 215      29     7   -19    -3    34    26    17     4   -13  43.0679     0     0     0     0     0     0     0     0    -1  
 216      34    44    49    44    32    65    32    42    -6    43.27     0     0     0     0     0     0     0     0    -1  
 217      13    23   -55   -51    15     6     0   -35     0  43.4723     0     0     0     0     0     0     0     0    -1  
 218      29    46    59    49    34    64     5    73    32  43.6744     0     0     0     0     0     0     0     0    -2  
 219       7     7   -18   -68   -28     6    -5   -17     6  43.8764     0     0     0     0     0     0     0     0    -1  
 220      36    46    46    24    62    50    50     8    58  44.0782     0     0     0     0     0     0     0     0     0  
 221      43     0    25    28   -20    13    -4    -6    -6    44.28     0     0     0     0     0     0     0     0    -1  
 222      73    42    42    26    38    40    58    38    34  44.4817     0     0     0     0     0     0     0     0    -1  
 223      18   -17   -11   -37   -36    -5   -22   -26     0  44.6835     0     0     0     0     0     0     0     0    -1  
 224      72    62    64    15    64    60    48    44    65  44.8853     0     0     0     0     0     0     0     0     0  
 225       4    17    -9     4     2   -11   -20     7    -5  45.0871     0     0     0     0     0     0     0     0    -1  
 226      48    44     8    37    48    55    62    34    42  45.2888     0     0     0     0     0     0     0     0    -1  
 227      -3     0    -8   -34    14   -34    -1   -20   -11  45.4903     0     0     0     0     0     0     0     0    -1  
 228       0    52    41    88    23    17    36    23    91  45.6918     0     0     0     0     0     0     0     0    -1  
 229      -7    11    -6   -32   -23    -4   -31    11   -29  45.8932     0     0     0     0     0     0     0     0    -1  
 230      61    32    43    71    74    59     4    35    48  46.0945     0     0     0     0     0     0     0     0    -1  
 231     -26   -32    18   -12     3   -31   -12   -21     0  46.2956     0     0     0     0     0     0     0     0     0  
 232      39    38    37    25    37    31    14    33    59  46.4967     0     0     0     0     0     0     0     0    -1  
 233      -4   -21     2    31   -30   -26   -16    20    16  46.6977     0     0     0     0     0     0     0     0    -1  
 234      64    12    44    85    50    51    23    38    71  46.8986     0     0     0     0     0     0     0     0    -1  
 235       4    -1   -29    -3   -24     5    10   -21     8  47.0994     0     0     0     0     0     0     0     0    -1  
 236     -11    20    50    64    34    80    64    29    67     47.3     0     0     0     0     0     0     0     0    -1  
 237     -14    14   -25   -25    -2   -18     1   -27   -12  47.5006     0     0     0     0     0     0     0     0    -1  
 238      47    67    63    52    20    55    46    27    55  47.7012     0     0     0     0     0     0     0     0     0  
 239      -9     0   -34    -7    -3    -6    10   -20   -37  47.9018     0     0     0     0     0     0     0     0     0  
 240      39    34    37    19    -2    24    34    30    76  48.1022     0     0     0     0     0     0     0     0    -1  
 241      -5    19    20   -16    14   -55   -19    29   -15  48.3026     0     0     0     0     0     0     0     0    -1  
 242      46    51    40    50    37    51    39    45    52  48.5026     0     0     0     0     0     0     0     0     0  
 243       3   -37   -18    -7   -13   -25    34   -20    16  48.7023     0     0     0     0     0     0     0     0    -1  
 244      76    30    19    46    28    21    36    48    83  48.9018     0     0     0     0     0     0     0     0    -1  
 245     -15     2   -10   -18     0    32   -34   -33   -25  49.1015     0     0     0     0     0     0     0     0    -1  
 246      61     8    65    75    21    70    37    64    42  49.3011     0     0     0     0     0     0     0     0    -1  
 247       6    10   -25    -9   -23     2     3   -14   -11  49.5007     0     0     0     0     0     0     0     0     0  
 248      32    64     9     3    53    47    56    70    54  49.7004     0     0     0     0     0     0     0     0    -1  
 249     -34     9     2    11     9    -1   -22     6    11  49.9004     0     0     0     0     0     0     0     0    -1  
 250      65    69    55    41    31    47    44    40    37  50.1004     0     0     0     0     0     0     0     0     0  
 251      20   -38    -2   -33     4   -18    -6     8    17  50.3005     0     0     0     0     0     0     0     0    -1  
 252      23    51    47    58    -6    42    37    61    30  50.5007     0     0     0     0     0     0     0     0    -1  
 253      22    12   -25   -45    -5     3   -28   -30     6   50.701     0     0     0     0     0     0     0     0     0  
 254      46     4    36    46    68    29    47    31    64  50.9014     0     0     0     0     0     0     0     0    -1  
 255     -19   -27   -41   -36   -58   -57    15   -51   -16  51.1017     0     0     0     0     0     0     0     0    -1  
 256      45    50     7    33    25    52     7   -11    55  51.3021     0     0     0     0     0     0     0     0    -1  
 257     -23    14   -13   -20    -2   -14   -29    13    23  51.5024     0     0     0     0     0     0     0     0    -1  
 258      42    73    84   -14    11    23    66    44    55  51.7026     0     0     0     0     0     0     0     0    -1  
 259     -25   -51   -21   -57   -27   -26   -14    47   -12  51.9026     0     0     0     0     0     0     0     0    -1  
 260      50     0    35    10    24     7    17    11    26  52.1025     0     0    -1     0     0     0     0     0     0  
 261      -5    -7   -16    11   -33   -45     2   -18   -36  52.3025     0     0     0     0     0     0     0     0    -1  
 262      43    49    59    32     8    37    38    71    55  52.5025     0     0     0     0     0     0     0     0     0  
 263     -26    -9   -21   -37    -6   -35   -13   -20   -11  52.7025     0     0    -1     0     0     0     0     0     0  
 264     -20    62    58    48    50    48    27    50    75  52.9026     0     0     0     0     0     0     0     0     0  
 265     -11     2   -10   -20     9   -18    45    22   -10  53.1029     0     0     0     0     0     0     0     0     0  
 266      40    47    51    61    88    49    80    53    46  53.3033     0     0     0     0     0     0     0     0     0  
 267       6   -12   -37     7   -20   -32    13     5   -37  53.5036     0     0     0     0     0     0     0     0     0  
 268      40    30    24    50    43    22     9    15    67  53.7038     0     0     0     0     0     0     0     0     0  
 269     -10     2   -25     2    -8    -5   -19     7   -34  53.9041     0     0     0     0     0     0     0     0     0  
 270      40    51    62    47    60    42    36    58    41  54.1043     0     0     0     0     0     0     0     0    -1  
 271      -7   -11   -31   -12    -9   -24    17   -10    24  54.3046     0     0     0     0     0     0     0     0    -1  
 272      44    34    38    28    74    66    13    19    57  54.5048     0     0     0     0     0     0     0     0     0  
 273      11    -9   -30   -22    15   -29    43    24    39  54.7052     0     0     0     0     0     0     0     0     0  
 274      58    40    66    77    25    22    98    72    74  54.9055     0     0     0     0     0     0     0     0     0  
 275      -9    -9     4    -2   -15   -29   -15   -11    -7  55.1058     0     0     0     0     0     0     0     0    -1  
 276      51    26    16    65    35    41    43    43    45  55.3061     0     0     0     0     0     0     0     0     0  
 277      20    26    12   -32   -13   -34    -8     6    -6  55.5064     0     0     0     0     0     0     0     0     0  
 278      75    70    63    38   105    48    66     5    22  55.7067     0     0     0     0     0     0     0     0     0  
 279     -34     2    57   -42    15   -15    -6   -10   -11   55.907     0     0     0    -1     0     0     0     0    -1  
 280      77    65    21    65    18    42    28    25     0  56.1072     0     0     0     0     0     0     0     0    -1  
 281     -10   -24    -7    -7     0   -32    -9    -7    -9  56.3075     0     0     0     0     0     0     0     0     0  
 282      32    64    57    82    28    40     7    51    58  56.5078     0     0     0     0     0     0     0     0     0  
 283     -17     6     6    -7    -5     6   -25    15    -8  56.7083     0     0     0     0     0     0     0     0    -1  
 284      -6    23    47    29    31    96    57    54    40  56.9088     0     0     0     0     0     0     0     0     0  
 285      12    17    19     1   -11     1     4   -26   -11  57.1094     0     0     0     0     0     0     0     0    -1  
 286      61    36    68    68    82    49    34    62    45  57.3101     0     0     0     0     0     0     0     0     0  
 287       5     2    -2    -8   -40   -35    -9     9     9  57.5106     0     0     0     0     0     0     0     0     0  
 288      72    13    71    37    78    39    48    24    58  57.7111     0     0     0     0     0     0     0     0     0  
 289      15   -19     2    -5   -33    -4    22    11   -10  57.9117     0     0     0     0     0     0     0     0     0  
 290      54    36    67    51    56    67    70    49    81  58.1123     0     0     0     0     0     0     0     0     0  
 291      -7   -46   -18   -25   -34   -27     8   -39    -6   58.313     0     0     0     0     0     0     0     0     0  
 292      23    48    31    36    17    43    61    56    32  58.5138     0     0     0     0     0     0     0     0     0  
 293      13   -45    -5    -7   -36   -16     4     1    34  58.7146     0     0     0     0     0     0     0     0     0  
 294      46    44    46    61    70    68    77    19    73  58.9154     0     0     0     0     0     0     0     0     0  
 295       4   -39     7     0   -56    -5   -11   -32   -25  59.1162     0     0     0     0     0     0     0     0     0  
 296      44    50    37    35    50    66    35    33    34   59.317     0     0     0     0     0     0     0     0     0  
 297     -11    11   -27   -25    13     5   -12   -15   -12  59.5179     0     0     0     0     0     0     0     0     0  
 298      89    36    36   -17    63    20    80     9    27  59.7188     0     0     0     0    -1     0     0     0     0  
 299     -17    -4     3    37    13   -25   -35    -6   -17  59.9195     0     0     0     0     0     0     0     0     0  
 300      39    72    83    59     9    39    45    32    40  60.1201     0     0     0     0     0     0    -1    -1     0  
 301      24   -25   -29    20    -9    10    13     7    29  60.3208     0     0    -1     0     0    -1    -1    -1     0  
 302      62    68    57    63    95    70    44    89    80  60.5215     0     0     0    -1     0     0     0    -1     0  
 303      16     6   -10   -39   -27    11   -33   -32   -28  60.7223     0     0     0     0     0    -1     0     0     0  
 304      17    31    24    -4    64    33    35    50    60  60.9228     0     0     0    -1     0     0     0     0     0  
 305      29    -9   -31    32   -27   -35    27    67    -7  61.1232     0    -1     0     0     0     0     0     0    -1  
 306      44    38    23    61    45   111    21   -15    43  61.3235    -1    -1     0     0     0     0     0     0    -1  
 307     -21   -21   -15     6     6    30   -33   -20   -48  61.5238    -1     0    -1     0     0     0     0     0    -1  
 308      52    99    21    33    21    72    39    66     7  61.7241     0     0     0     0     0     0     0     0    -1  
 309     -18    -6     6    25     9    16    14    40     8  61.9243     0     0     0     0     0     0     0     0    -1  
 310      46    41     3    47    72    80    52    23    35  62.1245     0     0    -1     0     0     0     0     0     0  
 311     -14     3   -52    -5     1   -29     6    15   -14  62.3248     0     0     0     0     0     0     0     0     0  
 312      50    60    49    30    65    22    18    19    46  62.5251     0     0     0     0     0     0     0     0     0  
 313      25    -2   -11    17   -40   -16   -42    17     0  62.7254     0     0     0     0     0     0     0     0     0  
 314      47    41    48    33   102    65    46    75    31  62.9256     0     0     0     0     0     0     0     0     0  
 315     -52   -17   -28    25   -12   -25     3   -14    -2  63.1257     0     0     0     0     0     0     0     0     0  
 316      54    51    46    41    27    38    16    79    62  63.3257     0     0     0     0     0     0     0     0     0  
 317       6    -4    10    -9   -11    22     6   -36     9  63.5258     0     0     0     0     0     0     0     0     0  
 318      58    81    34    34    55    77    55    26    33   63.726     0     0     0     0     0     0     0     0     0  
 319     -31   -13    -4   -27    -7   -24    -2   -33     9  63.9264     0     0     0     0     0     0     0     0     0  
 320      73    45    27    70    36    46     1    83    49  64.1267     0     0     0     0     0     0     0     0     0  
 321      -4   -12    -2    14    -8     3    18   -42     2   64.327     0     0     0     0     0     0     0     0     0  
 322      41    41    30    34    57    22     5    90    28  64.5271     0     0     0     0     0     0     0     0     0  
 323     -70    16   -41    -9   -31   -13   -24   -58   -26  64.7273     0     0     0     0     0     0     0     0     0  
 324      31    37    16    51    11    50    30    57    39  64.9275     0     0     0     0     0     0     0     0     0  
 325     -24     9   -26    -4     4    -2   -37   -14    28  65.1277     0     0     0     0     0     0     0     0     0  
 326      38    54    40    32    63    73    56    64    76   65.328     0     0    -1     0     0     0     0     0     0  
 327      -7   -32   -27    -6   -12    -4   -22    16    -6  65.5284     0     0     0     0     0     0     0     0     0  
 328      35    30    24    78    51    63    62    58    28  65.7288     0     0     0     0     0     0     0     0     0  
 329     -43     0   -33     9    18   -27   -10   -14    -4  65.9293     0     0     0     0     0     0     0     0     0  
 330      64    93    42    55    38    66    29    44    73  66.1297     0     0     0     0     0     0     0     0     0  
 331     -22   -15     9    46    -6     5    -2   -18    11  66.3303     0     0     0     0     0     0     0     0     0  
 332      58    62    68    34    46    54    65    50    70  66.5309     0     0     0     0     0     0     0     0     0  
 333      13   -35   -48    23     2    -4     3   -14     3  66.7316     0     0     0     0     0     0     0     0     0  
 334      18    73    37    19    44    17    49    20    34  66.9323     0     0     0     0     0     0     0     0     0  
 335     -15    -2     2   -17   -12   -26   -26    -5   -29  67.1331     0     0     0     0     0     0     0     0     0  
 336      36    54    32    70    24    57    54    26    59  67.3339     0     0     0     0     0     0     0     0     0  
 337      -4     1   -14   -15    -1    -3    20    -2    57  67.5348     0     0     0     0     0     0     0     0     0  
 338      64    48    26    90    72    57    69    52    25  67.7354     0     0     0     0     0     0     0     0     0  
 339       2     1   -31    -5   -14   -21   -24   -30   -25  67.9361     0     0     0     0     0     0     0     0     0  
 340      80    25    18    36    47    41    36    66    16  68.1367     0     0     0     0     0     0     0     0     0  
 341       6   -17    17    -5    -4    -3   -27   -36    23  68.3375     0     0     0     0     0     0     0     0     0  
 342      39    79    51    38     7    39    58    21    47  68.5384     0     0     0     0     0     0     0     0     0  
 343      16     1    12   -11   -21   -31   -14     8   -15  68.7394     0     0     0     0     0     0     0     0     0  
 344      51    55    30    49    61    44    29    27    53  68.9404     0     0     0     0     0     0     0     0     0  
 345     -14   -19     4   -18    24    35   -14    26    -8  69.1414     0     0     0     0     0     0     0     0     0  
 346      56    77    44    58    64    35    55    68    56  69.3423     0     0     0     0     0     0     0     0     0  
 347      14    24    12    -7   -15     0     7     0    32  69.5431     0     0     0     0     0     0     0     0     0  
 348      22   -18    73    39    30    53    37    53    53  69.7438     0     0     0     0     0     0     0     0     0  
 349      10     3    27   -50    -3    16    39    25    -2  69.9445     0     0     0     0     0     0     0     0     0  
 350      62    47    37    34    53    31    55    15    46  70.1451     0     0     0     0     0     0     0     0     0  
 351     -22    -3    -4   -23    11     9   -38   -13     2  70.3457     0     0     0     0     0     0     0     0     0  
 352      43    62    78    49    38    82    36    50    71  70.5461     0     0     0     0     0     0     0     0     0  
 353       5     7     2     3    -7    10   -17   -13   -17  70.7465     0     0     0     0     0     0     0     0     0  
 354      23    24    91    31    45    60    63    68    88  70.9467     0     0     0     0     0     0     0     0     0  
 355     -38    -6   -47   -45    17   -22   -15    28   -32  71.1469     0     0     0     0     0     0     0     0     0  
 356      12    29    27    23    45    66    41    34    23   71.347     0     0     0     0     0     0     0     0     0  
 357      18    -1    17    -9     4    37    -5   -20    18   71.547     0     0     0     0     0     0     0     0     0  
 358      78    62    34    66    44    57    45    54    41   71.747     0     0     0     0     0     0     0     0     0  
 359      11    11   -45   -22   -15   -18    -8   -22    21  71.9472     0     0     0     0     0     0     0     0     0  
 360      29    69    87    27    30    50    71    37    65  72.1472     0     0     0     0     0     0     0     0     0  
 361     -15    -2    17    -8    -7   -17   -37   -27    30  72.3472     0     0     0     0     0     0     0     0     0  
 362      58    36    58    41    50    43    11    48    10  72.5471     0     0     0     0     0     0     0     0     0  
 363      -2   -11   -37   -13   -17   -10   -26   -35    -7  72.7469     0     0     0     0     0     0     0     0     0  
 364      37    10    38    81    11    52    64    28    55  72.9467     0     0     0     0     0     0     0     0     0  
 365      33    -4    10   -23   -20   -12    14   -21    12  73.1464     0     0     0     0     0     0     0     0     0  
 366      42    45    37    57    58    31    37    74    73  73.3462     0     0     0     0     0     0     0     0     0  
 367     -14   -35     6   -54    -7    13     7     9    -6  73.5459     0     0     0     0     0     0     0     0     0  
 368      71    51    43    52    49    50    50   -15    65  73.7457     0     0     0     0     0     0     0     0     0  
 369     -27    17   -13     5    -8   -12    -7     5   -30  73.9455     0     0     0     0     0     0     0     0     0  
 370      47    39    74    36    54    71    58    37   -13  74.1452     0     0     0     0     0     0     0     0     0  
 371     -45   -29    20   -15   -36   -39   -19   -32    -8   74.345     0     0     0     0     0     0     0     0     0  
 372      48    10    47    57    44    47    72    54    22  74.5448     0     0     0     0     0     0     0     0     0  
 373      18     5    17     0    13    20   -46    33    13  74.7447     0     0     0     0     0     0     0     0     0  
 374      41    16    78    41    50    60    69    81    53  74.9446     0     0     0     0     0     0     0     0     0  
 375     -15     6     0     8    -1   -24    -7    -1     6  75.1445     0     0     0     0     0     0     0     0     0  
 376      30    12    17    56    19    80     6    27     9  75.3444     0     0     0     0     0     0     0     0     0  
 377     -21     6   -74   -28    -4    19     4     2    -5  75.5444     0     0     0     0     0     0     0     0     0  
 378      57    59    58    38    29    45    87    25    38  75.7445     0     0     0     0     0     0     0     0     0  
 379     -16   -12   -14   -21   -37   -28   -16   -22    -6  75.9447     0     0     0     0     0     0     0     0     0  
 380      61    63    77     6    63    76    62    21    50  76.1447     0     0     0     0     0     0     0     0     0  
 381      20     4    -8    16   -11    19    -2   -17    23  76.3447     0     0     0     0     0     0     0     0     0  
 382      40    81    69    24    51     1    72    28    56  76.5447     0     0     0     0     0     0     0     0     0  
 383      -6   -11    -8   -16     6     0   -35   -42    -7  76.7447     0     0     0     0     0     0     0     0     0  
 384      80    70    20    36    40    74    31    11     7  76.9447     0     0     0     0     0     0     0     0     0  
 385      21   -15     6     2    10    -3   -32   -10   -39  77.1447     0     0     0     0     0     0     0     0     0  
 386      40    59    70    33    38    45    38    59    37  77.3446     0     0     0     0     0     0     0     0     0  
 387       7   -40   -31    12   -42     4    11   -17    22  77.5447     0     0     0     0     0     0     0     0     0  
 388      45    98    64    11    40    20    37    45    59  77.7446     0     0     0     0     0     0     0     0     0  
 389       2    13    20   -33     0    30    13    -4   -16  77.9445     0     0     0     0     0     0     0     0     0  
 390      61    -9    37    33    99    26    55    40    31  78.1444     0     0     0     0     0     0     0     0     0  
 391       5   -23   -24     5   -13    -8     3   -11     2  78.3442     0     0     0     0     0     0     0     0     0  
 392      76    45    33    40    30    80    42    68    17  78.5442     0     0     0     0     0     0     0     0     0  
 393     -32   -30     8     4   -27     0     8    19     7  78.7444     0     0     0     0     0     0     0     0     0  
 394      33    77    56    50    62   110    43    69    41  78.9444     0     0     0     0     0     0     0     0     0  
 395       4    18     1    26    -5   -23    -9   -72    12  79.1445     0     0     0     0     0     0     0     0     0  
 396      42    34    62    32    47    66    39    29    77  79.3446     0     0     0     0     0     0     0     0     0  
 397     -23    42     9   -36    24    -2   -28   -18   -51  79.5447     0     0     0     0     0     0     0     0     0  
 398      17    44    52    80    62    40    48    30    22   79.745     0     0     0     0     0     0     0     0     0  
 399       4   -57    -6    -4    13   -19   -19   -20    -5  79.9455     0     0     0     0     0     0     0     0     0  
 400      47    41    34    46    23    43    35    53    44  80.1461     0     0     0     0     0     0     0     0     0  
 401      35     0    -4    24    17    10   -19    12   -10  80.3468     0     0     0     0     0     0     0     0     0  
 402      71    42    -5    51    76    63    83    32   102  80.5477     0     0     0     0     0     0     0     0     0  
 403      27   -23   -10   -64     3   -22    -5    -4    -8  80.7488     0     0     0     0     0     0     0     0     0  
 404      50    48    63    52    22    21    84    38    39  80.9502     0     0     0     0     0     0     0     0     0  
 405      21   -28    10    36    44     3    31   -26    -4  81.1517     0     0     0     0     0     0     0     0     0  
 406     110    56    32    77    56    55    56    55    34  81.3533     0     0     0     0     0     0     0     0     0  
 407      -7   -46   -56    20    -8     9   -14   -10    17  81.5548     0     0     0     0     0     0     0     0     0  
 408      84    52    49    47    49    55    55    10     5  81.7564     0     0     0     0     0     0     0     0     0  
 409       3    -1   -32   -34     7   -36    12    -4   -10   81.958     0     0     0     0     0     0     0     0     0  
 410      53    49    65    46    21    50    20    68    40  82.1595     0     0     0     0     0     0     0     0     0  
 411     -27     9    12    -5   -41   -43   -40   -34    -5   82.361     0     0     0     0     0     0     0     0     0  
 412      -6    24    37    83    33     0    60    67    69  82.5623     0     0     0     0     0     0     0     0     0  
 413      20     2    22   -44   -41   -24    -3    21     6  82.7638     0     0     0     0     0     0     0     0     0  
 414      72    27    53    58    14    61    46    67    32  82.9654     0     0     0     0     0     0     0     0     0  
 415       0     9   -28    24   -11    17   -40   -32    33  83.1669     0     0     0     0     0     0     0     0     0  
 416      30    18    35    15    77    36    33    43     8  83.3683     0     0     0     0     0     0     0     0     0  
 417      -2    -2    20    -7    14    25   -67   -37    16  83.5697     0     0     0     0     0     0     0     0     0  
 418      52    77    39    15    33    34    28     4     5  83.7709     0     0     0     0     0     0     0     0     0  
 419       0     8    -3     0   -21   -15   -37   -23     7  83.9722     0     0     0     0     0     0     0     0     0  
 420      30    79    67    87    49    41    55    72    55  84.1734     0     0     0     0     0     0     0     0     0  
 421     -10    23   -36   -33   -13     2    28    24    29  84.3745     0     0     0     0     0     0     0     0     0  
 422      41    29    24    59    39    40    33    39    35  84.5756     0     0     0     0     0     0     0     0     0  
 423     -23   -27   -23     4     3   -10   -17   -14    -1  84.7767     0     0     0     0     0     0     0     0     0  
 424      28    51    69    26    18    29    53    52    23  84.9775     0     0     0     0     0     0     0     0     1  
 425      -2    -9    35   -18     9   -35   -33    -3    31  85.1784     0     0     0     0     0     0     0     0     0  
 426      24    46    85    25    53    32    64    41    62  85.3792     0     0     0     0     0     0     0     0     0  
 427     -19   -34   -31    14   -23     9    -6    -4    10    85.58     0     0     0     0     0     0     0     0     0  
 428      32    31    10    33    51    71    49    42    29  85.7806     0     0     0     0     0     0     0     0     0  
 429       0   -19    -8   -36    22   -23    22    76   -18  85.9813     0     0     0     0     0     0     0     0     0  
 430      71    47    79    75    59    42    64    59    52  86.1819     0     0     0     0     0     0     0     0     0  
 431     -49    -7    -7   -15   -15    13   -28     3   -30  86.3825     0     0     0     0     0     0     0     0     0  
 432      43    23    12    20    61    66    43    58    33  86.5829     0     0     0     0     0     0     0     0     0  
 433     -10    -8   -53    17   -49     5   -13     0   -10  86.7833     0     0     0     0     0     0     0     0     0  
 434      63    37    81    73    84    48    60    79    76  86.9837     0     0     0     0     0     0     0     0     0  
 435      28    -8     9   -41   -63   -16     0    33   -26  87.1842     0     0     0     0     0     0     0     0     0  
 436      16    49    49    47     8    -2    17    58    61  87.3846     0     0     0     0     0     0     0     0     0  
 437      25     3     2   -17     1    11   -36    39   -31  87.5851     0     0     0     0     0     0     0     0     0  
 438      67    43    78    64    54    55    63    16    64  87.7857     0     0     0     0     0     0     0     0     0  
 439     -32    11   -40    23   -25    -3   -11   -15    -8  87.9864     0     0     0     0     0     0     0     0     0  
 440      26    27    60    76    57    44     8    17    50   88.187     0     0     0     0     0     0     0     0     0  
 441      31     5    28    -7   -18     4   -42   -18    13  88.3877     0     0     0     0     0     0     0     0     0  
 442      26    37    32    58    47    16    53    89    30  88.5883     0     0     0     0     0     0     0     0     0  
 443      -7   -12   -52   -20   -10    22   -24     8     4   88.789     0     0     0     0     0     0     0     0     1  
 444      27     1    48    28    50    37    28    22    54  88.9897     0     0     0     0     0     0     0     0     0  
 445     -25    -2   -21   -26    -4     8   -39    12   -17  89.1906     0     0     0     0     0     0     0     0     0  
 446      29    49    58    44    44    53    45    35    35  89.3915     0     0     0     0     0     0     0     0     0  
 447      14   -81    20   -43    -7   -45   -47    -9   -37  89.5926     0     0     0     0     0     0     0     0     0  
 448      53    46    55    26    11    59     1    31    44  89.7935     0     0     0     0     0     0     0     0     0  
 449      16    25    -3    12     9   -23   -11     2   -23  89.9946     0     0     0     0     0     0     0     0     0  
 450      29    46    36    77     9    37    58    30    32  90.1956     0     0     0     0     0     0     0     0     1  
 451      -7   -11   -26     1     3   -11    30   -40   -36  90.3967     0     0     0     0     0     0     0     0     0  
 452      21    12    85    35    64    25    50    24    30  90.5976     0     0     0     0     0     0     0     0     0  
 453       2    33   -15     4   -25    -7    -6     2   -18  90.7987     0     0     0     0     0     0     0     0     0  
 454      32    39    82    56    31    44    74    48    72  90.9998     0     0     0     0     0     0     0     0     0  
 455       3   -14   -20   -33   -11   -33    -3    -5   -22  91.2011     0     0     0     0     0     0     0     0     0  
 456      35    44    31    44    48    35    53    90   -10  91.4024     0     0     0     0     0     0     0     0     0  
 457       9    17   -64     0   -31    23     5     4     7  91.6038     0     0     0     0     0     0     0     0     0  
 458      65    56    16    40    52    60    25    64    29  91.8051     0     0     0     0     0     0     0     0     0  
 459      -5   -17    10   -26    14   -28   -11   -16   -27  92.0065     0     0     0     0     0     0     0     0     0  
 460     101    35     5    35    40    19    14    54    52  92.2078     0     0     0     0     0     0     0     0     0  
 461      34    14   -32     2     1    14   -23    -7     3  92.4092     0     0     0     0     0     0     0     0     0  
 462      34    49    40    95    24    41    44    30    31  92.6106     0     0     0     0     0     0     0     0     0  
 463      36     9    -7    -6   -13   -37    26   -28   -26   92.812     0     0     0     0     0     0     0     0     0  
 464      59    31    75    44    28    15    69    40    75  93.0132     0     0     0     0     0     0     0     0     0  
 465      19     8   -33    40     4   -41    -5   -23   -32  93.2145     0     0     0     0     0     0     0     0     0  
 466      34    72    86    39    82    60    61    87    58  93.4157     0     0     0     0     0     0     0     0     0  
 467     -30    -6   -18    -1    -5     8    11     5    -8   93.617     0     0     0     0     0     0     0     0     0  
 468      66    59    90    23    55    28    73    17    29  93.8181     0     0     0     0     0     0     0     0     0  
 469      -8   -11   -14     8    -6   -14   -26   -12    20  94.0193     0     0     0     0     0     0     0     0     0  
 470      47    71    29    42    52    68    81    25    41  94.2206     0     0     0     0     0     0     0     0     0  
 471      -4     0    11    26     8    14   -14   -55     2   94.422     0     0     0     0     0     0     0     0     0  
 472      81    55    31    74    60    57    44    43    42  94.6233     0     0     0     0     0     0     0     0     0  
 473     -18    15   -26     9   -26    -6    15   -20     6  94.8246     0     0     0     0     0     0     0     0     0  
 474      50    27    42    43    42    37    68    60    46   95.026     0     0     0     0     0     0     0     0     0  
 475     -13   -16   -18   -25    -8   -39   -19   -28   -22  95.2273     0     0     0     0     0     0     0     0     0  
 476      62    87    40    94    43    48    45     5    63  95.4285     0     0     0     0     0     0     0     0     0  
 477      -3   -10    -1    -7    21   -24   -48    26    11  95.6297     0     0     0     0     0     0     0     0     0  
 478      24    57    63    12    59    55    32    24    10   95.831     0     0     0     0     0     0     0     0     0  
 479     -27    -2   -20    13   -44   -33   -11    15   -24  96.0326     0     0     0     0     0     0     0     0     0  
 480      19    18    29    62    28    37    15    26    49  96.2341     0     0     0     0     0     0     0     0     0  
 481       0   -23   -61    -3    13    39   -13   -44    -9  96.4357     0     0     0     0     0     0     0     0     0  
 482      17    40    45    34    54    59    34    31    37  96.6372     0     0     0     0     0     0     0     0     0  
 483      14    -5   -20    -7   -28   -10   -43    -7   -10  96.8389     0     0     0     0     0     0     0     0     0  
 484       6    36    57    84    27    11    34    65    53  97.0405     0     0     0     0     0     0     0     0     0  
 485       1   -21     1     7     0     4    16    21   -10  97.2423     0     0     0     0     0     0     0     0     0  
 486      37    39    37    52    74    34    44    48    57  97.4443     0     0     0     0     0     0     0     0     0  
 487     -51   -18    12    11     2   -37   -16     5   -14  97.6465     0     0     0     0     0     0     0     0     0  
 488      13    66    22    20    51    46    53    37    40  97.8487     0     0     0     0     0     0     0     0     0  
 489       6   -12   -21   -43    12     3    -8    28   -32   98.051     0     0     0     0     0     0     0     0     0  
 490      65    53    56    24    22    57    88    59    67  98.2531     0     0     0     0     0     0     0     0     0  
 491       4    15    25   -21    -7   -34    17    -8   -33   98.455     0     0     0     0     0     0     0     0     1  
 492      52    36    41    78    40    30    38    33    77  98.6567     0     0     0     0     0     0     0     0     1  
 493     -20    -3    -9   -49   -13   -16    22    -3     7  98.8585     0     0     0     0     0     0     0     0     0  
 494      39    29    51    74    57    51    59    27    34  99.0602     0     0     0     0     0     0     0     0     1  
 495      27    -1   -15   -17    17   -40   -60   -23   -24  99.2619     0     0     0     0     0     0     0     0     1  
 496      51    37    44    10    26    45    61    20    70  99.4634     0     0     0     0     0     0     0     0     0  
 497      -6    13     8   -34    11    18   -20    25     1  99.6648     0     0     0     0     0     0     0     0     0  
 498     -27   -22   -73   -61   -33   -27   -11   -69   -32   99.866     0     0     0     0     0     0     0     0     1  
 499     -69   -91  -150  -101   -85   -73   -87  -110   -88  100.067     0     0     0     0     0     0     0     0     1  
 500     -41   -42   -26   -28   -18   -57   -23   -41    -6  100.267     0     0     0     0     0     0     0     0     0  
 501     -73   -45   -77   -84   -80  -112   -99  -101  -107  100.467     0     0     0     0     0     0     0     0     0  
 502     -28   -27   -15   -14    32     6   -29     9   -22  100.666     0     0     0     0     0     0     0     0     1  
 503     -70   -93   -76   -87   -99   -75   -75   -61   -70  100.866     0     0     0     0     0     0     0     0     0  
 504      71    40    47    27    27    55    32    60    70  101.065     0     0     0     0     0     0     0     0     0  
 505      22    35    -8   -13    -3    12   -25   -51    40  101.264     0     0     0     0     0     0     0     0     0  
 506      49    31    54    53    30    48    39    50    69  101.463     0     0     0     0     0     0     0     0     0  
 507     -47    -7     2    -6   -10    -8   -59     8     1  101.662     0     0     0     0     0     0     0     0     1  
 508      37    73    37    58    37    48   -15    29    55  101.861     0     0     0     0     0     0     0     0     1  
 509      -3     1    10    14   -56    -6   -26   -21    20   102.06     0     0     0     0     0     0     0     0     0  
 510      48    20    35    59    37     6    51    53    45   102.26     0     0     0     0     0     0     0     0     1  
 511     -31     7    -7   -15     5   -15   -48   -45     4  102.459     0     0     0     0     0     0     0     0     1  
 512     -24   -22   -22   -17     9   -38    -5     1    -9  102.658     0     0     0     0     0     0     0     0     1  
 513      -5     1   -33    39    -8   -16    30   -15     4  102.856     0     0     0     0     0     0     0     0     1  
 514     -37   -14   -39   -60    14     2   -40     3   -28  103.055     0     0     0     0     0     0     0     0     1  
 515     -17   -30     0     7    -7   -34   -16     0    18  103.255     0     0     0     0     0     0     0     0     0  
 516     -24   -46     0   -29     5   -48    -4    -4    -4  103.454     0     0     0     0     0     0     0     0     1  
 517       0   -14   -36   -16   -35   -67   -35    18   -28  103.653     0     0     0     0     0     0     0     0     1  
 518     -28   -25   -39   -19   -47    11   -18   -25   -39  103.853     0     0     0     0     0     0     0     0     1  
 519     -42     3   -22   -21    -6   -37    -5   -17   -18  104.053     0     0     0     0     0     0     0     0     1  
 520     -23   -32   -26   -11    -6    -6   -26    12    -3  104.253     0     0     0     0     0     0     0     0     1  
 521     -27   -42   -50   -27   -25   -33   -12    -8    -1  104.453     0     0     0     0     0     0     0     0     1  
 522      -4   -54   -33   -13   -23   -51    -3     5   -38  104.653     0     0     0     0     0     0     0     0     1  
 523     -18   -43   -34    -8    -6   -10   -21   -17   -20  104.853     0     0     0     0     0     0     0     0     0  
 524     -10    21   -25   -14   -32    17     4   -19   -23  105.053     0     0     0     0     0     0     0     0     1  
 525      13   -39   -13   -26    20   -28   -37   -47   -36  105.254     0     0     0     0     0     0     0     0     1  
 526       0   -18   -12    -3   -37    -1     6    10   -10  105.454     0     0     0     0     0     0     0     0     1  
 527     -62     2    13     2   -25   -28   -25   -18   -13  105.655     0     0     0     0     0     0     0     0     1  
 528      -4   -63     5   -22   -31   -13   -49   -53   -42  105.856     0     0     0     0     0     0     0     0     1  
 529     -13    10   -48   -31   -22   -33    -9   -27    14  106.056     0     0     0     0     0     0     0     0     1  
 530     -50     0   -27   -27   -24   -23   -41   -25    23  106.257     0     0     0     0     0     0     0     0     1  
 531      -9   -12    -6    -4   -27   -15   -12   -57     4  106.458     0     0     0     0     0     0     0     0     1  
 532       0   -21   -42   -21   -30    -3    22    -9   -17  106.659     0     0     0     0     0     0     0     0     1  
 533     -36   -47    -3   -10   -38    -8    11   -17   -33   106.86     0     0     0     0     0     0     0     0     1  
 534      -1   -21   -44   -33   -22   -23   -20    16   -19  107.061     0     0     0     0     0     0     0     0     0  
 535     -24   -31     2   -45   -26   -20   -22    -8    -5  107.262     0     0     0     0     0     0     0     0     1  
 536     -22   -10   -16   -27   -22   -10     1    19    -9  107.462     0     0     0     0     0     0     0     0     1  
 537     -11   -32   -26   -51    -3   -17   -31   -50     6  107.663     0     0     0     0     0     0     0     0     1  
 538     -43     1    -2     7   -16    -9   -57     7   -56  107.864     0     0     0     0     0     0     0     0     1  
 539     -22   -11    -1   -27   -23   -22   -25   -17   -33  108.064     0     0     0     0     0     0     0     0     1  
 540     -29   -65   -35    11   -28   -46   -32    35   -13  108.265     0     0     0     0     0     0     0     0     1  
 541      -2    -2    -8   -26   -47   -20     6   -46   -19  108.465     0     0     0     0     0     0     0     0     1  
 542     -67    14     9    -1   -48   -30   -25     7    63  108.666     0     0     0     0     0     0     0     0     0  
 543      11    -6     3    10   -29    -7   -28    -7   -18  108.866     0     0     0     0     0     0     0     0     1  
 544     -27    -2    -5   -18    11    -6     2   -13   -37  109.067     0     0     0     0     0     0     0     0     1  
 545     -10    -8   -32   -52     7   -32    -5   -34    -7  109.267     0     0     0     0     0     0     0     0     1  
 546     -47    -2   -28    -7   -10    -4    21   -46    13  109.468     0     0     0     0     0     0     0     0     1  
 547      16   -10   -23   -11    12    13    19   -15   -27  109.668     0     0     0     0     0     0     0     0     1  
 548       8     8    -6   -24    10     2    -8    22    -9  109.869     0     0     0     0     0     0     0     0     1  
 549      16   -14   -19   -25   -48   -16    -9   -30   -12  110.069     0     0     0     0     0     0     0     0     1  
 550      28   -26   -20   -11     4   -46     2   -25   -34   110.27     0     0     0     0     0     0     0     0     1  
 551     -33    -2    10    -8   -17    -4   -27   -28   -36  110.471     0     0     0     0     0     0     0     0     1  
 552     -19   -38    26     4    15   -10    14     0   -11  110.672     0     0     0     0     0     0     0     0     1  
 553      -8   -24   -40   -51   -31   -34   -31    -8   -25  110.872     0     0     0     0     0     0     0     0     1  
 554     -36   -37     5     5   -44   -21    -6   -30   -36  111.073     0     0     0     0     0     0     0     0     1  
 555      -1    -5    14   -10    -5    11   -29   -17   -39  111.274     0     0     0     0     0     0     0     0     1  
 556     -27   -14    15    18    -9    32    20   -10    -3  111.475     0     0     0     0     0     0     0     0     1  
 557     -18   -29    -7   -19   -29   -37   -26   -29   -38  111.675     0     0     0     0     0     0     0     0     1  
 558     -24   -60     2    17   -39   -19    11   -41   -35  111.876     0     0     0     0     0     0     0     0     1  
 559      15   -25   -16   -19   -28   -23   -24   -20   -52  112.077     0     0     0     0     0     0     0     0     1  
 560     -13    10    -1   -31   -44    -6   -46     4   -24  112.278     0     0     0     0     0     0     0     0     1  
 561      -3   -21   -12   -20    27   -20    19     6     0  112.479     0     0     0     0     0     0     0     0     1  
 562     -30   -15   -35   -13    -4   -29   -27   -29   -29  112.681     0     0     0     0     0     0     0     0     1  
 563     -35    11   -19     1    13   -30    -9   -30   -24  112.882     0     0     0     0     0     0     0     0     1  
 564      11     4    -6   -10   -31   -10    30     4    19  113.083     0     0     0     0     0     0     0     0     1  
 565      10     5    11   -46   -39   -17   -23   -35   -15  113.283     0     0     0     0     0     0     0     0     1  
 566      -6   -19   -48     1   -26   -38   -28   -17   -13  113.484     0     0     0     0     0     0     0     0     1  
 567      -9   -22    14    -5     3    14     0   -48   -40  113.685     0     0     0     0     0     0     0     0     1  
 568     -24    -6    -8    11    10   -14   -25   -10   -44  113.885     0     0     0     0     0     0     0     0     1  
 569     -28   -28   -34   -14   -18   -44   -36   -41   -35  114.086     0     0     0     0     0     0     0     0     1  
 570     -26   -48   -19    12   -12   -56   -10   -38    13  114.286     0     0     0     0     0     0     0     0     1  
 571     -36    19     9     2   -49     5   -82   -11   -12  114.487     0     0     0     0     0     0     0     0     1  
 572       3   -21   -18   -20    14   -19    -3   -10   -21  114.687     0     0     0     0     0     0     0     0     1  
 573      -9   -20   -29    -9   -23   -50   -30   -30   -25  114.887     0     0     0     0     0     0     0     0     1  
 574     -68   -44    -3   -17   -26   -25   -60     6   -38  115.087     0     0     0     0     0     0     0     0     1  
 575     -60   -14   -24    32    -6   -34   -12    -4   -19  115.287     0     0     0     0     0     0     0     0     0  
 576     -33   -26     3   -28   -23   -21   -45   -19   -15  115.488     0     0     0     0     0     0     0     0     1  
 577       4   -18   -20   -57    12    -7   -17   -26   -27  115.688     0     0     0     0     0     0     0     0     0  
 578     -32    -7   -18   -28   -29   -40   -16   -28    -3  115.888     0     0     0     0     0     0     0     0     0  
 579     -35    -9   -20   -51   -21    -6     0   -18    -4  116.087     0     0     0     0     0     0     0     0     1  
 580      -4   -15   -31   -44     4   -25   -24    -3   -35  116.287     0     0     0     0     0     0     0     0     1  
 581      -3   -64     4   -39   -19   -59   -14   -72   -31  116.487     0     0     0     0     0     0     0     0     1  
 582       0   -28    11   -18    11   -23   -41     1   -42  116.687     0     0     0     0     0     0     0     0     1  
 583     -22     1   -20     2    -5    -9     5   -14   -33  116.887     0     0     0     0     0     0     0     0     1  
 584     -42   -12     4   -27   -47    -8    -2    16   -17  117.087     0     0     0     0     0     0     0     0     1  
 585     -14   -21     2   -15   -36   -52    12   -25   -17  117.286     0     0     0     0     0     0     0     0     1  
 586     -13   -25   -47   -48   -38   -28   -19   -27   -44  117.485     0     0     0     0     0     0     0     0     1  
 587     -26     1   -22   -18   -32   -47   -33     9   -36  117.684     0     0     0     0     0     0     0     0     1  
 588     -28     0   -10    21     5   -27   -22   -43   -36  117.883     0     0     0     0     0     0     0     0     1  
 589      16    -6    -2   -15   -22   -15   -16   -12   -36  118.083     0     0     0     0     0     0     0     0     0  
 590     -59   -51   -24   -33     4     5   -39   -16     4  118.282     0     0     0     0     0     0     0     0     1  
 591     -38    17   -22   -10    10    -9    23    18     5  118.481     0     0     0     0     0     0     0     0     1  
 592      30   -27   -22    29    -3     1    16     1   -11   118.68     0     0     0     0     0     0     0     0     1  
 593       4     2   -22   -16   -20   -43    17     6   -46  118.879     0     0     0     0     0     0     0     0     1  
 594       0   -47     7    18   -18   -33   -10    12   -86  119.078     0     0     0     0     0     0     0     0     1  
 595     -51     8   -29   -29    -2   -37   -19    13   -28  119.278     0     0     0     0     0     0     0     0     1  
 596      30   -11    -6   -51    10   -38     3   -62   -29  119.477     0     0     0     0     0     0     0     0     1  
 597      18   -17    -4   -38    17   -20   -76   -11   -20  119.676     0     0     0     0     0     0     0     0     1  
 598     -25   -12   -22   -27     0   -18   -20    -6   -39  119.875     0     0     0     0     0     0     0     0     0  
 599     -19     9    14    -9   -19    -8    -6   -13   -22  120.075     0     0     0     0     0     0     0     0     1  
 600      35    16    -9   -11     0   -19    -2    35   -16  120.274     0     0     0     0     0     0     0     0     1  
 601      15   -15   -45     2   -10   -22    -7    -5    -6  120.474     0     0     0     0     0     0     0     0     1  
 602     -42   -10     0   -24   -17   -11   -25   -18   -22  120.674     0     0     0     0     0     0     0     0     1  
 603     -30     0   -28   -34   -40     4     6    38    -9  120.874     0     0     0     0     0     0     0     0     1  
 604     -41   -13   -20    17     0    -9   -81   -19   -15  121.074     0     0     0     0     0     0     0     0     1  
 605      16   -25   -20   -10   -35   -43     2    -5    -6  121.274     0     0     0     0     0     0     0     0     1  
 606     -15    12    10    -8   -17   -11   -57   -11   -59  121.473     0     0     0     0     0     0     0     0     1  
 607      -2     0    17   -49   -14   -14   -18   -22    -7  121.673     0     0     0     0     0     0     0     0     1  
 608       0    26     0   -30    -4     1    13    11     2  121.873     0     0     0     0     0     0     0     0     1  
 609     -34    -3   -22    -2    -9   -32    26   -16   -26  122.072     0     0     0     0     0     0     0     0     0  
 610     -11   -21    14   -42   -69   -31   -41   -41   -63  122.272     0     0     0     0     0     0     0     0     1  
 611      -4   -45    10    31   -36   -54   -42   -29    -7  122.472     0     0     0     0     0     0     0     0     0  
 612     -10     5     5   -47    -7   -18   -12   -24   -22  122.672     0     0     0     0     0     0     0     0     1  
 613     -25   -32   -10   -49    40   -19    -4   -18     2  122.872     0     0     0     0     0     0     0     0     1  
 614      -5   -35    -6   -10     4    17   -10   -26    -2  123.072     0     0     0     0     0     0     0     0     1  
 615      -5    -8   -14    22     3   -15    39    -9   -11  123.272     0     0     0     0     0     0     0     0     1  
 616      14   -42   -25   -16    -4    11   -34    -8   -35  123.472     0     0     0     0     0     0     0     0     1  
 617      12    21   -60   -57   -10   -27    -4     1    11  123.672     0     0     0     0     0     0     0     0     1  
 618     -13    -2   -58    -3    -6   -10    -4   -11   -30  123.871     0     0     0     0     0     0     0     0     1  
 619      -5   -16    -6    57    -5   -22     0    25    -2  124.071     0     0     0     0     0     0     0     0     1  
 620     -36     0    25    -2   -19    -6   -24   -26   -50  124.271     0     0     0     0     0     0     0     0     1  
 621     -42    15   -23   -26   -47    -8   -19   -32   -44   124.47     0     0     0     0     0     0     1     0     1  
 622     -49   -33   -45   -34    -3   -24   -28    20   -31  124.669     0     0     0     0     0     0     0     0     1  
 623     -44   -29    10   -32     4    24    -5    -8    28  124.869     0     0     0     0     0     0     0     0     1  
 624     -35     7   -39   -10    -4     2    16    -1   -19  125.068     0     0     0     0     0     0     0     0     0  
 625     -16    11    -6     4    -4   -22   -30   -19   -38  125.267     0     0     0     0     0     0     0     0     1  
 626      -9    -5    21   -21     5   -15   -25     7   -42  125.466     0     0     0     0     0     0     0     0     1  
 627       4   -11   -41    -6   -29     1     2   -34   -36  125.664     0     0     0     0     0     0     0     0     1  
 628     -52   -29   -47     9     8    -4    23    31   -12  125.863     0     0     0     0     0     0     0     0     1  
 629      -2   -49   -14   -33    -9   -46   -16    -9   -37  126.062     0     0     0     0     0     0     0     0     1  
 630     -20   -55   -34   -48   -36   -34    24   -26    -8   126.26     0     0     0     0     0     0     0     0     1  
 631     -11   -43    -1    -5    -6   -41    -2   -15   -30  126.459     0     0     0     0     0     0     0     0     1  
 632     -37   -21    -7    33   -19    10    -3   -28     3  126.657     0     0     0     0     0     0     0     0     1  
 633       3   -18    -3    16   -15   -16   -15   -60   -32  126.856     0     0     0     0     0     0     0     0     1  
 634     -30   -14     0     6     8   -41   -26    16    -6  127.054     0     0     0     0     0     0     0     0     1  
 635      -1    13    -4   -33    -7    -1   -53   -10   -14  127.252     0     0     0     0     0     0     0     0     1  
 636       3    -5   -56   -11     8    18     7   -14    22  127.451     0     0     0     0     0     0     0     0     1  
 637     -57   -40   -25    -9     8    -9   -13     1    23   127.65     0     0     0     0     0     0     0     0     0  
 638     -35   -37     9   -17   -36   -13    28   -18   -15  127.849     0     0     0     0     0     0     0     0     1  
 639     -16     9   -46   -20   -29   -35   -18   -31    -1  128.047     0     1     0     0     0     0     0     0     1  
 640      -1   -15   -32    -4   -32     3    12   -19   -20  128.246     0     0     0     0     0     0     0     0     1  
 641     -10   -64   -12   -41    24   -26   -19   -26    11  128.445     0     0     0     0     0     0     0     0     1  
 642     -43    -9    -4   -40    25   -11   -20   -12    17  128.644     0     0     0     0     0     0     0     0     1  
 643      -3    -1   -14    17   -14   -28   -15   -31   -20  128.843     0     0     0     0     0     0     0     0     0  
 644     -20    -7   -32    -3    -6   -11   -42   -27   -35  129.042     0     0     0     0     0     0     0     0     0  
 645     -34   -17   -32   -25    -2   -22   -15   -39   -33   129.24     0     0     0     0     0     0     0     0     0  
 646     -36     4   -16     4   -29     5   -65   -27    -8  129.439     0     0     0     0     0     0     0     0     0  
 647     -34   -21   -29    -1   -35    10     0    11   -14  129.638     0     0     0     0     0     0     0     0     0  
 648      -8   -32    -3    16   -22    -4    -9    50   -23  129.837     0     0     0     0     0     0     0     0     0  
 649     -27   -48   -12     1    -7   -23    18    16    10  130.036     0     0     0     0     0     0     0     0     0  
 650     -29   -16   -24   -22   -22   -21   -38     3   -51  130.235     0     0     0     0     0     1     0     1     0  
 651     -38   -10   -58     8   -27   -34   -13    -3   -38  130.433     0     0     0     0     0     0     0     0     0  
 652      22   -32   -61    16   -12    -3   -19   -23    13  130.632     0     0     0     0     0     0     0     1     1  
 653       0     2     8   -20   -24    30    -7     6   -17  130.831     0     0     0     0     0     0     0     0     1  
 654      17   -17    18     4   -42    -4   -33     0   -73   131.03     0     0     0     0     0     0     0     0     1  
 655     -16   -12     3   -40   -37   -28   -66   -28    -6  131.229     0     0     0     0     0     0     0     0     1  
 656     -36     0   -21    10   -14   -10     7   -28   -23  131.427     0     0     0     0     0     0     0     0     1  
 657     -45   -10   -24   -27   -20   -22   -36    -9   -11  131.626     0     0     0     1     0     0     0     0     1  
 658     -78   -50   -60     2    19   -43    -7    40   -11  131.825     0     0     0     1     0     0     0     0     1  
 659     -27    -1    19     8   -26    31   -18   -44   -31  132.023     0     0     1     0     0     0     0     0     1  
 660     -43   -61   -26    -5    -9     2   -24   -40    -7  132.222     1     0     0     0     0     0     0     0     1  
 661       7   -13    14   -36   -71   -27    -4   -29   -29  132.421     0     0     0     0     0     0     0     0     1  
 662       5   -20   -18   -15   -23   -13   -45    -7   -31   132.62     0     0     0     0     0     0     0     0     1  
 663     -12    -5   -50    -6   -45    13     9   -13     2  132.818     0     0     0     0     0     0     0     0     1  
 664      -5   -16    -6    19     3    16   -27   -17    -8  133.018     0     0     0     0     0     0     0     1     1  
 665       3   -43   -26   -40   -24   -37   -33   -26   -10  133.217     0     0     0     0     0     0     0     0     1  
 666      -3   -31   -37     3   -35   -24   -29   -38   -43  133.416     0     0     0     0     1     0     0     0     1  
 667     -21   -11    28   -13   -22   -56    -5   -32   -30  133.615     0     0     0     0     0     0     0     0     1  
 668     -24   -31     2   -19    -3    16   -25   -13     1  133.815     0     1     0     0     0     1     0     0     1  
 669     -13    15   -33   -13    30    -1   -23     8    14  134.014     0     0     0     0     0     1     0     0     1  
 670      18    13    -9   -24   -18   -25   -28    -9   -16  134.214     0     0     0     1     0     0     0     0     1  
 671      -3    -7    -3    -3   -14   -15    -1   -15   -11  134.413     0     0     0     0     1     0     0     0     1  
 672     -27     0   -33    -3   -24    14   -27   -18   -16  134.613     0     0     0     0     0     1     1     1     1  
 673       8    19   -41   -25    10    -6   -31   -23   -35  134.812     0     0     0     0     0     0     0     1     1  
 674     -13   -18   -12    -9   -24   -19   -13   -12   -10  135.012     0     0     1     0     0     1     0     0     0  
 675     -30    -8   -20   -28    -3    12     5   -25    -9  135.211     0     0     0     0     0     0     0     0     1  
 676     -20   -27    55    -5   -21    -7    -8     6   -14  135.411     0     0     1     0     0     0     0     0     1  
 677     -29   -20   -16     5     8   -44   -19     0   -50   135.61     0     0     0     0     0     0     0     0     1  
 678      -9   -39   -41    23   -38   -39   -25   -15   -51  135.809     0     1     0     1     0     1     1     0     1  
 679     -17   -13     0   -34   -15     9    12    32    -3  136.008     0     0     1     1     0     0     1     1     1  
 680       1    -2     2   -15    -7    40    -4    -2   -22  136.207     0     1     0     0     0     0     0     0     1  
 681      14    -8    -4   -12   -54   -48    20     8    18  136.406     0     0     1     0     1     0     0     0     1  
 682       7     3   -13   -29   -22     5   -33     8     2  136.604     1     1     1     1     0     0     1     0     1  
 683       9    16    10   -10   -24    -1   -20   -20     6  136.803     0     1     0     1     1     0     0     1     1  
 684      10   -39     5   -34    53     5   -21   -33   -27  137.002     1     0     0     1     0     1     1     1     1  
 685     -22   -31    -7   -48   -57   -37   -31   -45   -12  137.201     0     1     0     1     0     1     1     0     1  
 686     -15    -1   -24   -36    -9   -14    -2   -22   -70  137.399     1     1     0     1     1     1     0     0     1  
 687       7   -19   -15   -24   -25   -28   -16    -8   -14  137.598     1     1     1     1     0     1     1     1     1  
 688     -19   -46   -45   -17    14    13   -16   -38   -31  137.797     0     1     1     1     0     1     1     0     1  
 689      -9   -20   -41   -11   -24   -32    15    -8   -18  137.995     0     1     1     0     0     0     1     1     1  
 690     -49   -18   -11    -9   -21     6   -12   -26    16  138.194     1     1     1     1     1     1     1     1     1  
 691      -4   -15     3   -51   -67   -56   -46   -14   -50  138.393     1     1     1     1     1     1     1     1     1  
 692     -43    12   -11   -12     1   -23     6   -25     9  138.592     1     1     1     1     1     1     1     1     1  
 693     -35   -10   -28   -30   -25   -63   -19   -12   -44   138.79     1     1     1     1     1     1     1     1     1  
 694     -50   -15   -12   -12   -35    -8   -27    -8    36  138.989     1     0     1     1     1     1     1     1     1  
 695      15   -28   -18   -29   -36   -22     5    -2   -27  139.188     1     1     1     1     1     1     0     0     1  
 696     -12     3    -1     7   -17   -21   -18    24    21  139.387     1     1     1     1     1     1     1     0     1  
 697     -44   -16   -16   -13   -37   -10   -24   -25    41  139.585     0     1     1     1     1     1     1     1     1  
 698     -44   -42     0   -17   -24   -45   -28   -30   -49  139.784     1     1     1     0     1     1     1     1     1  
 699     -25    -8    15   -21   -19    -7   -19   -33     2  139.983     1     1     1     1     0     1     1     0     1  
 700     -64   -15     6    -2   -28   -39    13   -30   -18  140.182     1     1     1     1     0     1     1     0     1  
 701     -15   -39   -24   -16   -28   -27   -50    -9   -45  140.381     0     1     1     0     1     0     1     1     1  
 702     -40   -79    -3   -13   -14    12    14   -52   -32   140.58     1     1     1     1     1     0     1     0     1  
 703     -40   -46    -2   -20   -29   -13   -14   -20   -11  140.779     1     1     1     1     1     1     1     1     1  
 704     -25    24   -28   -15    -4   -19     3   -17     6  140.978     1     1     0     1     1     0     0     1     1  
 705     -68   -38    -6   -21   -29   -38   -32   -25   -45  141.177     1     1     1     0     0     1     1     1     1  
 706     -10    14   -24    19    -3   -33   -61   -69   -20  141.377     1     1     1     1     1     1     1     1     1  
 707     -25   -24   -22   -35    13   -50    -7   -19   -12  141.576     0     0     1     1     1     0     0     0     1  
 708     -46   -14   -26   -14   -33    -1    52   -61   -31  141.776     1     0     0     1     1     1     0     0     1  
 709     -36   -45   -34   -46   -61   -44   -22   -19   -31  141.975     1     0     1     1     1     0     1     1     1  
 710     -41   -25   -14   -30    -7    -8   -43    24   -46  142.175     1     1     1     0     0     0     0     1     1  
 711     -12     0   -38   -22   -47   -43    -3   -16   -32  142.375     1     0     0     1     1     0     1     1     1  
 712      -7   -21   -13    30     9   -25   -23   -20   -34  142.574     1     0     0     1     1     1     1     1     1  
 713      -5    -3   -42    24   -26   -47    -7   -23   -21  142.773     0     1     1     1     1     1     1     1     1  
 714     -40   -27     7     6   -13     2   -17   -16   -45  142.972     1     0     1     1     1     1     1     1     1  
 715      28   -23     3   -27    -2   -41   -21   -17     6  143.172     0     1     1     1     1     1     1     1     2  
 716       2   -17     2     2    -2     2   -14     8    -6  143.371     1     0     1     1     1     1     1     1     1  
 717      -8   -25     8    16   -60     7    -4   -58    15   143.57     1     0     1     0     1     1     1     1     1  
 718     -24   -21   -29   -15   -23   -11   -28   -31   -25  143.769     1     0     0     1     1     1     1     1     1  
 719     -28     0    -4    30   -16     4    -6   -59    -9  143.968     1     0     1     1     1     1     1     0     1  
 720     -28     7   -28   -15    -1   -31    -9    -7    13  144.168     1     1     1     1     1     1     1     1     1  
 721     -30   -32    -4   -19   -10    -9   -17   -19   -15  144.367     1     1     0     0     1     0     0     1     1  
 722      20   -43   -43   -39   -25   -29   -10    23   -53  144.566     1     1     1     1     1     0     1     1     1  
 723       1    -5   -25    16    -9   -13   -19   -43     5  144.765     0     1     1     1     1     1     1     1     1  
 724      20    14   -56   -32   -43    -6   -13   -21   -35  144.965     1     1     0     1     1     0     1     1     1  
 725      -3   -25   -65   -24   -45    -3   -18   -11   -14  145.165     1     1     1     1     0     0     1     0     1  
 726      22   -48   -37   -31   -19   -23   -17     2   -18  145.364     1     0     1     0     0     1     1     1     1  
 727      13    -2   -16   -47   -31     2   -27   -27    -7  145.564     1     0     1     1     1     1     0     1     1  
 728      -9   -43    36   -20    13    11   -30     9   -31  145.764     0     0     1     1     1     1     0     1     1  
 729     -56   -19   -27   -47    -6   -17    -2   -35    -1  145.965     1     1     1     1     0     1     0     0     1  
 730     -14   -32   -47    -4   -21   -13     4    16   -43  146.165     0     0     0     0     0     1     0     1     1  
 731      17   -27     3   -60   -17   -51    16   -15   -23  146.365     0     0     1     0     1     0     1     0     1  
 732     -57   -13     5   -12    -7   -10   -37    -7    16  146.565     0     1     0     1     1     0     1     1     1  
 733     -10   -30    -8   -41   -21    43    23   -28    17  146.765     0     0     1     1     0     0     1     0     1  
 734     -18    12   -35   -29    -5   -21   -52     7    -3  146.965     0     0     1     0     1     1     1     1     1  
 735       5   -10    -9    36   -46   -28   -15    -8   -14  147.165     1     0     0     1     0     1     1     0     1  
 736      -2    12   -38     0     2     7   -24   -51   -41  147.365     1     1     1     1     1     1     1     1     1  
 737     -39   -40   -38   -17   -58   -11     2   -17   -30  147.565     0     1     1     1     1     0     0     0     1  
 738      -9   -16   -21   -15   -25   -15   -22   -52    -4  147.765     1     0     1     1     0     0     0     1     1  
 739     -13    -8   -25     5   -30   -11   -26   -44   -55  147.965     1     1     1     0     1     0     1     1     1  
 740      -8    -3   -22    11   -42     8     1    21   -50  148.165     1     0     1     1     1     1     1     1     1  
 741     -62   -38    -9   -23   -22   -18   -42    32   -37  148.365     1     1     1     0     1     1     0     1     1  
 742     -49   -44     4   -42   -15   -54    23   -15     4  148.565     1     0     1     0     0     0     1     1     1  
 743     -17   -22   -11   -27    -9     4     8   -37   -16  148.765     0     1     1     1     1     1     1     0     1  
 744      -2     0   -19     0     5   -11   -52   -19    -2  148.964     1     1     1     1     1     1     1     1     1  
 745     -21   -20   -40   -46   -19    -3   -44   -53     0  149.164     0     1     1     1     0     1     1     1     1  
 746     -15   -29   -16    -9    -2    27    -2   -17   -31  149.364     0     0     1     1     1     1     0     1     1  
 747      -7   -13    -5    -9    -6   -31   -35     2   -35  149.563     0     1     1     1     1     1     1     1     1  
 748     -39   -11    -4    15    -3   -14    19    10   -35  149.763     0     1     1     0     1     1     0     0     1  
 749     -29    -8     6    -2     4   -36     6     3   -20  149.963     1     0     1     0     1     1     1     1     1  
 750     -44    -5    -9     1   -28    -7    -1   -60   -27  150.162     0     1     0     0     0     1     1     1     1  
 751     -11   -34    -9    -3    -6    13   -29   -21     3  150.362     0     0     1     0     1     1     0     1     1  
 752     -32    -5    -8     3   -41   -57     7   -10   -33  150.562     1     1     0     0     1     1     1     0     1  
 753     -32    16   -35   -28   -57   -39    -6   -10    24  150.762     1     0     0     0     1     1     1     1     1  
 754      -6    -3   -36    24    -3   -28   -15   -13    15  150.962     0     1     1     1     0     1     1     1     1  
 755     -11    27    -5    15   -62   -13    -3   -22    -7  151.161     1     1     1     0     1     1     1     1     1  
 756     -42    40    21   -12   -21     3    -6   -11    -3  151.361     0     1     1     1     0     1     0     0     1  
 757     -21    -4   -40   -27   -25   -24   -11   -44   -12  151.561     1     1     0     1     0     1     1     0     1  
 758     -21    23   -35   -18    20    10     1    17    -4   151.76     1     1     1     1     0     1     1     0     1  
 759     -31     7    21    -7   -35    -3    -8    -2     4   151.96     1     0     1     1     0     0     0     0     1  
 760     -21     0   -11    10    -3   -29   -38   -13     3   152.16     0     1     0     0     0     1     0     1     1  
 761      -7   -58   -29    13   -39   -41   -30   -28     3  152.359     1     1     1     0     1     1     1     1     1  
 762     -25   -13   -15   -21   -17   -35   -24   -16   -42  152.559     1     0     1     1     0     1     0     0     1  
 763      -4   -14    11   -30   -16   -18     5    28    34  152.758     1     0     1     1     0     1     0     1     1  
 764     -36   -23     9   -36   -10   -21     0   -11   -27  152.958     1     1     0     1     1     1     1     0     1  
 765       3   -47    11   -23   -26   -15   -24   -45   -47  153.157     1     1     0     1     1     1     0     0     1  
 766     -19   -29    -3   -28   -11     3     1   -38   -14  153.357     1     1     1     1     1     0     0     1     1  
 767      -6   -17     8   -59   -53   -34   -19   -16   -11  153.556     0     1     1     1     1     1     1     1     1  
 768     -38    23   -25     6    -6    -9    -6   -26   -13  153.756     0     1     1     1     1     1     0     1     1  
 769       3    -9     2   -25   -12   -11   -48    -3     1  153.955     1     1     0     1     1     0     0     0     1  
 770     -59   -22    -3     1   -46   -33   -14     3   -35  154.155     0     1     1     1     0     0     0     1     1  
 771       5   -10   -23   -14   -34    -8   -41   -13   -24  154.354     0     1     1     1     1     1     0     1     1  
 772     -19    19   -23   -29   -25     2   -14   -42    -9  154.554     1     1     1     1     1     1     0     1     1  
 773     -33   -25   -36   -10     6     5   -22   -25   -19  154.753     1     1     1     1     1     1     1     1     1  
 774      -3   -21   -37     0    -9   -21    -7   -46    -6  154.953     1     1     1     0     1     1     0     0     1  
 775      -9   -10    11    17   -32   -64    -3   -35    11  155.153     1     1     1     0     0     1     0     0     1  
 776      -8     6   -20   -29    -6   -20   -55    26   -51  155.352     1     1     1     1     1     0     0     1     1  
 777     -75   -77   -39   -43   -21   -10   -24   -15   -44  155.552     1     1     1     1     0     0     0     1     1  
 778     -37   -13   -10   -41    -3     3   -58   -12   -45  155.752     1     1     1     1     1     0     0     1     1  
 779      -7     0    28   -30   -24    18   -46   -39   -63  155.952     1     1     1     1     0     0     1     1     1  
 780     -20   -38    -9   -46   -35    -7   -40    23   -22  156.152     1     1     1     0     0     1     1     1     1  
 781      32   -12     7   -59   -52     2     6   -16   -41  156.353     1     1     0     0     1     0     1     1     1  
 782      -1   -33   -26   -47   -27   -41   -21    -8    -4  156.553     1     1     0     1     1     1     1     0     1  
 783     -26   -37    10    -2    -6    -9   -14    -8   -44  156.754     1     1     1     1     1     1     1     0     1  
 784       0    -7     3   -16    -9    16     4   -25   -38  156.954     1     1     0     0     1     0     1     1     1  
 785     -14   -64   -26   -10   -37   -28   -20   -37   -31  157.155     1     1     1     1     1     1     1     1     1  
 786     -39   -55   -38   -32   -51    -6   -50   -24    -4  157.356     1     1     1     1     0     1     0     0     1  
 787      -9   -23   -17   -45   -43   -20   -19    30    27  157.556     0     1     1     1     1     1     1     1     1  
 788      -7   -52    28    16     1     8   -43    10   -32  157.757     1     1     1     1     1     1     1     0     1  
 789     -43    12   -24    14     3     0   -23   -18     8  157.958     0     1     1     0     1     1     1     1     1  
 790     -38   -20   -52   -41   -33   -17   -31   -28    25  158.159     1     0     0     1     1     1     1     0     1  
 791      18     5   -17    -6    29   -23    -7    42   -40   158.36     0     1     1     1     1     1     1     1     1  
 792     -22     0   -11    26   -43   -18    -8     3    24  158.561     1     1     1     1     1     1     1     1     1  
 793     -42   -28    11   -29   -25     7    -7   -65    -9  158.762     1     1     1     1     0     0     0     0     1  
 794       5    -7   -39    -9    30   -15   -32   -16   -35  158.963     1     1     1     0     0     0     0     1     1  
 795      -5    18   -25   -13    -1   -13    -3   -10    -3  159.163     0     0     1     1     1     1     1     1     1  
 796      20   -18   -14   -28    -9    28   -33   -27   -40  159.364     1     0     0     0     1     1     0     0     1  
 797      25   -13   -26   -25   -15   -16   -33   -39    18  159.565     1     1     1     0     1     1     0     1     1  
 798     -24   -37   -19   -20   -44   -16   -33   -27   -11  159.766     1     1     0     1     1     0     1     1     1  
 799     -23   -18   -46   -17   -14   -33   -28    -7    -4  159.967     0     0     1     0     0     1     1     1     1  
 800     -18   -16   -24   -56    -4   -40    26   -21     3  160.168     1     1     0     1     1     1     1     1     1  
 801      -5   -23   -38    -6   -59   -49   -23   -32   -32  160.369     1     1     1     1     1     1     1     0     1  
 802      10   -15    27   -30   -30    -7   -25   -36   -35   160.57     1     1     1     1     1     1     1     1     1  
 803     -10    -5   -37   -49    -6   -47   -16   -23   -30  160.771     1     1     1     1     1     0     1     1     1  
 804     -53    33   -24   -40     2   -17     1   -44     7  160.972     1     1     1     1     1     1     1     0     1  
 805     -15   -37   -41   -25   -34   -33    11   -32   -11  161.173     1     1     1     0     1     0     1     1     1  
 806     -73   -27   -23    -7   -46     5    24   -22   -14  161.373     1     0     1     1     1     1     1     1     1  
 807     -42     9    -1   -16   -16   -39   -50     3    -5  161.574     1     1     0     1     0     1     0     0     1  
 808     -20   -10   -47    -8   -10     0     4   -17    -8  161.775     1     1     1     0     0     1     0     1     1  
 809       0    27   -17   -31   -15   -30   -27   -48     0  161.976     1     1     1     1     1     1     1     1     1  
 810     -26   -56     9     0   -17   -42    -9    -8   -52  162.176     0     1     1     0     1     0     1     1     1  
 811      -9   -52     7   -10   -42     3   -15    18   -10  162.377     1     1     1     1     1     1     0     1     1  
 812     -10     1   -18   -31   -24     9   -19   -50   -25  162.578     1     1     0     1     0     0     0     0     1  
 813     -28   -15     0   -23    11   -34     2   -24    -9  162.779     1     0     1     1     0     0     0     0     1  
 814     -43   -12   -41   -36     4    31   -44   -38    -9   162.98     0     1     0     0     0     0     0     0     1  
 815     -56     8   -21    -1   -10   -25   -10     3    15  163.181     1     0     0     0     0     1     1     0     1  
 816     -26   -32    -5   -42    -6   -10     7   -33   -28  163.382     1     1     0     0     1     0     0     0     0  
 817     -13    -5   -42   -34     1    -9   -53   -22    -8  163.583     0     0     0     1     1     0     0     0     0  
 818      15   -37   -23   -38    -7   -17    17   -29   -49  163.784     1     1     0     1     0     0     1     0     0  
 819     -21   -32   -10   -23   -15   -17   -22   -14     2  163.986     0     0     0     0     1     1     1     1     0  
 820       2    -3    10   -27    27     8   -33   -45   -15  164.187     0     0     0     1     0     1     1     1     0  
 821     -38   -46   -57   -33   -12   -38     5   -11   -50  164.388     0     0     0     0     1     1     1     1     0  
 822     -30   -40   -43    -8    20   -15    -8   -28   -45  164.589     0     0     1     1     0     1     1     1     0  
 823       0   -34   -27   -38   -20   -28     0   -14   -21  164.789     1     1     1     1     1     1     1     1     1  
 824     -12   -29    11   -22   -16   -17   -26   -12    16   164.99     1     1     1     1     1     1     1     2     2  
 825     -23   -46    -7   -38   -10   -29   -21   -37   -42  165.191     1     1     1     1     1     1     1     1     1  
 826     -29   -14   -10   -16    -6   -47   -48    10     1  165.391     1     1     1     1     0     1     1     1     1  
 827      22     6   -36    -4     0     4    -3     5    -4  165.591     1     1     1     1     1     0     1     1     1  
 828     -17     5   -19    -1   -51    15   -25    -1    -1  165.792     1     1     1     1     1     1     1     1     1  
 829      -6   -46   -15   -62   -34     2     8   -14     4  165.992     1     1     1     1     1     1     1     0     1  
 830     -17   -28   -40   -34   -18   -42   -30    -6     4  166.192     1     1     1     1     1     1     1     1     1  
 831     -51   -14   -14    29    -9   -53   -37    -6    16  166.392     1     1     1     1     1     1     1     1     1  
 832     -38   -22    -5   -21    -3   -17    -9   -14   -20  166.592     1     1     1     1     1     1     1     1     2  
 833     -11    -8   -32   -23   -15   -31     2   -23    -4  166.793     1     1     1     1     1     1     1     1     1  
 834     -19   -17    -2   -32   -10    -9   -25   -44   -59  166.993     1     1     1     1     1     1     1     1     1  
 835     -25   -17   -12   -26   -19   -42   -20   -18   -18  167.194     1     1     1     1     2     1     1     1     1  
 836      -6   -45   -48   -10   -14   -59   -28   -11   -14  167.394     1     1     1     1     1     1     1     1     1  
 837      -8   -39   -49     1   -34   -12   -13   -42   -25  167.594     1     1     1     1     1     1     0     1     1  
 838     -24   -52   -19     4   -11   -34   -55    16    -1  167.795     1     1     1     1     1     1     1     1     1  
 839     -20     3    -1     2   -42   -23   -26   -53   -34  167.995     1     1     1     1     1     1     1     1     1  
 840     -30     3   -42   -12    -4   -36    -8    33   -13  168.195     1     1     1     1     1     1     1     1     1  
 841      13   -36   -15   -34   -10    -3   -23   -25   -18  168.396     1     1     1     1     1     2     1     1     1  
 842     -10   -60   -38   -11   -13   -15   -45   -35   -42  168.596     1     1     1     1     1     1     1     1     1  
 843     -36   -29   -63   -34   -13     0   -14    -4   -78  168.796     1     1     1     1     1     1     1     1     1  
 844      25    -7   -29   -43   -13   -22     4     8   -12  168.997     1     1     1     1     1     1     1     1     1  
 845     -42   -23   -20    -2   -33   -32   -13   -22   -56  169.197     1     1     1     1     1     1     1     1     1  
 846     -11   -26   -30     0     1   -37   -22   -10   -33  169.397     1     1     1     1     1     1     1     1     1  
 847      -7   -32     1   -30   -13   -15    34   -18   -47  169.598     1     1     1     1     1     1     1     1     1  
 848     -28   -42    -8    -6   -65    -8    15   -14   -15  169.798     0     1     1     1     1     1     1     1     1  
 849     -24    -7   -18     3    -7   -28    -5   -46   -30  169.998     1     1     1     1     1     1     1     1     1  
 850     -23    -9   -35   -24   -49    -4   -37   -36   -37  170.198     1     1     1     1     1     1     1     1     2  
 851     -10   -37   -12    -4    15   -36   -38   -27    -8  170.398     1     1     1     1     1     1     1     1     1  
 852     -24   -23   -30   -44    10   -19    -4    23   -21  170.599     1     1     1     1     1     1     1     1     2  
 853      -2   -34   -39   -41     6     0    15   -35    -2  170.799     1     1     1     1     1     1     1     1     1  
 854       5   -30   -19   -11   -55   -47   -20   -11   -23  170.999     1     1     1     1     1     1     1     1     1  
 855      -2    13   -16   -12     2   -18   -12   -13   -21  171.199     1     1     1     1     1     1     1     1     2  
 856     -34    13   -62   -27     7   -28    38     0   -27  171.399     1     1     1     1     1     1     1     1     1  
 857     -34    -7   -10   -10   -16   -32   -27   -35   -17  171.599     1     1     1     1     1     1     1     1     1  
 858     -32   -38   -34     4     4   -38   -50    -8   -27  171.799     1     1     1     1     1     1     1     1     1  
 859      -9     2   -35     0   -32   -38   -17     4   -27  171.999     1     1     1     1     1     1     1     1     1  
 860      -6   -22   -25     1     4   -11    -1    13   -32  172.199     1     1     1     1     1     1     1     1     1  
 861       7   -11   -49   -65   -27   -12   -43   -22   -18  172.399     1     1     1     1     1     1     1     1     1  
 862     -25   -54   -37   -37   -13   -42   -55   -37   -43  172.599     1     1     1     1     1     1     1     1     1  
 863     -32   -12   -14   -15   -52    -5    -5   -28   -21    172.8     1     1     1     1     1     1     1     1     1  
 864     -18   -23   -18   -32   -10   -15   -11     7   -16      173     1     1     1     1     1     1     1     1     1  
 865     -23    24   -19   -21   -52    -6   -52   -26    -5    173.2     1     1     1     1     1     1     1     1     1  
 866     -35   -37   -40   -21     6   -50   -33   -32   -58    173.4     1     1     1     1     1     1     1     1     1  
 867     -10     5   -20   -30   -42    -3    21    41    -8    173.6     1     1     1     1     1     1     1     1     1  
 868     -26   -50   -51     9   -12   -21   -32   -56   -22    173.8     1     1     1     1     1     1     1     1     1  
 869      -2    16   -37   -76   -13   -60   -33    11   -15      174     1     1     1     1     1     1     1     1     1  
 870     -19   -54    22   -40    12   -32   -37   -43   -18    174.2     1     1     1     1     1     1     1     1     2  
 871      19   -33   -16   -53   -57    -3    22   -22   -30    174.4     1     1     1     1     1     1     1     1     1  
 872      -5   -12   -70   -16     2   -36   -23     7   -51    174.6     1     1     1     1     1     1     1     1     2  
 873     -35    14   -20   -29   -55   -46     0    17   -22  174.799     1     1     1     1     1     1     1     1     2  
 874     -20   -12   -30   -17   -46    26   -11   -11   -25  174.999     1     1     1     1     1     1     1     1     1  
 875      -7   -27   -34    -5    14   -16    14    35    10    175.2     1     1     1     1     1     1     1     1     2  
 876     -11   -14   -30   -20    -8    34   -30   -10   -19    175.4     1     1     1     1     1     1     1     1     1  
 877     -50   -19   -42   -34   -59   -18   -35   -12   -27    175.6     1     1     1     1     1     1     1     1     1  
 878       0   -29   -25    -7   -20   -47   -15   -28   -66  175.801     1     1     1     1     1     1     1     1     1  
 879     -15    -7    15    -4     7   -42   -35   -28   -13  176.001     1     1     1     1     1     1     1     1     1  
 880      -5     4   -36   -16    24    11   -32   -23    -4  176.201     1     1     1     1     1     1     1     1     2  
 881     -15     3   -49   -24   -30    -9    17   -25    -4  176.402     1     1     1     1     1     1     1     1     1  
 882     -30     5   -45   -44    13    13   -16   -13   -42  176.602     1     1     1     1     1     1     1     1     1  
 883       1   -29   -35     8   -24    17    14   -14    13  176.802     1     1     1     1     1     1     1     1     1  
 884     -30   -15    -7   -25   -15   -17    19   -42   -22  177.002     1     1     1     1     1     2     1     1     1  
 885      14   -43   -34     0   -52     0   -31   -18   -49  177.202     1     1     1     1     1     1     1     1     1  
 886     -30   -20   -50     1   -37     9   -42   -25   -17  177.402     1     1     1     1     1     1     1     2     2  
 887     -37   -17    -2     0   -22   -23   -14   -35   -21  177.602     1     1     1     1     2     1     1     1     2  
 888      19     2   -25   -33   -30    53   -40   -21   -10  177.802     1     1     1     1     1     1     1     1     1  
 889      -5   -24    -6    -8   -30   -26   -10   -61    -7  178.002     1     1     1     1     1     1     1     1     1  
 890       6   -20    -9   -25   -59   -30   -14   -53   -13  178.202     1     1     1     1     1     1     1     1     1  
 891       2   -16    -1     3    -5   -14    -2   -19    -8  178.401     1     1     1     1     1     1     1     1     1  
 892       7   -18   -15    43    -9   -22     5   -33    13  178.601     1     1     1     1     1     1     1     1     1  
 893      -5    -7   -13   -33   -19    10   -43   -36   -35    178.8     1     1     1     1     1     1     1     1     1  
 894     -29    -7   -30   -39   -44    10   -24   -52   -47      179     1     1     1     1     1     1     1     1     1  
 895     -28   -14   -18   -60   -17   -60   -12     0   -37  179.199     1     1     1     1     1     1     1     1     1  
 896     -45   -28   -20   -38   -16   -19    16    25   -42  179.399     1     1     1     1     1     1     1     1     2  
 897     -42   -16   -28    -8   -19   -39   -37    -4   -54  179.598     1     1     1     1     1     1     1     1     1  
 898     -29   -36    -2   -56   -60    33   -45   -22   -19  179.797     1     1     1     1     1     1     1     1     1  
 899      13    -2     5    -8   -24   -33     3    21     6  179.997     1     1     1     1     1     1     1     1     1  
 900     -67     0   -25   -22     4    18    -8    -8   -35  180.196     1     1     1     1     1     1     1     1     1  
 901     -18   -26   -17   -38     1   -11   -53   -26     0  180.395     1     1     1     1     1     2     1     1     2  
 902     -61   -48   -12   -11   -30    15   -22   -28   -54  180.594     1     1     1     1     1     1     1     1     1  
 903     -24   -41   -42   -69   -23    -8   -50    14   -47  180.793     1     1     1     1     1     1     1     1     2  
 904     -42   -32   -45    -4   -33     6     1   -18    16  180.992     1     1     1     1     1     1     1     1     1  
 905     -22   -23   -19     8   -30   -62   -29   -28    12  181.191     1     1     1     1     1     1     1     1     1  
 906     -52   -14    -2   -55   -29    -9    24   -27   -34   181.39     1     1     1     1     1     1     1     1     1  
 907     -33    23    -7   -11   -73    24    -7    11   -17  181.589     1     1     1     1     1     1     1     1     1  
 908     -49     8    -3    30    -4   -40   -25   -33   -38  181.788     1     1     1     1     1     1     1     1     1  
 909     -37   -15   -17   -62    31   -19   -29   -52   -41  181.987     1     1     1     1     1     1     1     1     1  
 910     -25   -15   -20   -38   -16   -24   -22    -9   -33  182.186     1     1     1     1     1     1     1     1     1  
 911       2   -19    19    36   -25   -11    -6   -34    18  182.385     1     1     1     1     1     2     1     1     2  
 912     -55   -49    -6   -28   -31   -28    -8   -21   -36  182.584     1     1     1     1     1     1     1     1     1  
 913     -37   -20   -39     1   -27   -21   -38   -42   -43  182.783     1     2     1     1     1     1     1     1     1  
 914     -44   -34   -40   -29   -51   -57   -21   -10   -11  182.982     1     1     1     1     1     1     1     1     1  
 915      -9    -8    33     0    -4     2   -33   -10   -27  183.181     1     1     1     1     1     1     1     1     2  
 916     -42     4   -25   -15   -15   -39   -16    34     4   183.38     1     1     1     1     1     1     1     1     2  
 917     -35   -52   -21   -24   -39   -31   -16     4   -23  183.579     1     1     1     1     1     1     1     1     1  
 918       0   -48    -1     4    -9    41    -1   -15   -26  183.778     1     1     1     1     1     1     1     1     1  
 919     -11    -4    11    -6   -48   -13   -10   -11    -7  183.977     1     1     1     1     1     1     1     1     1  
 920       6   -38   -33   -19   -14   -16   -26    12    -2  184.176     1     1     1     1     1     1     1     1     1  
 921     -10   -12   -16   -24   -34   -49    -2   -20   -15  184.375     1     1     1     1     1     1     1     1     1  
 922     -22   -62     0   -38   -28   -13     0   -38   -36  184.574     1     1     1     1     1     1     1     1     1  
 923     -43   -51   -38   -32   -20     6    33    12   -19  184.773     1     1     1     1     1     1     1     1     1  
 924     -31   -48    18   -12    -4   -18   -12   -23   -20  184.972     1     1     1     1     1     1     1     1     1  
 925      -2    -9   -30   -31   -34   -19    13   -55   -33  185.171     1     1     2     1     1     1     1     1     2  
 926     -53   -27    -6   -15    18   -20    -9   -49   -33  185.371     1     1     1     1     1     1     1     1     1  
 927     -64     1   -13     8   -32   -29   -25   -15    -3   185.57     1     1     1     1     1     1     1     1     1  
 928      11   -25   -11   -39   -38   -24     1    34   -63  185.769     1     1     1     1     1     1     1     1     1  
 929     -60    -9   -42   -80   -22   -35     2   -19   -22  185.968     1     1     1     1     1     1     1     1     1  
 930     -47   -70   -21   -18     0    11   -33   -22    -4  186.167     1     1     1     1     1     1     1     1     1  
 931     -43     6   -31   -45   -17    18   -17     8     6  186.366     1     1     1     1     1     1     1     1     2  
 932     -15   -20   -25    -8   -36   -12     0    30     5  186.565     1     1     1     1     1     1     1     1     1  
 933     -38   -27    14    17   -26   -49   -79   -21   -22  186.764     1     1     1     1     1     1     1     1     1  
 934     -53    -7   -22   -11     7     7    24   -12   -17  186.963     1     1     1     1     1     1     1     1     1  
 935      -5   -21   -19   -53     5    -3   -36   -21   -13  187.162     1     1     1     1     1     1     1     1     1  
 936      -2   -64     9    -7    24   -55    14   -10   -16  187.361     1     1     2     1     1     1     1     1     2  
 937     -47   -17     0   -29   -18    -8   -50     0   -34   187.56     1     1     1     1     1     1     1     1     1  
 938     -39   -14    -8    -8    28   -68   -50    -5   -42  187.759     1     1     1     1     1     1     1     1     1  
 939     -18   -32   -42    -3   -14   -47   -35   -26   -32  187.957     1     2     1     2     1     1     1     1     1  
 940     -20   -27   -11   -20    21   -70   -48     7   -56  188.156     1     1     1     1     1     1     1     1     2  
 941     -61   -34   -23     0    19   -27     6   -53   -31  188.355     1     1     2     1     2     1     1     1     1  
 942     -53    -6   -19   -11    -7   -52   -49   -24   -39  188.554     1     1     1     2     1     1     1     1     2  
 943      -9     0    -6   -42   -26    -9   -27    -2   -34  188.753     1     1     1     1     1     1     1     1     1  
 944     -12   -20   -18     5   -53     5   -26   -10   -23  188.952     1     1     1     1     1     1     1     1     1  
 945     -20   -23   -20   -12   -23   -35   -19   -11    13  189.151     1     1     1     1     1     1     1     1     2  
 946     -34   -57   -27   -37   -23   -26   -54   -32   -54   189.35     1     1     1     1     1     1     1     1     2  
 947      -9   -50   -30    16    10   -22     1    10    -8   189.55     1     1     1     1     1     1     1     1     1  
 948      -1   -41   -20   -23   -23   -15    -1   -26   -40  189.749     1     1     1     1     1     1     1     1     2  
 949     -15    -7   -51    38   -17    -8   -17    19   -41  189.948     1     1     1     1     1     1     1     1     1  
 950     -22   -11   -21   -25   -24   -10    13     5    30  190.147     1     1     1     1     1     1     1     1     1  
 951      -7    -9   -23   -20    38     3   -20   -45   -18  190.346     1     1     1     1     1     1     1     2     2  
 952     -24   -15   -41   -11   -49   -26     3   -36     0  190.544     1     1     1     1     1     1     1     1     1  
 953     -20   -16   -18     9   -20   -63   -35   -10   -22  190.743     1     1     1     1     1     1     1     1     2  
 954     -20   -46   -27   -40    -6   -10    30   -38   -59  190.942     1     1     1     1     1     1     1     1     1  
 955      20   -41   -54   -34    -4   -10   -72    -7    -6  191.141     1     1     1     1     1     1     1     1     2  
 956     -17   -34    -4   -57   -51   -32     2   -25   -34   191.34     1     1     1     1     1     1     1     1     1  
 957      -7   -38   -15   -34   -33    -6   -31   -29    16  191.538     1     1     1     1     1     2     1     1     1  
 958      -2   -24    -5   -63     0     7   -38   -10   -44  191.737     1     1     1     1     1     1     1     1     2  
 959      -5    -4    -3   -26   -62    -6    -8   -11    -8  191.935     1     1     1     1     1     1     1     1     2  
 960     -18   -26   -30   -22   -17   -55   -39   -14   -14  192.134     1     1     1     1     1     1     1     1     1  
 961      -2   -13    -9   -22   -51     6   -15   -18   -16  192.332     1     1     1     1     1     1     1     1     1  
 962     -37   -26    -5    23   -37     6   -24     0   -22   192.53     1     1     1     1     1     1     1     1     1  
 963     -33   -29   -49    -9   -40     3   -34   -41    10  192.728     1     1     1     1     1     1     1     1     1  
 964      -8     8    -5     7   -13   -31   -36   -20    18  192.927     1     1     1     1     1     1     1     1     2  
 965     -26   -37   -38    -2   -39   -23   -31   -23    -1  193.125     1     1     1     1     1     1     1     1     1  
 966      -3   -36   -39   -35   -33   -18   -17   -25   -57  193.323     1     1     1     1     1     1     1     1     1  
 967      -8   -40    12   -20    -4   -20    -7    -8   -28  193.521     1     1     1     1     1     1     1     1     1  
 968     -48     3    -1   -24    -6   -20   -16    -5   -13  193.719     1     1     1     1     1     1     1     1     2  
 969     -19   -18    -6    -3   -44   -46    -7   -31    13  193.918     1     1     1     1     1     1     1     1     1  
 970      -8    32     9    -8   -23   -54   -41   -30   -51  194.116     1     1     1     1     1     1     1     1     1  
 971     -13    -6   -34   -28   -14   -11   -19   -13   -12  194.314     1     1     1     1     1     1     1     1     1  
 972     -16   -19   -36     4    -8   -52     7     9   -28  194.512     1     1     1     1     1     1     1     1     1  
 973     -14   -41     2   -29     8   -32   -29   -30   -49  194.709     1     1     1     1     1     1     1     1     2  
 974     -15   -11     5   -51   -18    -8   -45   -14   -39  194.907     1     1     1     1     1     1     1     1     1  
 975      -7   -29     0   -19    12     3     2     1   -51  195.104     1     1     1     1     1     1     1     1     1  
 976     -13   -35     5   -30    20   -17   -47   -11   -37  195.302     1     1     1     1     1     1     1     1     2  
 977       0   -14   -15   -60     9    -9   -26   -35   -15  195.499     1     1     1     1     1     1     1     1     2  
 978     -68   -22   -17   -64    -3     1   -16   -33   -20  195.696     1     1     1     1     1     1     1     1     1  
 979     -11   -18   -20    -7   -24   -22    12    -1   -36  195.893     1     1     1     1     1     1     1     1     2  
 980     -46   -27   -33    29   -14   -57    -6   -55    20  196.091     1     1     1     2     1     1     1     1     1  
 981     -45    11   -42   -25     1   -38   -20   -44   -18  196.288     1     1     1     1     1     1     1     1     1  
 982     -29    -7    13   -22   -69   -55   -28   -33   -35  196.485     1     1     2     1     1     2     1     2     1  
 983     -40   -50   -10   -18   -28    -9     1   -18   -38  196.682     1     1     1     2     2     2     2     2     1  
 984     -48   -38   -39   -53   -23   -25   -32   -19    12   196.88     1     2     2     2     2     3     3     3     2  
 985     -47   -19    13    -2   -40   -47   -38   -17   -31  197.077     2     2     2     2     2     2     2     3     2  
 986       9   -10   -13    11    31   -49   -31   -27   -61  197.274     2     2     2     2     2     2     2     2     3  
 987     -58   -15   -34    17    -5     0     9   -23   -15  197.472     2     2     2     2     2     2     2     2     3  
 988     -49    -8   -30    -1   -40    -9   -19     2   -63  197.669     2     3     2     2     2     2     2     2     4  
 989     -64    -3   -23   -34   -28   -23   -24     6    17  197.867     3     2     2     2     2     2     2     1     4  
 990     -19    15    12   -10   -16    -3   -32     1     9  198.064     4     3     2     2     2     2     2     0     4  
 991       2   -14   -21    19   -10    -1   -24   -14   -24  198.262     3     3     2     2     1     1     2     0     4  
 992     -14    -9   -24     4   -14   -26   -35    -5   -33   198.46     4     3     3     2     2     2     1     0     4  
 993     -17   -11   -24   -53   -34    -7   -28   -72   -18  198.658     3     3     3     2     1     2     1     0     4  
 994       0   -15   -24   -36     6   -16     9   -19   -19  198.856     3     2     1     1     1     1     1    -1     4  
 995       3    -2   -23    -8   -12    40    -9   -30   -17  199.054     1     0     0     0     0     0     0     0     3  
 996     -39   -32    -9    -9   -19   -42   -13   -61   -30  199.252     0     0     0     0    -1     0     0    -1     1  
 997      -3   -37   -35   -60   -49   -21   -25   -57   -21   199.45     0     0     0     0     0     0     0     0     2  
 998     -18   -24    -3     1     6   -14    26    -3   -29  199.649    -1     0    -1     0    -1     0     0     0     1  
 999      17   -65    15   -13    -6   -18   -18   -34   -12  199.847    -4    -3    -3    -3    -3    -3    -3    -2    -2  
1000       8   -32   -18     2   -33   -16    10   -45   -12  200.046    -4    -4    -3    -3    -3    -3    -3    -2    -3  
1001       7   -55   -12   -27   -67   -23   -22   -28     4  200.245    -4    -4    -3    -4    -4    -3    -3    -2    -4  
1002     -21   -55   -27   -24   -39   -44   -13   -20   -43  200.443    -4    -4    -3    -3    -3    -2    -2    -2    -4  
1003     -45   -22   -21   -24    -6    -3   -19    -3   -39  200.642    -3    -3    -3    -2    -2    -2    -2    -1    -4  
1004     -12   -59     4   -67   -21   -46   -10   -31   -21  200.841    -3    -2    -2    -1    -1    -1    -1     0    -4  
1005      -7   -28   -23   -32   -25    -7   -21   -11    -8  201.039    -2    -1     0     0     0     0     0     0    -3  
1006       9   -41   -19   -16   -34    -5   -37   -31   -41  201.238    -1     0     0     0     1     1     0     0    -3  
1007     -23     3   -23   -27   -22   -39   -17    -7   -17  201.437     0     1     1     1     1     1     1     1    -2  
1008     -89    30   -31   -18    -1   -50   -11   -48   -18  201.635     1     1     1     2     2     2     2     2     0  
1009     -22    15     5     0   -31   -45   -11     0   -20  201.833     2     2     2     3     3     3     3     3     1  
1010     -58   -41   -18   -34   -28   -21   -47   -49   -66  202.032     2     3     3     3     4     3     3     4     2  
1011     -56     5   -10   -59   -51     6   -83   -61   -28   202.23     3     4     4     5     4     4     4     4     4  
1012     -25   -38     5   -44   -10   -33   -30   -34   -38  202.429     4     4     4     4     4     5     5     5     5  
1013     -11   -16   -16   -20   -20    -3   -61   -24     5  202.627     4     4     5     4     4     5     4     5     6  
1014     -41   -53   -32     2   -42   -15   -53   -22   -49  202.825     3     3     3     3     3     3     3     4     5  
1015     -46    -2   -50   -28   -13   -10   -12   -51   -40  203.023     1     1     1     1     1     2     2     2     4  
1016       4   -25    17   -30    -8    11   -26   -53     6   203.22     0     0     0     0     0     0     0     1     3  
1017     -10   -15   -40   -20   -49   -55   -24   -24   -28  203.418    -2    -2    -1    -2    -2    -2     0     0     4  
1018     -17   -53   -41   -23   -49   -72    -3   -37   -40  203.616    -3    -4    -2    -3    -3    -3    -1    -3     3  
1019     -10    -1   -30    -7   -32   -40   -28     1   -40  203.813    -3    -3    -2    -4    -3    -3    -1    -3     3  
1020     -70     0   -26    -9   -68   -15   -82    -2   -70  204.011    -3    -3    -1    -3    -3    -3     0    -3     4  
1021     -31   -54    10   -12   -52     0   -34   -48   -10  204.208    -2    -2     0    -2    -2    -2     0    -3     4  
1022     -65   -52    13   -19   -28   -21   -27   -18   -31  204.405     0     0     1     0     0     0     1    -2     5  
1023     -11   -58   -26   -20   -25   -43   -23   -39   -31  204.603     4     2     2     0     1     0     2     0     9  
   0      49    36    32    31     6    43    41    48    44        0     0     0     0     0     0     0     0     0     0  
   1       4   -56    38   -17    -4   -12   -14    -5   -38  0.196178     0     0     0     0     0     0     0     0     0  
   2      10    49    53    43    57     5    15    18    36  0.392464     0     0     0     0     0     0     0     0     0  
   3      25    -3    -8   -55   -14    27   -13   -24    16  0.588991     0     0     0     0     0     0     0     0     0  
   4      17    62    18    53    54    36    -5    45    50  0.785796     0     0     0     0     0     0     0     0     0  
   5     -50   -67    23    10    19   -22    -3     8     8  0.982652     0     0     0     0     0     0     0     0     0  
   6      26    56    26    18    27    72    37    55    56  1.17959    -1     0     0     0     0     0     0     0     0  
   7      13   -54   -11     1   -30   -25    36   -39   -19  1.37649     0     0     0     0     0     0     0     0     0  
   8       9    70     9     0    41    71    22    29    13  1.57344     0     0     0     0     0     0     0     0     0  
   9     -11   -23   -25     6   -13     5   -29   -12   -13  1.77036     0    -1     0     0     0     0    -1     0     0  
  10      31    46    38    35    54    61    69    24    34  1.96747     0     0     0     0     0     0     0     0     0  
  11      21   -18    15   -29    -1   -14   -33    12    -2  2.16466     0     0     0     0     0    -1     0    -1     0  
  12      73    11    58    53    53    38    77    53     5  2.36207     0     0     0     0     0     0     0     0     0  
  13      36   -14   -34    36    -5   -12   -44   -51   -14   2.5596    -1     0     0     0     0     0     0     0     0  
  14      49    19    46    25    31    27    94    36    28  2.75731     0     0     0     0    -1     0     0     0     0  
  15     -25    10     1   -46   -22   -36   -43   -33    -9  2.95524     0     0     0     0     0     0     0     0     0  
  16      34    52    27    39    54    17    61    74    -1  3.15341     0     0     0     0     0     0     0     0     0  
  17       1    -1   -22   -24   -30   -13    15   -30    -3  3.35166     0     0     0     0    -1     0     0     0     0  
  18      47    33    61    16    81    53    21    33    39  3.55011     0     0     0     0     0     0     0     0    -1  
  19     -16    -4    10   -58   -67    11     5   -25    -5  3.74874     0     0     0     0     0     0     0     0     0  
  20      40    41    21    66    16     7    25    81    71  3.94756     0     0     0     0     0     0     0     0     0  
  21     -24     3   -25   -11    29   -11   -15     2    36  4.14651     0     0     0     0     0     0     0     0     0  
  22      63    75    64    37    53    33    37    56     8  4.34571     0     0     0     0     0     0     0     0     0  
  23      -4    -9   -24   -12   -36    10   -10    -2     0  4.54496     0     0     0     0     0     0     0     0    -1  
  24      38    53    70   103    58    33   109     7    20  4.74426     0     0     0     0     0     0    -1     0     0  
  25       2     1     9   -53   -13   -20   -33     3     4  4.94355     0     0     0     0     0     0     0     0     0  
  26       6    73    46    14    45    18    54    76    49  5.14299     0     0     0     0     0     0     0     0     0  
  27       6    -3   -23   -14    20     8    22   -12    -8  5.34248     0     0     0     0     0     0     0     0     0  
  28      72    39    36    56    60    23    41    81    58  5.54214     0     0     0     0     0     0     0     0    -1  
  29      -3    37   -16   -17     3    -1    -3   -26    20  5.74188     0     0     0     0     0     0     0     0    -1  
  30       9    53    48    67    42    34    36    14     8  5.94174     0     0     0     0     0     0     0     0     0  
  31     -24     7   -19   -56    -6   -20   -10   -33     6  6.14156     0     0     0     0     0     0    -1     0     0  
  32      13    20    63    21    20    15    59    54    25  6.34142     0     0     0     0     0     0     0     0    -1  
  33      17   -21   -18   -36   -32    29    -9     2    18  6.54129     0     0     0     0     0     0     0     0     0  
  34      70    49    67    92    48    39    74    33    93  6.74127     0     0     0     0     0     0     0     0     0  
  35     -52    34   -26    15     6   -17   -31    14   -16  6.94131     0     0     0     0     0     0     0     0     0  
  36       6    38    55    14    46    34    43    38    71   7.1414     0     0     0     0     0     0     0     0    -1  
  37     -10   -12    29    26   -25     0   -49   -18    24  7.34144     0     0     0     0     0     0     0     0    -1  
  38      46    56     0    67    52     4    45    37    61  7.54149     0     0     0     0     0     0     0    -1     0  
  39     -39   -11   -15     9   -16    12   -19    11     8  7.74142     0     0     0     0     0     0     0     0    -1  
  40      59    56    55    37    17    70    87    30    49   7.9413     0     0     0     0     0     0     0     0    -1  
  41     -13    10    13    -2    -3   -13     4    17    26  8.14106     0     0     0     0     0     0     0     0    -1  
  42      85    16    51    35    39    45    58    19    43  8.34078     0     0     0     0     0     0     0     0    -1  
  43     -13   -28   -28     0     4    -8    -3     1   -12  8.54039     0     0     0     0     0     0     0     0    -1  
  44      23    39    37    14    81    39    75    60    19  8.74005     0     0     0     0     0     0     0     0    -1  
  45       1   -47    27   -34   -21    -6     4   -41    -7  8.93961     0     0     0     0     0     0     0     0    -1  
  46      16    53    37    54    21    53    55    56    36   9.1392     0     0     0     0     0     0     0     0    -1  
  47      27    -7   -14    -2   -19   -12   -37   -21   -41  9.33861     0     0     0     0     0     0     0     0    -1  
  48      46    19    83    72    51    55    37     2    69   9.5379     0     0     0     0     0     0     0     0    -1  
  49      -5   -17   -51     5   -13    14     6   -13   -51   9.7368     0     0     0     0     0     0     0     0    -1  
  50      58    66    48    17    60    52    26    54    31  9.93547     0     0     0     0     0     0     0     0    -1  
  51     -10   -30    15     9    -9   -14   -48    12    29  10.1339     0     0     0     0     0     0     0     0    -1  
  52      32    58    46    86    46    24    66    50    54  10.3323     0     0     0     0     0     0     0     0    -1  
  53      15    -4     1   -24   -18   -18   -36   -56    16  10.5305     0     0     0     0     0     0     0     0    -1  
  54      44    54    72    41    72    48    43    53    19  10.7288     0     0     0    -2     0     0     0     0    -1  
  55      -5     3   -50   -34    22    -8   -22    10    26  10.9268     0     0     0     0     0     0     0     0    -1  
  56      66    33   -26    24    55    26    31    38    47  11.1249     0     0     0     0     0     0     0     0    -1  
  57     -28    -6    20   -18   -24   -49    16    23    -5  11.3229     0     0     0     0     0     0     0     0    -1  
  58      63    32    65    40    42    89    29    87    55   11.521     0     0     0     0     0     0     0     0    -2  
  59     -36   -55   -35    -8     0   -22    -6   -18   -14  11.7189     0     0     0     0     0     0     0     0    -2  
  60      33    45    56    27    38    45    80    30    18  11.9168     0     0     0     0     0     0     0     0    -1  
  61      12   -38   -25   -13     4     0   -11    -4   -13  12.1149     0     0     0     0     0     0     0     0    -1  
  62      58    60    16    -2    39    55    79    32    46  12.3131     0     0     0     0     0     0     0     0    -2  
  63      -4   -21    31   -13    15     0    -8   -17   -27  12.5115     0     0     0     0     0     0     0     0    -1  
  64      34    66     4   -19    15    80    24    33    64  12.7099     0     0     0     0     0     0     0     0    -2  
  65       1    15     9   -39   -29   -10    15     2   -33  12.9082     0     0     0     0     0     0     0     0    -1  
  66      43    36    48    94    24    28    44    50    34  13.1065     0     0     0     0     0     0     0     0    -1  
  67      -7    24   -20    -8   -41   -34   -21   -51   -18  13.3047     0     0     0     0     0     0     0     0    -1  
  68       8    -4    27    36    12    35    28    71    15  13.5029     0     0     0     0     0     0     0     0    -1  
  69      -4    -2   -20   -28    38    18    16   -12     1   13.701     0     0     0     0     0     0     0     0    -1  
  70      86    51    48    48    53    19    46    44    13  13.8992     0     0     0     0     0     0     0     0    -1  
  71       8    11    -3   -19   -31   -11   -41   -57     0  14.0973     0     0     0     0     0     0     0     0    -2  
  72      17    40    32    36    41    67    46    45    73  14.2954     0     0     0     0     0     0     0     0    -1  
  73       5    -2    28   -21   -14   -13   -42    17    -9  14.4934     0     0     0     0     0     0     0     0    -1  
  74      58    40    91    46    33    44    61    44    48  14.6914     0     0     0     0     0     0     0     0    -1  
  75       5   -30     3    21   -15    -6     1    12    17  14.8892     0     0     0     0     0     0     0     0    -2  
  76      41    27    47    64    54    58    79    52    20  15.0871     0     0     0     0     0     0     0     0    -2  
  77      -5   -14   -37   -22   -20   -25    -4   -16   -36  15.2851     0     0     0     0     0     0     0     0    -2  
  78      10    63    56    65    37    69    68    31    42  15.4831     0     0     0     0     0     0     0     0    -1  
  79     -29    -3   -28     7   -13   -14    40    -7   -23  15.6813     0     0     0     0     0     0     0     0    -1  
  80      31    51    55    33    26    60    51    40    37  15.8797     0     0     0     0     0     0     0     0    -1  
  81      -8     6   -20    -1    20     7    27   -29   -53  16.0782     0     0     0     0     0     0     0     0    -1  
  82      20    32    37    17    55    81    57    45     6  16.2768     0     0     0     0     0     0     0     0    -1  
  83      19     4   -10    33   -16     4   -38    21    16  16.4755     0     0     0     0     0     0     0     0    -2  
  84      40    18    55    62    35    90    81    61    37  16.6742     0     0     0     0     0     0     0     0    -2  
  85     -16     7   -32   -22   -55   -17   -31     2   -23  16.8731     0     0     0     0     0     0     0     0    -2  
  86      -3    57    66    62    47    32    45    50    34  17.0721     0     0     0     0     0     0     0     0    -2  
  87     -28   -62     4   -38     3    13     4     2   -41  17.2712     0     0     0     0     0     0     0     0    -2  
  88      85    43    24    65    35    54    35    34    41  17.4705     0     0     0     0     0     0     0     0    -1  
  89      -6     8   -18   -21   -26    22   -25    18    21  17.6699     0     0     0     0     0     0     0     0    -2  
  90      50    21    25    50    54    71    88    54    47  17.8693     0     0     0     0     0     0     0     0    -2  
  91      31     4    -9   -26    -4   -45   -24    17     6  18.0687     0     0     0     0     0     0     0     0    -2  
  92      50    67    33    33    55     6    44    49    56  18.2682     0     0     0     0     0     0     0     0    -2  
  93     -42    16    -5   -19    21   -18   -66   -67    40  18.4678     0     0     0     0     0     0     0     0    -1  
  94      43    15    54    50    23    49    42    37     0  18.6677     0     0     0     0     0     0     0     0    -2  
  95     -49     0   -20   -35    -9   -36    -7   -16    -1  18.8677     0     0     0     0     0     0     0     0    -1  
  96      42    40    60    32    64    32    36     4    25  19.0679     0     0     0     0     0     0     0     0    -2  
  97       5   -16     4   -35   -19     9   -15    15    -6  19.2685     0     0     0     0     0     0     0     0    -2  
  98      52    11    60    76    55    64    65    54    26  19.4691     0     0     0     0     0     0     0     0    -1  
  99     -25   -21     0    -1   -10    13   -32   -26   -30  19.6698     0     0     0     0     0     0     0     0    -1  
 100      12    54    21    53    30    57   105    33     7  19.8706     0     0     0     0     0     0     0     0    -1  
 101      22   -19   -22    11   -38   -17   -16    23     3  20.0714     0     0     0     0     0     0     0     0    -1  
 102      61    15    31    -6    54    31    18    53    53  20.2724     0     0     0     0     0     0     0     0    -2  
 103      45     9   -40    33    -5    13    17     7     4  20.4731     0     0     0     0     0     0     0     0    -1  
 104      76    32    16    56    17    52    58    23    13  20.6738     0     0     0     0     0     0     0     0    -1  
 105     -13     5   -49     7   -20    19    33     1    32  20.8745     0     0     0     0     0     0     0     0    -2  
 106      51    45    15    48    32    51    37    30    66  21.0752     0     0     0     0     0     0     0     0    -2  
 107      17     8   -15   -21    14   -37   -40   -53    -7  21.2758     0     0     0     0     0     0     0     0    -2  
 108      54    38    25    49    66    40    96    66    47  21.4766     0     0     0     0     0     0     0     0    -1  
 109      27   -12    12     8    -9     5    22    67   -13  21.6773     0     0     0     0     0     0     0     0    -2  
 110      38    35    41    52   -11    42    49    29    59   21.878     0     0     0     0     0     0     0     0    -2  
 111     -23    23   -43     5     7    17   -50    34    19  22.0785     0     0     0     0     0     0     0     0    -2  
 112      25    48     7    28    34    60    23     3    54   22.279     0     0     0     0     0     0     0     0    -2  
 113      25    -5    33     3    34   -42    26   -40   -17  22.4793     0     0     0     0     0     0     0     0    -1  
 114      52    51    60    61    46    76    41    37    35  22.6795     0     0     0     0     0     0     0     0    -2  
 115      19     1     4    15   -52   -20   -22   -66   -28  22.8796     0     0     0     0     0     0     0     0    -2  
 116      19    25    55    32    38    63    36    59    39  23.0796     0     0     0     0     0     0     0     0    -2  
 117      -9   -32   -18   -17   -15     9    60    32   -33  23.2796     0     0     0     0     0     0     0     0    -2  
 118      87    43    74    11    50    36    72    46    47  23.4795     0     0     0     0     0     0     0     0    -1  
 119     -19    18   -20   -30    -1   -28    26     2    12  23.6794     0     0     0     0     0     0     0     0    -2  
 120      52    58    55    51    66   103    53    54    55  23.8792     0     0     0     0     0     0     0     0    -2  
 121      -3    22    15    14     0   -19    28    -7     0  24.0789     0     0     0     0     0     0     0     0    -1  
 122      52    63    38    53    34    73    60    26    54  24.2785     0     0     0     0     0     0     0     0    -2  
 123     -24    11    19    38   -27   -11    11    -7     4  24.4781     0     0     0     0     0     0     0     0    -1  
 124      17    52    31    54    45    11    72    54    31  24.6777     0     0     0     0     0     0     0     0    -1  
 125     -19    -3    -4   -11     7     3    -9     7   -72  24.8771     0     0     0     0     0     0     0     0    -1  
 126      32     3    48    49    20    13    44    22    63  25.0766     0     0     0     0     0     0     0     0    -2  
 127      16   -17   -18   -29   -21   -23    -6   -17    -6   25.276     0     0     0     0     0     0     0     0    -2  
 128      63    34    72    23    53    36    65    14     3  25.4754     0     0     0     0     0     0     0     0    -2  
 129      -9   -20    -7   -29    17    14    20    -5    12  25.6747     0     0     0     0     0     0     0     0    -2  
 130      45    61    35    15    20    53    34    74    78   25.874     0     0     0     0     0     0     0     0    -2  
 131     -23    -7   -17    -4    18   -28   -30   -19    -9  26.0734     0     0     0     0     0     0     0     0    -2  
 132      54   -24    -6    41    68    40    44    25    13  26.2727     0     0     0     0     0     0     0     0    -2  
 133     -37   -17   -39   -27    19    -6    -4    -2     8   26.472     0     0     0     0     0     0     0     0    -2  
 134      57    26    20    33     7    32    83    14    10  26.6712     0     0     0     0     0     0     0     0    -2  
 135      -8   -41   -39    -5    23    -7   -55    26    -4  26.8705     0     0     0     0     0     0     0     0    -2  
 136      49    38    40    52    50     9    60    42   -14  27.0698     0     0     0     0     0     0     0     0    -2  
 137      15     1     4     2    -6   -12   -48     4    -3  27.2691     0     0     0     0     0     0     0     0    -2  
 138      46    16    65    21    55    36    32    38   -16  27.4685     0     0     0     0     0     0     0     0    -2  
 139     -26    26   -12   -32   -11    -1    19    10   -32   27.668     0     0     0     0     0     0     0     0    -2  
 140      45    54    41    68    67    62    54    74    25  27.8675     0     0     0     0     0     0     0     0    -2  
 141     -68    23   -14   -26    -3   -10   -12   -30   -12   28.067     0     0     0     0     0     0     0     0    -2  
 142      20    46    47    45    32    49    66    68    54  28.2664     0     0     0     0     0     0     0     0    -2  
 143       5   -16   -42     1   -23   -15     5    -4    33  28.4659     0     0     0     0     0     0     0     0    -2  
 144      47    54     6    10    42    14    42    73    90  28.6654     0     0     0     0     0     0     0     0    -1  
 145     -12    -5    14    -4   -25    -1   -35     1    -2   28.865     0     0     0     0     0     0     0     0    -1  
 146      40    55    22    46    -8    33    35    51     8  29.0647     0     0     0     0     0     0     0     0    -2  
 147       5   -35    22     8   -48   -28   -41   -16   -10  29.2644     0     0     0     0     0     0     0     0    -2  
 148      44    38    -7     6    65    41    56    48    20  29.4643     0     0     0     0     0     0     0     0    -1  
 149     -11   -20     7   -18   -40   -20    22   -13    32  29.6645     0     0     0     0     0     0     0     0    -2  
 150      68    53    61    19    54    57    69    94    71  29.8649     0     0     0     0     0     0     0     0    -1  
 151     -45   -20   -31   -27   -21   -29   -49    -4    23  30.0655     0     0     0     0     0     0     0     0    -1  
 152      56    17    51    79    40    54    13    53    74  30.2663     0     0     0     0     0     0     0     0    -1  
 153      -3    24     0    17     0   -51    12     8    17  30.4672     0     0     0     0     0     0     0     0    -1  
 154      43    53     1    30    23    41    63    68    41  30.6682     0     0     0     0     0     0     0     0    -1  
 155     -42   -43    -7   -31   -12     3   -46   -20   -17  30.8693     0     0     0     0     0     0     0     0    -1  
 156      20    89    15    56    34    40    45    52    79  31.0705     0     0     0     0     0     0     0     0    -1  
 157      -9    -7   -28     8   -31    28     8    -6     8  31.2716     0     0     0     0     0     0     0     0    -1  
 158      18    28    50    39    62    56    29     3    33  31.4728     0     0     0     0     0     0     0     0    -1  
 159      -4   -22    -7    -8   -22   -15     0   -37   -37   31.674     0     0     0     0     0     0     0     0    -1  
 160      51    50    67    62    26    34    47    93    63  31.8752     0     0     0     0     0     0     0     0    -1  
 161      -2    19     5    31   -11   -10    -8    -6   -19  32.0763     0     0     0     0     0     0     0     0    -1  
 162      50    39     0    44    59    47    71     0    54  32.2774     0     0     0     0     0     0     0     0    -1  
 163     -23   -26     5   -26   -18    -3   -37    -8     2  32.4784     0     0     0     0     0     0     0     0    -2  
 164      43    75    54    60    45    44    33    38    41  32.6794     0     0     0     0     0     0     0     0    -2  
 165     -24   -19    30   -10   -28     0    43   -32   -20  32.8804     0     0     0     0     0     0     0     0    -1  
 166      32    30    72    44    79    63    70    49    45  33.0816     0     0     0     0     0     0     0     0    -1  
 167     -22    15     0   -18    13   -45   -16   -15   -23   33.283     0     0     0     0     0     0     0     0    -2  
 168      20    -8    79    62   109    15    84    32    31  33.4845     0     0     0     0     0     0     0     0    -1  
 169      19    -1   -19    62    15    31     1   -19     5   33.686     0     0     0     0     0     0     0     0    -1  
 170      42    41    74    69    53    57    53    22    58  33.8875     0     0     0     0     0     0     0     0    -1  
 171     -63   -16    -6     5   -51    16   -49   -14    -1  34.0889     0     0     0     0     0     0     0     0    -1  
 172      40    76    38    17     6    16    17    57    47  34.2904     0     0     0     0     0     0     0     0    -1  
 173      18    11   -38    -6    -2     0    -1    29   -46  34.4921     0     0     0     0     0     0     0     0    -1  
 174      68    10    37    55    13    58    53    41    24  34.6939     0     0     0     0     0     0     0     0    -1  
 175      23   -21   -37    21    -8     0    -8    14    22  34.8958     0     0     0     0     0     0     0     0    -1  
 176      56    46    40    36    22    75    31     0    32  35.0977     0     0     0     0     0     0     0     0    -1  
 177       0   -10    13   -12    11    26    26   -14    36  35.2996     0     0     0     0     0     0     0     0    -1  
 178      18    53    87    22    78    53    26     4    69  35.5013     0     0     0     0     0     0     0     0     0  
 179      28   -20    27   -17   -17    19   -33     0    -4   35.703     0     0     0     0     0     0     0     0    -1  
 180      55    60    39    79    33    38    31    28    50  35.9045     0     0     0     0     0     0     0     0     0  
 181      19     8    17    -2   -22     5   -16    16    -6   36.106     0     0     0     0     0     0     0     0    -1  
 182      37    28    -2    32    83    90    34    18    36  36.3076     0     0     0     0     0     0     0     0    -1  
 183     -46   -13    -7   -11     7     8   -15   -38    13  36.5092     0     0     0     0     0     0     0     0    -1  
 184      14    52    77    47    95    -2    21    45    19  36.7106     0     0     0     0     0     0     0     0    -1  
 185      -1   -33    -1    -1     9   -24     8   -26    49  36.9121     0     0     0     0     0     0     0     0     0  
 186      15    53    37    67    37    40    50    27     7  37.1135     0     0     0     0     0     0     0     0    -1  
 187     -22   -33    18   -26    19   -27     0   -58     2  37.3149     0     0     0     0     0     0     0     0    -1  
 188      48    40    37    63     4     4    68    21    38  37.5164     0     0     0     0     0     0     0     0    -1  
 189       1     2   -28    -6     3   -25   -35   -13    21  37.7178     0     0     0     0     0     0     0     0    -1  
 190      12    50    34    17    29    37    75    17    65  37.9192     0     0     0     0     0     0     0     0     0  
 191      12     3   -20   -30    27   -49    -8   -50   -35  38.1207     0     0     0     0     0     0     0     0    -1  
 192      51    64    48    36    36    24    96    60     1  38.3221     0     0     0     0     0     0     0     0    -1  
 193      33    14    11   -28    -5    -6    17    20    13  38.5235     0     0     0     0     0     0     0     0    -1  
 194      19    48    28    43    17    39    41    32    45  38.7248     0     0     0     0     0     0     0     0     0  
 195      -4    24    -1   -46   -41   -14   -20   -76   -21   38.926     0     0     0     0     0     0     0     0    -1  
 196      13    73    44    47    51   -11    15    30    69  39.1272     0     0     0     0     0     0     0     0    -1  
 197      22   -24     1   -35   -14    14   -53    -9    19  39.3284     0     0     0     0     0     0     0     0    -1  
 198       6    46    15    40    52    44    53    20    45  39.5297     0     0     0     0     0     0     0     0    -1  
 199     -48    -3   -29     9   -15    -2    -5   -24     1  39.7312     0     0     0     0     0     0     0     0    -1  
 200      37    24    21     4    31    -6    75    24    22  39.9325     0     0     0     0     0     0     0     0     0  
 201     -23    46    18   -12   -18   -25    26    -1    45  40.1339     0     0     0     0     0     0     0     0    -1  
 202      63    59    56    85    39    39    38    25    38  40.3353     0     0     0     0     0     0     0     0     0  
 203      11    -6    41   -22   -37   -15   -13    -6   -20  40.5366     0     0     0     0     0     0     0     0     0  
 204      50    25    37    58    59    27    72    33    52   40.738     0     0     0     0     0     0     0     0     0  
 205     -26   -13     5    26    -5    22    -4   -12   -22  40.9394     0     0     0     0     0     0     0     0     0  
 206      44    31    64    95    89    45    30    51    45  41.1407     0     0     0     0     0     0     0     0     0  
 207       0   -17   -21    48   -11     9   -26   -37    35   41.342     0     0     0     0     0     0     0     0     0  
 208      35    50    58     9     8    36    11    61    41  41.5432     0     0     0     0     0     0     0     0    -1  
 209     -21    -1    22   -18    -5   -14     5    -7    11  41.7445     0     0     0     0     0     0     0     0     0  
 210      61    59    23    69    21    87    62    42    66   41.946     0     0     0     0     0     0     0     0     0  
 211      20     2    37   -28    38   -20   -38   -39    -2  42.1475     0     0     0     0     0     0     0     0    -1  
 212      64    51    42    66    78    73    33    44    37   42.349     0     0     0     0     0     0     0     0     0  
 213      -1     2   -14    24     5    -7   -11    -9    28  42.5505     0     0     0     0     0     0     0     0    -1  
 214      35    60    53    55    46    69    40    12    58   42.752     0     0     0     0     0     0     0     0     0  
 215     -13    33   -21    12    -8   -31    -5     5   -11  42.9534     0     0     0     0     0     0     0     0     0  
 216      20    58    25    42    31    36    69    15    27  43.1546     0     0     0     0     0     0     0     0     0  
 217       3   -14    16    -5   -20     3   -30    11    37  43.3558     0     0     0     0     0     0     0     0    -1  
 218      40    24    28    18    47    38    16    29    54  43.5569     0     0     0     0     0     0     0     0     0  
 219     -15   -14    16   -17    -5    18   -46   -17   -17   43.758     0     0     0     0     0     0     0     0     0  
 220      61    18    48    62    -3    19    29    20    17  43.9591     0     0     0     0     0     0     0     0     0  
 221     -19     2    -4   -23   -22   -52   -10     0     2  44.1603     0     0     0     0     0     0     0     0    -1  
 222      34    22    56    52    46    49    52    20    43  44.3615     0     0     0     0     0     0     0     0     0  
 223     -39   -45   -55    21     6   -43    -2   -21   -27  44.5628     0     0     0     0     0     0     0     0     0  
 224      77    65    59    58    59    93    43    18    56  44.7639     0     0     0     0     0     0     0     0     0  
 225      -7    -4     4    -8   -12   -14    35   -11    33   44.965     0     0     0     0     0     0     0     0     0  
 226      38    19    44    40    47    54    42    44    33   45.166     0     0     0     0     0     0     0     0     0  
 227     -30     0    -7   -59   -20   -22     6    17     5   45.367     0     0     0     0     0     0     0     0     0  
 228      74    54    32    60    25    51    52    34    37   45.568     0     0     0     0     0     0     0     0     0  
 229     -18   -25   -14    19    48    -5   -14    10    -3   45.769     0     0     0     0     0     0     0     0     0  
 230      12    38    83    62    33    43    50    66    70  45.9701     0     0     0     0     0     0     0     0     0  
 231      -3     4    -2     1    15   -19   -35   -16    11  46.1712     0     0     0     0     0     0     0     0     0  
 232      17    56    45    64    18    16    -2    17    43  46.3724     0     0     0     0     0     0     0     0     0  
 233     -18     2   -53    -8   -19    -4    21    12   -24  46.5736     0     0     0     0     0     0     0     0     0  
 234      51    38    60    20    61    38    42    48    13  46.7749     0     0     0     0     0     0     0     0     0  
 235       3   -21   -31   -11    -1    19     1    27    21  46.9762     0     0     0     0     0     0     0     0     0  
 236      76    54     2    50    19    29    42    37    49  47.1774     0     0     0     0     0     0     0     0     0  
 237     -58     5     9    -3     8   -17   -17   -10    17  47.3786     0     0     0     0     0     0     0     0     0  
 238      78    32    12    42    23    85    58    46    30  47.5798     0     0     0     0     0     0     0     0     0  
 239     -15    22     5     4   -27   -12    22    -3    39   47.781     0     0     0     0     0     0     0     0     0  
 240      26    36    35    14     0    65    22    27    41  47.9823     0     0     0     0     0     0     0     0     0  
 241      26   -16   -13   -19   -25    16   -23    -2    15  48.1838     0     0     0     0     0     0     0     0     0  
 242      18    -5    62    -8    46    66    40    35    29  48.3852     0     0     0     0     0     0     0     0     0  
 243     -27   -38    37     2   -29    -2   -46     0     9  48.5867     0     0     0     0     0     0     0     0     0  
 244      64    82    57    75    10    41    87    47    42  48.7881     0     0     0     0     0     0     0     0     0  
 245      -1    -2    -6     3    -7   -18   -12    -2    23  48.9895     0     0     0     0     0     0     0     0     0  
 246      56    42    69    67    56    18    14    45    10  49.1909     0     0     0     0     0     0     0     0     0  
 247     -11   -56    15     3   -38   -24   -31   -11    28  49.3922     0     0     0     0     0     0     0     0     0  
 248      11    48    62    57    52    37    21    48    41  49.5935     0     0     0     0     0     0     0     0     0  
 249      -5     7    22   -52    -8   -29     2   -12   -20  49.7948     0     0     0     0     0     0     0     0     0  
 250      53    40    40    40    59    45    77    31    49   49.996     0     0     0     0     0     0     0     0     0  
 251      -9     4    22    15   -12   -18   -39     9    31  50.1971     0     0     0     0     0     0     0     0     0  
 252      54   -16    56    28     1    50    31    43    48  50.3982     0     0     0     0     0     0     0     0     0  
 253      10     1    -7   -22    -1     0   -30    12    31  50.5994     0     0     0     0     0     0     0     0     0  
 254      46    70    35    66    27    30    75    61    66  50.8005     0     0     0     0     0     0     0     0     0  
 255     -19    -7   -17   -46    10   -16   -15     3     9  51.0017     0     0     0     0     0     0     0     0     0  
 256      80    47    31    45   102     7    66    43    60  51.2028     0     0     0     0     0     0     0     0     0  
 257      43    28    27   -42    -8    14   -27   -22   -32  51.4042     0     0     0     0     0     0     0     0     0  
 258      62     2    27    36    55    99    79    48    44  51.6054     0     0     0     0     0     0     0     0     0  
 259     -13   -10   -35   -19   -25    13    -7    -5    12  51.8066     0     0     0     0     0     0     0     0     0  
 260      56    54    30    31    24    -4    20    57     7  52.0079     0     0     0     0     0     0     0     0     0  
 261      12   -57     9    12     0     7   -17   -16   -17  52.2093     0     0     0     0     0     0     0     0     0  
 262      58    63    67    11    40    23     6    88    15  52.4106     0     0     0     0     0     0     0     0     0  
 263       2   -23    25    -4   -46   -50   -15   -46     5   52.612     0     0     0     0     0     0     0     0     0  
 264      29    57     8    43    61    52     6    57    -3  52.8133     0     0     0     0     0     0     0     0     0  
 265       8   -16   -11    23   -32   -29   -23   -15    24  53.0144     0     0     0     0     0     0     0     0     0  
 266      29    29    24    28    43    49    75    48    32  53.2154     0     0     0     0     0     0     0     0     0  
 267     -10   -19   -18   -18   -32    10    -3     4    -3  53.4163     0     0     0     0     0     0     0     0     0  
 268     -12    61    56    33    43    74    69    44    24  53.6171     0     0     0     0     0     0     0     0     0  
 269      24   -19    13    -3   -20    -9    -4    -2     5   53.818     0     0     0     0     0     0     0     0     0  
 270      61    32    51    56     6    60     6    20    51  54.0191     0     0     0     0     0     0     0     0     0  
 271      -5     2    12    -6     2   -26   -24    10   -33  54.2201     0     0     0     0     0     0     0     0     0  
 272      47    49   -11     2    70    35    66    34    68  54.4211     0     0     0     0     0     0     0     0     0  
 273       6   -19   -26   -17     3    -7     8   -42    27   54.622     0     0     0     0     0     0     0     0     0  
 274      57    39    20    79    44    55    57    22    23  54.8227     0     0     0     0     0     0     0     0     0  
 275     -30   -22     4     4   -13     3   -26   -21   -25  55.0234     0     0     0     0     0     0     0     0     0  
 276      11    58    50    35    40    33    74    67    12  55.2241     0     0     0     0     0     0     0     0     0  
 277     -27   -17    11    -5    20    -9   -39   -10    26  55.4248     0     0     0     0     0     0     0     0     0  
 278      45    33    32    19    54    50    44    37    10  55.6256     0     0     0     0     0     0     0     0     0  
 279      12    -3   -14   -11   -19   -11   -13   -31   -14  55.8265     0     0     0     0     0     0     0     0     0  
 280      12    30    66    46    61    39    90    63    35  56.0273     0     0     0     0     0     0     0     0     0  
 281     -34    13    -7    -6    19    -4    30    -3    18   56.228     0     0     0     0     0     0     0     0     0  
 282      22    77    73    19   106    78    45    25    16  56.4286     0     0     0     0     0     0     0     0     0  
 283      19   -26    28     9    -5    14    -8     5   -14  56.6293     0     0     0     0     0     0     0     0     0  
 284      41    34    12    81    38    72    60    77    46    56.83     0     0     0     0     0     0     0     0     0  
 285      -4   -32    -6    -5    -6   -26     1     8    -7  57.0307     0     0     0     0     0     0     0     0     0  
 286      26    52    31    11    65     8    47    46    44  57.2313     0     0     0     0     0     0     0     0     0  
 287      15    15    22   -13   -37   -32    15   -16   -18  57.4317     0     0     0     0     0     0     0     0     0  
 288      48    26    47    69    42    51    19    46    25   57.632     0     0     0     0     0     0     0     0     0  
 289     -26    10   -26   -19    30   -19    -6    27    23  57.8322     0     0     0     0     0     0     0     0     0  
 290      18    44    52    77    24    22    35    29    48  58.0322     0     0     0     0     0     0     0     0     0  
 291     -38   -14   -14   -16   -29   -63   -13    21     0  58.2322     0     0     0     0     0     0     0     0     0  
 292      33     5    53    32    43    49    17    25    59  58.4321     0     0     0     0     0     0     0     0     0  
 293       2   -13     0   -24    -7    28    -1    -8    27   58.632     0     0     0     0     0     0     0     0     0  
 294      60    57    52    42    74    22     1    42    15   58.832     0     0     0     0     0     0     0     0     0  
 295      34    19    -5    -5   -25    27   -11    -3   -34   59.032     0     0     0     0     0     0     0     0     0  
 296      59    25    33    42    33    56    31    68    59  59.2318     0     0     0     0     0     0     0     0     0  
 297      -9   -24    -3   -16     7    34    11   -20     9  59.4315     0     0     0     0     0     0     0     0     0  
 298      50    35    59    63    71    45    53    25    14   59.631     0     0     0     0     0     0     0     0     0  
 299     -14   -32    33   -21     6   -22   -17    17     0  59.8304     0     0     0     0     0     0     0     0     0  
 300      64    36    58    40    28    39    43    37    47  60.0298     0     0     0     0     0     0     0     0     0  
 301       0   -19   -10    -4   -29    -6   -22   -54    36  60.2293     0     0     0     0     0     0     0     0     0  
 302      47    11    57    49     8    70    29    55    69  60.4287     0     0     0     0     0     0     0     0     0  
 303      39   -17   -34    22     2     0   -16   -36   -12   60.628     0     0     0     0     0     0     0     0     0  
 304      40    18    35    55    53    46    72    64    47  60.8274     0     0     0     0     0     0     0     0     0  
 305       5   -28    -4   -22   -29   -27    23    -5     0   61.027     0     0     0     0     0     0     0     0     0  
 306     101    46    63    75    42    34    46    52    18  61.2265     0     0     0     0     0     0     0     0     0  
 307       1    11   -26   -20   -29   -39    24    -4   -17   61.426     0     0     0     0     0     0     0     0     0  
 308      56    23    15    62    58    26    39    31    32  61.6253     0     0     0     0     0     0     0     0     0  
 309     -30     4    36    13    10   -17   -46    34     0  61.8246     0     0     0     0     0     0     0     0     0  
 310      57    17    75    36    45    33    32    52    69  62.0238     0     0     0     0     0     0     0     0     0  
 311     -18     4   -56    -6    35   -24     7   -22    26   62.223     0     0     0     0     0     0     0     0     0  
 312      52    54    45    32    54    33    38    12    26  62.4222     0     0     0     0     0     0     0     0     0  
 313     -12    12    11    38    -6   -41   -42   -33     2  62.6214     0     0     0     0     0     0     0     0     0  
 314      28    47    16   -12    57    60    67    51    23  62.8208     0     0     0     0     0     0     0     0     0  
 315      -4   -32   -54   -34     0    11     2    -5   -15  63.0203     0     0     0     0     0     0     0     0     0  
 316      73    48    57     1    44    43    71    60    50  63.2198     0     0     0     0     0     0     0     0     0  
 317      22   -41     7   -15   -12   -15   -67   -16    36  63.4196     0     0     0     0     0     0     0     0     0  
 318      28    20    49    65    44    29    51    59    51  63.6193     0     0     0     0     0     0     0     0     0  
 319     -11     8   -14   -21     8   -17     0   -12   -18  63.8191     0     0     0     0     0     0     0     0     0  
 320      34    54    57    12    49    33    46    73    73  64.0189     0     0     0     0     0     0     0     0     0  
 321      15     8   -31    -7   -18   -43    37   -29   -21  64.2187     0     0     0     0     0     0     0     0     0  
 322       1     7    41    66    39    60    18    21    24  64.4184     0     0     0     0     0     0     0     0     0  
 323      11   -39   -48    -4   -36   -15     0   -17    16  64.6182     0     0     0     0     0     0     0     0     0  
 324      77    41    23    17    46    -3    82    18    24  64.8182     0     0     0     0     0     0     0     0     0  
 325     -35     1   -11   -18   -26   -31    -5    -4    -8  65.0182     0     0     0     0     0     0     0     0     0  
 326      55    12    17    64    44    25    22    32    32  65.2184     0     0     0     0     0     0     0     0     0  
 327       0   -21    -4   -32     8    41   -49    -2   -45  65.4186     0     0     0     0     0     0     0     0     0  
 328      59    39    36    45    45    37    59    52    34   65.619     0     0     0     0     0     0     0     0     0  
 329       4   -32    -2    20   -39   -15    29   -34    11  65.8194     0     0     0     0     0     0     0     0     0  
 330      46    56    22    73    53    -6    45    69    36  66.0198     0     0     0     0     0     0     0     0     0  
 331     -27    -9   -34     8    -1   -15   -53    -4    18  66.2202     0     0     0     0     0     0     0     0     0  
 332      74    48    85    52    55    24    89    41    51  66.4205     0     0     0     0     0     0     0     0     0  
 333      49   -15    -8    11   -41    -8     9    -1    38  66.6208     0     0     0     0     0     0     0     0     0  
 334      15    34    29     2    65    32     4    32   -11  66.8211     0     0     0     0     0     0     0     0     0  
 335      -9   -10    13   -21    12   -17     3     0    30  67.0216     0     0     0     0     0     0     0     0     0  
 336      30    69     9    34    49    30    64    21    53   67.222     0     0     0     0     0     0     0     0     0  
 337      10   -34    12   -68   -33   -11   -36     2    27  67.4226     0     0     0     0     0     0     0     0     0  
 338      44    42    26    61    20    49    47    30    48  67.6232     0     0     0     0     0     0     0     0     0  
 339      -2    -7   -43   -27    -6    28   -45   -20    -1  67.8237     0     0     0     0     0     0     0     0     0  
 340      21    56    56    53    42    36    41    58    14  68.0243     0     0     0     0     0     0     0     0     0  
 341       8   -17   -28   -13     6    13   -18   -19   -12  68.2248     0     0     0     0     0     0     0     0     0  
 342      48    88    24    36    22    42    43    43    55  68.4253     0     0     0     0     0     0     0     0     0  
 343      -7     5   -32   -15   -18    26   -17   -20    26  68.6258     0     0     0     0     0     0     0     0     0  
 344      36    44    77    44    32    40    37    13    16  68.8263     0     0     0     0     0     0     0     0     0  
 345     -57    -3    26    11    -5     8    36   -10   -20  69.0268     0     0     0     0     0     0     0     0     0  
 346      67    31    64    61    68    73    33    37     1  69.2273     0     0     0     0     0     0     0     0     0  
 347       3   -14    10   -19    19    -1    32    21    -8  69.4277     0     0     0     0     0     0     0     0     0  
 348      43    37    39    92    34    65    30    36    59   69.628     0     0     0     0     0     0     0     0     0  
 349      16   -25   -21    37   -11    20   -29   -24    34  69.8284     0     0     0     0     0     0     0     0     0  
 350      37    49    50    75    68    69    43    10    45  70.0287     0     0     0     0     0     0     0     0     0  
 351     -19    11   -51    17   -21    33    24    15    30  70.2289     0     0     0     0     0     0     0     0     0  
 352      19    38    11    27    15    87    81    39    16  70.4289     0     0     0     0     0     0     0     0     0  
 353     -23    15    13   -16    -4    -2    35   -46    10  70.6289     0     0     0     0     0     0     0     0     0  
 354      65    56    42    31    39    60     4    32    47  70.8288     0     0     0     0     0     0     0     0     0  
 355       6    35    29    13    11   -30   -15    34   -17  71.0287     0     0     0     0     0     0     0     0     0  
 356      73     5    87    49    48    29    38    30    42  71.2285     0     0     0     0     0     0     0     0     0  
 357      20    43   -16   -21   -24   -53   -44   -20    -4  71.4284     0     0     0     0     0     0     0     0     0  
 358      52    36    46    -6    37    75    75    41    43  71.6282     0     0     0     0     0     0     0     0     0  
 359      -7    -8    28    33   -58   -20     8    20    25  71.8281     0     0     0     0     0     0     0     0     0  
 360      45    35    58    55    37    81    37    29    28   72.028     0     0     0     0     0     0     0     0     0  
 361     -27    17     0   -36   -25   -14   -16    17     8   72.228     0     0     0     0     0     0     0     0     0  
 362      28    47    55    15    65    38    52    21    45  72.4279     0     0     0     0     0     0     0     0     0  
 363      -4     0   -11   -33   -17    22     9     2    15  72.6279     0     0     0     0     0     0     0     0     0  
 364      70    41    62    64    26    74    13     8    45  72.8278     0     0     0     0     0     0     0     0     0  
 365       4   -23    16    16    31   -13    -2    -9   -55  73.0278     0     0     0     0     0     0     0     0     0  
 366      25    62    29    65   108    37    67    35    46  73.2278     0     0     0     0     0     0     0     0     0  
 367      17     0   -24   -12   -21    -8    10   -29   -21   73.428     0     0     0     0     0     0     0     0     0  
 368      48    43    60    49    25    47    62    37    32  73.6281     0     0     0     0     0     0     0     0     0  
 369      16   -31    11   -36    25    38    18   -23     9  73.8282     0     0     0     0     0     0     0     0     0  
 370      67    26    68    40    49    26    28    63    59  74.0282     0     0     0     0     0     0     0     0     0  
 371      26   -15   -25   -41    -8     0   -16     2   -21  74.2284     0     0     0     0     0     0     0     0     0  
 372      71    72    38    39    42    71     7    22    50  74.4287     0     0     0     0     0     0     0     0     0  
 373       7    66    14   -34   -14    -2   -50   -15    -2  74.6291     0     0     0     0     0     0     0     0     0  
 374      76    27    30    67    64    34    89    37    25  74.8296     0     0     0     0     0     0     0     0     0  
 375      21   -10   -18    -6   -10    -7   -19     0    31  75.0303     0     0     0     0     0     0     0     0     0  
 376      69    -7    15    14    29     5    35    48    56  75.2309     0     0     0     0     0     0     0     0     0  
 377     -28   -20     4    13    -6    -5     5    11    18  75.4315     0     0     0     0     0     0     0     0     0  
 378      35    45    28    91    46    70    62    36    27  75.6321     0     0     0     0     0     0     0     0     0  
 379      -9    -3     5   -26   -43   -22    -9     5    16  75.8326     0     0     0     0     0     0     0     0     0  
 380      41    75    62    70    42    45    22    32    38  76.0331     0     0     0     0     0     0     0     0     0  
 381     -32    -9    13   -25    18   -17    -4    -9   -33  76.2336     0     0     0     0     0     0     0     0     0  
 382      66    64    48    60    38    45    35    38    74   76.434     0     0     0     0     0     0     0     0     0  
 383       8    -5   -30   -30    -9   -39    12   -19   -29  76.6342     0     0     0     0     0     0     0     0     0  
 384      21    34    39    40    73    28    30    44     9  76.8345     0     0     0     0     0     0     0     0     0  
 385     -29    16     0    -9   -32   -14   -17   -20    -3  77.0349     0     0     0     0     0     0     0     0     0  
 386      18    51    16    30    43    10    51   -10    72  77.2353     0     0     0     0     0     0     0     0     0  
 387     -40    -5     7   -30   -12   -64   -33     7    12  77.4359     0     0     0     0     0     0     0     0     0  
 388     -21    31     6    40    17     0    12    21    28  77.6366     0     0     0     0     0     0     0     0     0  
 389     -11   -26   -33    12   -22     8    -7    17    -7  77.8374     0     0     0     0     0     0     0     0     0  
 390      42    37    -8    32    67    42    21    29    49  78.0381     0     0     0     0     0     0     0     0     0  
 391     -15   -15    44    19   -46    -2    17   -11    -3  78.2388     0     0     0     0     0     0     0     0     0  
 392      49    53    25   -23    64    10    71    11    34  78.4395     0     0     0     0     0     0     0     0     0  
 393     -12   -26     5    -3   -53     6   -25   -38   -53  78.6404     0     0     0     0     0     0     0     0     0  
 394      46    18    66    17    68    44    65    26    86  78.8413     0     0     0     0     0     0     0     0     0  
 395      24    13   -27     3   -32    15     8     0    26  79.0422     0     0     0     0     0     0     0     0     0  
 396      50    36    29    40    55    77    49    29    21  79.2433     0     0     0     0     0     0     0     0     0  
 397     -25   -42    -2    41     9     3   -23   -30    44  79.4445     0     0     0     0     0     0     0     0     0  
 398      63    54    60    32    50    44    33    72    70   79.646     0     0     0     0     0     0     0     0     0  
 399      -6     3   -41   -41    43   -31    -6   -19    15  79.8476     0     0     0     0     0     0     0     0     0  
 400      45    58    31    66    16     8    34    67    59  80.0492     0     0     0     0     0     0     0     0     0  
 401     -30     3    27   -27    -9    -3   -45    -8    14   80.251     0     0     0     0     0     0     0     0     0  
 402      50    46    29    68    50    57    53    31    80   80.453     0     0     0     0     0     0     0     0     0  
 403     -21   -16   -18    23   -18   -23   -12     1    25   80.655     0     0     0     0     0     0     0     0     0  
 404      22    49    60    95    50    34    66    57    43  80.8571     0     0     0     0     0     0     0     0     1  
 405      26     4   -21    47    20   -12   -11     8    -8  81.0592     0     0     0     0     0     0     0     0     0  
 406      29    56    45    43    89    30    66    44    36  81.2615     0     0     0     0     0     0     0     0     0  
 407       6     4   -32    -2     2    14   -33    -7    10  81.4638     0     0     0     0     0     0     0     0     1  
 408      60    47    30    27    18    51    18    40    61   81.666     0     0     0     0     0     0     0     0     0  
 409     -29    19    12    -3     5    18     6    -1    -6  81.8682     0     0     0     0     0     0     0     0     0  
 410      56    41    83    12    76    42    70    22    77  82.0704     0     0     0     0     0     0     0     0     0  
 411      28    19     0    16    27    -3   -24     2    10  82.2728     0     0     0     0     0     0     0     0     0  
 412      56    29    63    89    40    37    21    23    24  82.4751     0     0     0     0     0     0     0     0     0  
 413       8     7    26   -20    13    32   -18    -4     2  82.6776     0     0     0     0     0     0     0     0     0  
 414      25    39    43    67    45    66    58    24    66    82.88     0     0     0     0     0     0     0     0     0  
 415      44    -8   -25    35    19    -5   -46    14   -25  83.0825     0     0     0     0     0     0     0     0     0  
 416      54    64    76    36    40    36    42    76     3  83.2848     0     0     0     0     0     0     0     0     0  
 417      42   -32   -14    10   -20    -9   -42     1   -23  83.4871     0     0     0     0     0     0     0     0     0  
 418      39    68    27    56    38    66    50    52    37  83.6891     0     0     0     0     0     0     0     0     0  
 419     -55   -15    -3   -12    24   -31     5    -3     6  83.8911     0     0     0     0     0     0     0     0     0  
 420      18    30    38    41    42    34    76    43    18  84.0929     0     0     0     0     0     0     0     0     0  
 421     -14     0   -37     5     3    -8    -4   -25   -10  84.2948     0     0     0     0     0     0     0     0     0  
 422      16    73    -9     5    18    46    -4    54    48  84.4966     0     0     0     0     0     0     0     0     0  
 423      11   -18    19     0   -24     0   -19    31   -15  84.6984     0     0     0     0     0     0     0     0     0  
 424      46    44    87    36    74    39    75    28    39     84.9     0     0     0     0     0     0     0     0     0  
 425     -12    21   -16   -23   -36    -9   -18     0   -13  85.1016     0     0     0     0     0     0     0     0     0  
 426      42    48    73    27    27    40    50    40    14  85.3032     0     0     0     0     0     0     0     0     0  
 427      19    11   -11    -3    -4   -26    -6     0    12  85.5047     0     0     0     0     0     0     0     0     0  
 428       5    69    53    37    36    80    50    30    13   85.706     0     0     0     0     0     0     0     0     0  
 429     -10   -12   -14    -6   -29     7   -50    17   -27  85.9074     0     0     0     0     0     0     0     0     0  
 430      49    78    45    28    29    48    57    25    45  86.1087     0     0     0     0     0     0     0     0     0  
 431       0    37   -51     3    -7    15   -16     1    -6  86.3101     0     0     0     0     0     0     0     0     0  
 432      38    60    28    47    59    48    71    32    -1  86.5114     0     0     0     0     0     0     0     0     0  
 433      -1    -2   -10   -12    -7    18    10    -2    18  86.7127     0     0     0     0     0     0     0     0     0  
 434     -21    44    38    13    25    19    10    26    27  86.9139     0     0     0     0     0     0     0     0     0  
 435      13   -30    -8    -9   -17   -12    13    -8    -8  87.1152     0     0     0     0     0     0     0     0     0  
 436      27    70    27    34    60    46    19    34    58  87.3162     0     0     0     0     0     0     0     0     0  
 437      16    -2    -9    24    41   -35   -15    -7     4  87.5173     0     0     0     0     0     0     0     0     0  
 438      59    27    87    77    15    66    41    65    43  87.7185     0     0     0     0     0     0     0     0     0  
 439       8    -4     0   -11   -38   -32    -1    18    -4  87.9196     0     0     0     0     0     0     0     0     0  
 440      37    58    42    41    46    53    16    31    12  88.1206     0     0     0     0     0     0     0     0     0  
 441       1    -2    22    21   -21   -24     9   -17   -23  88.3217     0     0     0     0     0     0     0     0     0  
 442      35    50    35    33    -2    40    46    30    43  88.5228     0     0     0     0     0     0     0     0     0  
 443     -27     4     9   -31    -6   -15   -16    -6   -41  88.7239     0     0     0     0     0     0     0     0     0  
 444      49    77    73    23    29    33    64     9    58  88.9249     0     0     0     0     0     0     0     0     0  
 445     -53   -22    -9    -8   -25   -39   -39     3   -50  89.1259     0     0     0     0     0     0     0     0     0  
 446      16    33    58    30     7    51    52    33    61   89.327     0     0     0     0     0     0     0     0     0  
 447      25     3    -3   -42   -13   -24   -23   -63   -11   89.528     0     0     0     0     0     0     0     0     0  
 448      21    42    33    62    31    35     2    49    39   89.729     0     0     0     0     0     0     0     0     1  
 449       7   -16   -17   -25    10   -17    10    -3     5  89.9301     0     0     0     0     0     0     0     0     0  
 450      45    47    67    34    39    55     6    48    66  90.1313     0     0     0     0     0     0     0     0     0  
 451      -5   -38    -6    23   -20   -30     9   -35   -19  90.3327     0     0     0     0     0     0     0     0     0  
 452      70    42    57    32    26    68    33    -1    25   90.534     0     0     0     0     0     0     0     0     0  
 453     -10     3   -54    13   -17    24   -66   -39    29  90.7356     0     0     0     0     0     0     0     0     0  
 454      43    15    57    20    29    50    62    49    60  90.9373     0     0     0     0     0     0     0     0     0  
 455      15     2    -3    16   -24    -7    20   -22   -26  91.1392     0     0     0     0     0     0     0     0     0  
 456      45    36    14    59    32    52    26    41    67  91.3409     0     0     0     0     0     0     0     0     0  
 457      -4     0   -22   -38   -24    10   -31    27   -54  91.5427     0     0     0     0     0     0     0     0     0  
 458      30    31    36    40    37    23    33    57    16  91.7444     0     0     0     0     0     0     0     0     0  
 459     -18   -33    20    30   -12     8   -29   -30     8  91.9461     0     0     0     0     0     0     0     0     0  
 460      43    47    68    36    53    62    75    42    32  92.1478     0     0     0     0     0     0     0     0     0  
 461     -28   -21    10    -6     8   -21    21   -39    21  92.3494     0     0     0     0     0     0     0     0     1  
 462      22    48    31    73    63    57    24    33    49  92.5511     0     0     0     0     0     0     0     0     1  
 463      15   -16    19     7   -15   -51   -27    -8     7  92.7531     0     0     0     0     0     0     0     0     0  
 464      15    44    19    30    57    19    40    55    92  92.9552     0     0     0     0     0     0     0     0     0  
 465       5   -20   -29   -13   -16   -31     4   -32   -11  93.1573     0     0     0     0     0     0     0     0     1  
 466      48    38    48    94    47    60    56    56    -9  93.3594     0     0     0     0     0     0     0     0     0  
 467     -15   -22    20   -30   -16   -13   -52    -9    -8  93.5617     0     0     0     0     0     0     0     0     0  
 468      35    12     8    58    65    30    17    27    38  93.7638     0     0     0     0     0     0     0     0     0  
 469       3   -50   -12   -19    30    -8    35   -11   -20  93.9658     0     0     0     0     0     0     0     0     0  
 470      49    32    60    65    62    66    54    -5    25  94.1678     0     0     0     0     0     0     0     0     0  
 471     -14   -18    27    -3   -55   -16    27   -24   -44  94.3697     0     0     0     0     0     0     0     0     0  
 472      47    -6    36    88    35    24    67    59    31  94.5714     0     0     0     0     0     0     0     0     0  
 473      -1    -8    26    14    10   -14   -25   -12    44   94.773     0     0     0     0     0     0     0     0     0  
 474      35    82    38    71    19    46    49    50    31  94.9746     0     0     0     0     0     0     0     0     0  
 475      25   -43   -10     1   -27   -45    -2   -11   -16  95.1762     0     0     0     0     0     0     0     0     0  
 476      52    63    39     1    19    43    53    56    66  95.3777     0     0     0     0     0     0     0     0     0  
 477     -16   -37    29   -15     2    10   -16     8   -22  95.5793     0     0     0     0     0     0     0     0     0  
 478      62    64    32    48    27    54    47    31     0   95.781     0     0     0     0     0     0     0     0     0  
 479     -60    11   -17   -23   -25    -8     6    -5     9  95.9827    -1     0     0     0     0     0     0     0     0  
 480      16    11    98    29    74    38    27    62    59  96.1845     0     0     0     0     0     0     0     0     0  
 481     -34     0     8     4    -3   -20   -11   -32    21  96.3864     0     0     0     0     0     0     0     0     0  
 482      -2    48    56    15    75    44    15    81    36  96.5885     0     0     0     0     0     0     0     0     0  
 483      14   -26   -19     0     0    -4   -27   -14     9  96.7906     0     0     0     0     0     0     0     0     1  
 484      -2    22    30    -1    33    40    22    42    35  96.9928     0     0     0     0     0     0     0     0     0  
 485      -3    11   -15    23   -35     7   -12   -49   -12   97.195     0     0     0     0     0     0     0     0     1  
 486      43    51    44    48    13    25    55    81    62  97.3971     0     0     0     0     0     0     0     0     0  
 487      -5    15   -15    -6   -19   -56    -6    13   -30  97.5994     0     0     0     0     0     0     0     0     0  
 488       5    37    24    47     2    21    61    32    75  97.8019     0     0     0     0     0     0     0     0     0  
 489     -25    51   -22    -1   -45     7   -62   -24    16  98.0045     0     0     0     0     0     0     0     0     0  
 490      52    54    94    27    37    41    51    22    56  98.2071     0     0     0     0     0     0     0     0     0  
 491     -14   -25   -34   -27   -16   -61   -23   -18    -3  98.4094     0     0     0     0     0     0     0     0     0  
 492      40    36    43    42    49    31    36    67    52  98.6115     0     0     0     0     0     0     0     0     0  
 493     -10     0   -28   -23   -22    -3   -35     5   -22  98.8135     0     0     0     0     0     0     0     0     0  
 494       1    35    14    19    49    62    27    67    52  99.0154     0     0     0     0     0     0     0     0     0  
 495     -15    43    32    29   -13   -69   -32    -9   -33  99.2171     0     0     0     0     0     0     0     0     0  
 496       1    71    80    38    62    49    54    41    42  99.4186     0     0     0     0     0     0     0     0     0  
 497       6    -4   -23   -23   -34     2   -32    -6   -14  99.6198     0     0     0     0     0     0     0     0     0  
 498     -19   -31   -32     9   -61   -33   -26   -42    19  99.8209     0     0     0     0     0     0     0     0     0  
 499     -79   -89   -95   -55  -108   -69  -102   -36   -58  100.021     0     0     0     0     0     0     0     0     0  
 500     -23   -22   -78   -28   -21   -34   -33   -26   -67  100.222     0     0     0     0     0     0     0     0     1  
 501     -68   -59  -101   -56   -77   -63   -73   -66   -78  100.422     0     0     0     0     0     0     0     0     1  
 502     -66   -24   -43   -29   -28   -11   -21   -24   -58  100.622     0     0     0     0     0     0     0     0     1  
 503     -96   -74   -78   -47   -53   -63  -110  -105  -112  100.822     0     0     0     0     0     0     0     0     0  
 504      32    72    41    59    48    68    47    51    70  101.021     0     0     0     0     0     0     0     0     1  
 505     -44    15    17    20   -52    -1   -10    23     3  101.221     0     0     0     0     0     0     0     0     0  
 506      13    62    53    51    27    85    45    32    67   101.42     0     0     0     0     0     0     0     0     0  
 507     -25     9   -12   -10    -4   -35   -41     6   -26  101.619     0     0     0     0     0     0     0     0     0  
 508      16    56    43    66    39    31    60    92    44  101.819     0     0     0     0     0     0     0     0     0  
 509      -6     7    -6    13   -29    14   -36   -31   -25  102.019     0     0     0     0     0     0     0     0     1  
 510      53    46    36    34    17    21    -4    27    22  102.218     0     0     0     0     0     0     0     0     0  
 511     -12    20   -21   -46   -17     3     7    -5   -27  102.417     0     0     0     0     0     0     0     0     1  
 512     -22    12    -2    -7    31     4   -29     6   -23  102.616     0     0     0     0     0     0     0     0     0  
 513     -24   -37     3   -78   -50   -51   -14   -32   -25  102.815     0     0     0     0     0     0     0     0     0  
 514     -10    -8   -37    15   -14   -44   -16    30   -54  103.014     0     0     0     0     0     0     0     0     0  
 515     -26   -89   -65   -34    10   -25    -9     9   -17  103.213     0     0     0     0     0     0     0     0     0  
 516     -52   -27   -12   -45    -6    -2   -10    -9   -41  103.413     0     0     0     0     0     0     0     0     1  
 517     -40   -27    20   -46   -34   -26   -18     9   -43  103.612     0     0     0     0     0     0     0     0     1  
 518     -26   -70   -17   -30   -11   -30   -24     1   -58  103.811     0     0     0     0     0     0     0     0     0  
 519      -4   -16   -24   -59   -61   -51   -26   -26   -44  104.011     0     0     0     0     0     0     0     0     0  
 520     -20   -21   -17    -6   -34   -47    17   -28   -20  104.211     0     0     0     0     0     0     0     0     0  
 521     -35   -23     3   -34   -14    -9   -35    14   -58   104.41     0     0     0     0     0     0     0     0     1  
 522     -31   -43   -41   -45   -19   -13    -3   -45   -47   104.61     0     0     0     0     0     0     0     0     1  
 523     -11   -11   -15   -29   -21   -60     7   -27   -11   104.81     0     0     0     0     0     0     0     0     1  
 524     -53   -64    -4    -3     9   -36   -19   -18     2   105.01     0     0     0     0     0     0     0     0     0  
 525     -49   -26    12   -36   -36   -41   -31   -31    -8  105.209     0     0     0     0     0     0     0     0     1  
 526     -34   -71   -20    -4   -24    30   -31   -28   -71  105.409     0     0     0     0     0     0     0     0     0  
 527      -6   -10   -35   -29     0   -32   -23   -14    -8  105.608     0     0     0     0     0     0     0     0     0  
 528      -6   -43   -12    47   -18    -2   -16   -24   -30  105.808     0     0     0     0     0     0     0     0     1  
 529     -65   -36    -1    -6    -6   -51   -31    -8   -33  106.008     0     0     0     0     0     0     0     0     0  
 530     -46   -33     0   -57   -56   -32   -48    -9   -55  106.207     0     0     0     0     0     0     0     0     1  
 531     -53     6   -20   -47   -24    -3   -14   -45   -22  106.407     0     0     0     0     0     0     0     0     1  
 532      12   -17    -9   -22   -38   -34   -24   -37   -26  106.606     0     0     0     0     0     0     0     0     1  
 533      -5   -50   -20   -48    10   -31   -10     3   -13  106.806     0     0     0     0     0     0     0     0     0  
 534     -27   -30   -39   -71   -15     0   -11    -9     1  107.005     0     0     0     0     0     0     0     0     1  
 535     -22   -30   -61   -35   -18   -49    -4   -40   -40  107.205     0     0     0     0     0     0     0     0     0  
 536     -29   -16   -29   -38   -25   -12    -9     9    30  107.404     0     0     0     0     0     0     0     0     0  
 537       4    -5   -10   -36   -29   -71    -4    14    -4  107.603     0     0     0     0     0     0     0     0     1  
 538     -21   -12    18    -8    17   -51     3   -16   -42  107.803     0     0     0     0     0     0     0     0     1  
 539     -16   -26     3   -38   -44   -14   -33     6    -8  108.002     0     0     0     0     0     0     0     0     1  
 540     -47   -41    -4   -34     6   -19   -12     5   -15  108.201     0     0     0     0     0     0     0     0     1  
 541     -26   -28   -34     5     1    -8    20   -21   -48    108.4     0     0     0     0     0     0     0     0     0  
 542     -60   -11   -17     0   -10    -8    30   -25    -7  108.599     0     0     0     0     0     0     0     0     0  
 543     -15    -6   -12   -30   -17    -5     7   -38   -13  108.799     0     0     0     0     0     0     0     0     0  
 544     -28   -20    11   -22    -6    17   -34    10   -34  108.998     0     0     0     0     0     0     0     0     0  
 545     -12   -20   -24    -9   -26    10    -6     0   -13  109.197     0     0     0     0     0     0     0     0     0  
 546     -19   -21   -42     5   -34   -30    -2   -23   -61  109.396     0     0     0     0     0     0     0     0     0  
 547       0   -29     5   -70   -13    16    -7    12    10  109.596     0     0     0     0     0     0     0     0     1  
 548       8   -18    18   -21   -22   -25   -17   -23   -31  109.795     0     0     0     0     0     0     0     0     1  
 549       6   -10   -27   -14     0   -16   -35    -4   -49  109.994     0     0     0     0     0     0     0     0     1  
 550     -50    -8    17   -14    28   -21   -55   -10   -48  110.193     0     0     0     0     0     0     0     0     1  
 551       0    12     2   -27   -41   -36    25     2   -11  110.392     0     0     0     0     0     0     0     0     0  
 552     -20   -33   -81    -5   -11   -25    -7   -18     5  110.591     0     0     0     0     0     0     0     0     1  
 553       7   -15   -31     7   -13     9    15    11     9   110.79     0     0     0     0     0     0     0     0     1  
 554     -29   -28   -32     5   -12   -20   -25     4   -52  110.988     0     0     0     0     0     0     0     0     0  
 555      -7   -26    12   -22   -12    26   -27    -2    -2  111.187     0     0     0     0     0     0     0     0     1  
 556      -4   -14   -71    13     3   -46   -16    22   -14  111.386     0     0     0     0     0     0     0     0     0  
 557      -2   -25   -19     1    -9   -14   -28    11   -50  111.585     0     0     0     0     0     0     0     0     1  
 558     -39     3   -36   -35     1     4    17   -15   -23  111.784     0     0     0     0     0     0     0     0     0  
 559      -5    18     0    12   -23   -46   -33   -45     0  111.983     0     0     0     0     0     0     0     0     0  
 560      15    14     3   -38   -28     2    -2   -44   -29  112.182     0     0     0     0     0     0     0     0     1  
 561       4     2   -26   -12    12   -49     0    10   -14  112.381     0     0     0     0     0     0     0     0     0  
 562     -26    -3    29   -26   -47    19   -50   -20   -16   112.58     0     0     0     0     0     0     0     0     0  
 563       6   -27   -33    -4   -41   -36   -62    -7   -11  112.779     0     0     0     0     0     0     0     0     1  
 564       5   -17   -17   -35   -10     5    -9     0     8  112.978     0     0     0     0     0     0     0     0     1  
 565      -6    -8   -24   -10     0   -21   -43    27     3  113.177     0     0     0     0     0     0     0     0     0  
 566     -18   -43   -10    -6   -64    -8   -46   -15   -61  113.376     0     0     0     0     0     0     0     0     0  
 567     -50   -35    -7   -29   -13   -35   -41   -38   -21  113.574     0     0     0     0     0     0     0     0     0  
 568       3    -9   -25    27   -23    11     1    36   -49  113.773     0     0     0     0     0     0     0     0     1  
 569     -27   -31    -2   -13   -42   -69   -54   -29     2  113.972     0     0     0     0     0     0     0     0     1  
 570     -19   -48   -17   -20   -46   -19   -17    24   -25   114.17     0     0     0     0     0     0     0     0     0  
 571     -14   -29   -35   -54     1    -3   -30   -14   -25  114.369     0     0     0     0     0     0     0     0     0  
 572     -22   -41   -27   -48   -32    -5    -5    17   -13  114.568     0     0     0     0     0     0     0     0     1  
 573     -44    -1   -11   -41    44   -40   -34   -18   -29  114.767     0     0     0     0     0     0     0     0     0  
 574     -40    17   -17   -49    28   -19    13   -13    -9  114.966     0     0     0     0     0     0     0     0     0  
 575     -53    -1   -45   -10     9   -33   -22   -45    12  115.164     0     0     0     0     0     0     0     0     1  
 576     -59   -14   -25   -72     4    12   -62   -48   -15  115.363     0     0     0     0     0     0     0     0     0  
 577     -12   -48   -22   -17   -24   -47   -40   -46   -59  115.562     0     0     0     0     0     0     0     0     1  
 578       4   -10    -3    -6     1   -35     8   -39   -25  115.761     0     0     0     0     0     0     0     0     1  
 579     -11   -31   -23    -5   -35   -24   -22    20   -25  115.959     0     0     0     0     0     0     0     0     0  
 580      -1   -46   -31   -35   -23   -40   -37   -41   -33  116.158     0     0     0     0     0     0     0     0     0  
 581     -22    14   -21   -22   -14   -22    22   -17   -23  116.356     0     0     0     0     0     0     0     0     0  
 582     -68   -18   -19   -48    -3    -4   -51   -15   -14  116.555     0     0     0     0     0     0     0     0     0  
 583      20    28    10   -18   -15   -21   -14   -15    -6  116.753     0     0     0     0     0     0     0     0     0  
 584     -31   -20   -42    12   -14   -13   -35   -33     5  116.952     0     0     0     0     0     0     0     0     1  
 585     -52    -2   -17    -6     6   -30   -25    -6   -61   117.15     0     0     0     0     0     0     0     0     1  
 586     -10   -53   -29   -23    -1   -14     4   -17   -10  117.348     0     0     0     0     0     0     0     0     1  
 587       6   -27    -8   -20    28   -36    -7   -36   -57  117.546     0     0     0     0     0     0     0     0     0  
 588       9   -13   -30    28   -31     0   -40   -23   -24  117.744     0     0     0     0     0     0     0     0     0  
 589     -20   -63     3    16   -10   -31   -34   -30   -70  117.942     0     0     0     0     0     0     0     0     0  
 590     -44   -21   -27   -11    -7    26     5    17   -60   118.14     0     0     0     0     0     0     0     0     1  
 591      14    -2     6    -8    10   -25     4    -2   -40  118.338     0     0     0     0     0     0     0     0     1  
 592      -3     1    -5   -24     6   -52    12     0   -42  118.537     0     0     0     0     0     0     0     0     1  
 593     -31   -10     5   -20    -6   -20   -60   -17   -11  118.735     0     0     0     0     0     0     0     0     1  
 594     -24   -44   -33   -12   -20   -41    -8   -37    -7  118.934     0     0     0     0     0     0     0     0     0  
 595     -16   -25   -13    19   -17    -1   -28   -37   -52  119.132     0     0     0     0     0     0     0     0     1  
 596     -14     5    -8   -48   -47   -34    -8    -6   -20  119.331     0     0     0     0     0     0     0     0     1  
 597     -19   -20   -47   -32    -2     7   -33     3   -10   119.53     0     0     0     0     0     0     0     0     0  
 598     -44    -6   -11     9     1   -22     3   -12     4  119.729     0     0     0     0     0     0     0     0     1  
 599     -18    15    25   -20    -9   -24    -7   -10   -26  119.928     0     0     0     0     0     0     0     0     0  
 600       0   -13    14    -4   -34   -23   -19    -5   -52  120.127     0     0     0     0     0     0     0     0     0  
 601     -25   -15    -2   -13   -36   -65   -21   -54   -40  120.326     0     0     0     0     0     0     0     0     1  
 602      -3   -40   -37   -39     2   -31   -29   -22   -24  120.526     0     0     0     0     0     0     0     0     0  
 603     -13    -3    -3   -10    20   -72   -11   -37     4  120.725     0     0     0     0     0     0     0     0     1  
 604     -41     1   -18   -31   -48   -34    20   -22    -6  120.924     0     0     0     0     0     0     0     0     1  
 605     -13    39   -30    34   -28   -31   -22   -20    -4  121.124     0     0     0     0     0     0     0     0     1  
 606     -36    -2   -23     0   -62   -11   -66   -37   -13  121.323     0     0     0     0     0     0     0     0     0  
 607     -30   -42   -32   -32   -14    11   -26   -24    -2  121.523     0     0     0     0     0     0     0     0     0  
 608      -9   -48   -24   -48   -49   -13   -18   -15   -22  121.722     0     0     0     0     0     0     0     0     0  
 609     -37    -1    -1   -57   -47    14   -64   -16   -38  121.921     0     0     0     0     0     0     0     0     1  
 610     -51   -38     8   -34   -65   -37   -56   -43   -30  122.121     0     0     0     0     0     0     0     0     0  
 611     -64   -53    -3   -35   -28     4    -5   -12   -35   122.32     0     0     0     0     0     0     0     0     0  
 612     -10    28    -5    22   -60   -22   -21   -36   -18   122.52     0     0     0     0     0     0     0     0     1  
 613     -37    13   -40   -27   -16     0    -4   -52   -26  122.719     0     0     0     0     0     0     0     0     1  
 614     -38   -44   -55     7     6   -43   -31   -47     0  122.919     0     0     0     0     0     0     0     0     0  
 615      15   -18    -4   -14   -22   -28    18   -60    21  123.118     0     0     0     0     0     0     0     0     1  
 616      -8   -22   -48     8   -34    -8    -6    -4   -24  123.318     0     0     0     0     0     0     0     0     1  
 617     -17     6   -21   -36     1   -35    -4    18    28  123.517     0     0     0     0     0     0     0     0     0  
 618      -6    14   -46   -35   -51    -2     8   -58   -13  123.717     0     0     0     0     0     0     0     0     1  
 619     -32   -10     8    26    38    15   -45   -38    -5  123.916     0     0     0     0     0     0     0     0     0  
 620      -3     6   -36     7   -16   -37   -20    14   -16  124.115     0     0     0     0     0     0     0     0     0  
 621     -32    21    10    13   -27   -12    -3   -22   -19  124.314     0     0     0     0     0     0     0     0     1  
 622      21   -27   -48   -49   -18   -48    -4   -19   -61  124.514     0     0     0     0     0     0     0     0     0  
 623     -34   -24   -12    22    -1   -30   -20     6   -33  124.713     0     0     0     0     0     0     0     0     1  
 624       2    -6   -12   -25   -52     6    -3    -9   -38  124.912     0     0     0     0     0     0     0     0     1  
 625      -5    24     5   -29    22   -44    -9    -5   -17  125.112     0     0     0     0     0     0     0     0     0  
 626      17   -24   -25   -30   -30   -35   -11   -23   -62  125.311     0     0     0     0     0     0     0     0     1  
 627      -8     5   -13   -48   -49     7     6     1   -55  125.511     0     0     0     0     0     0     0     0     1  
 628      16    -7   -27     7   -13   -39   -52   -27   -16   125.71     0     0     0     0     0     0     0     0     0  
 629     -41   -13   -30   -22   -51    17    -4    20   -37  125.909     0     0     0     0     0     0     0     0     0  
 630     -11     4   -15   -38   -23    14   -27   -18    -6  126.109     0     0     0     0     0     0     0     0     1  
 631      -7     4   -33     0    21    21    14   -16   -17  126.308     0     0     0     0     0     0     0     0     1  
 632      24    -6   -42    -5   -21   -17   -29   -18     2  126.508     0     0     0     0     0     0     0     0     1  
 633     -68   -33   -36   -27   -17    -1   -31   -44   -20  126.708     0     0     0     0     0     0     0     0     0  
 634      -1   -41   -52   -12   -10   -20   -52   -10   -36  126.908     0     0     0     0     0     0     0     0     0  
 635      -7    16   -16   -34     0   -14   -11     3   -47  127.108     0     0     0     0     0     0     0     0     0  
 636     -49   -45     3   -18   -30    12   -35   -44    17  127.308     0     0     0     0     0     0     0     0     1  
 637     -11   -36   -15   -12   -11    -2   -13   -52   -46  127.507     0     0     0     0     0     0     0     0     0  
 638     -18   -54    -1   -19   -10    42     8    -5   -22  127.707     0     0     0     0     0     0     0     0     0  
 639     -30     0    -1   -45    10   -46   -31     8   -26  127.907     0     0     0     0     0     0     0     0     0  
 640      -7   -35    -8    36    -8    -5    13    -2    -6  128.107     0     0     0     0     0     0     0     0     0  
 641     -30   -22     6   -23   -14    -4   -52   -29   -38  128.306     0     0     0     0     0     0     0     0     0  
 642     -40    17   -25   -12   -42   -11   -37   -11     1  128.506     0     0     0     0     0     0     0     0     0  
 643      13    -8   -29   -15   -25    31   -47   -37   -21  128.705     0     0     0     0     0     0     0     0     0  
 644      25    -6   -33     1    16   -34   -43   -10    -4  128.905     0     0     0     0     0     0     0     0     0  
 645     -15   -33     0   -55   -18   -28   -16   -26   -27  129.104     0     0     0     0     0     0     0     0     0  
 646     -50   -20   -31   -23   -12   -12   -28     5   -63  129.304     0     0     0     0     0     0     0     0     0  
 647      -9   -28   -10   -61    -9   -13   -55   -51   -19  129.504     0     0     0     0     0     0     0     0     0  
 648     -10    -2   -24    10    -7    -3    25   -19   -27  129.703     0     0     0     0     0     0     0     0     0  
 649     -31   -27   -25   -12   -22   -42    -2   -41   -33  129.903     0     0     0     0     0     0     0     0     0  
 650     -13   -18   -15   -25    -7   -12   -23   -69     4  130.103     0     0     0     0     0     0     0     0     0  
 651     -13   -46   -47   -54    23   -14   -27   -45   -54  130.302     0     0     0     0     0     0     0     0     0  
 652     -37    -7   -24   -15    16    18    -7    11   -10  130.502     0     0     0     0     0     0     0     0     0  
 653      33   -47     4   -41     1     0   -27   -51    -9  130.702     0     0     0     0     0     0     0     0     0  
 654       9     0   -14    18     5    11   -23   -14   -14  130.901     0     0     0     0     0     0     0     1     0  
 655     -21   -33    -5    30   -48    -1   -13   -48    -7  131.101     0     0     0     0     0     0     0     0     0  
 656     -12   -54    -5    12     2   -15    13    -6     8  131.301     0     0     0     0     0     0     0     0     1  
 657     -41    11    26     1   -40   -30   -32   -40   -16    131.5     0     0     0     0     0     0     0     0     0  
 658     -26   -20   -40   -34   -18   -38   -17   -20   -34    131.7     0     0     0     0     0     0     0     0     0  
 659     -44   -28    12   -26     1   -21   -12   -16    -4  131.899     0     0     0     0     0     0     0     0     1  
 660     -13    12   -54   -12    11     6   -19    18    10  132.099     0     0     0     0     0     0     1     0     0  
 661      -6   -20    33    10   -17   -13    20    -6    -5  132.298     0     0     0     0     0     0     0     0     0  
 662     -48     3   -32   -11    23   -26    23   -62   -24  132.497     0     0     0     0     0     0     0     0     0  
 663      12    -3   -12    -7     6    -5   -31   -30     6  132.697     0     0     0     0     0     0     0     0     0  
 664      -8   -16    11    -2    14   -14    -6     0   -28  132.896     0     0     0     0     0     0     0     0     1  
 665      -8   -33   -31    16   -16   -13    -9   -26    -3  133.095     0     0     0     0     0     0     0     0     1  
 666     -43    32   -38    26    -7   -22     2   -22   -14  133.295     0     0     0     0     0     0     1     0     1  
 667      -2    -7   -15   -15   -33    12   -24   -34    24  133.494     0     0     0     0     0     0     0     0     0  
 668     -21   -19   -23    19    10    -9    11   -17   -48  133.694     0     0     0     0     0     0     0     0     0  
 669       1   -26   -37   -28   -24    -2    -7    -4     1  133.894     0     0     0     0     0     0     0     0     1  
 670     -12    24   -14   -33   -29   -32   -52    -2   -12  134.093     0     0     0     0     0     0     0     0     1  
 671      -4   -16   -63     3   -13   -15   -17   -26   -26  134.293     0     0     0     0     0     0     0     0     1  
 672       7   -26   -26   -31   -34   -64    24   -11   -25  134.492     0     0     0     0     0     0     0     0     0  
 673       3   -13   -12   -34   -10    18     0   -14    21  134.691     0     0     0     0     0     0     0     0     1  
 674      -2   -40   -19   -26    19     9   -36   -24    -4  134.891     0     0     0     0     0     0     0     0     0  
 675      23   -16   -37   -37   -13   -24   -40   -10   -13   135.09     0     0     0     0     0     0     0     0     0  
 676      -5   -36   -45    13    27    -5   -48     1   -57   135.29     0     0     0     0     0     0     0     0     0  
 677      14   -31   -40   -12   -32    -1    -6   -15   -32  135.489     0     0     0     0     0     0     0     0     0  
 678      -4    13    -8     2   -35    25   -23   -12   -24  135.689     0     1     0     0     0     0     1     0     1  
 679      22   -18     7     9   -32   -23   -18    -7   -17  135.889     0     0     0     0     0     1     0     0     1  
 680     -20    -7   -21   -49   -17   -36     5   -32   -16  136.088     0     0     0     0     0     0     0     0     0  
 681     -18   -32   -56   -62   -36    17   -14    -1   -29  136.288     0     0     0     0     0     0     0     0     1  
 682     -30   -36   -26     3   -42   -26   -10   -13    -2  136.488     0     0     1     0     0     0     1     1     1  
 683      10   -12    12    -6   -34   -23    -2    32   -24  136.688     0     0     0     1     0     0     0     0     0  
 684      10    -8   -24   -30    -5    23     3   -11     9  136.888     0     0     0     0     0     0     0     0     0  
 685     -51    -7   -46    -5     0    -8   -10    28   -16  137.089     0     0     0     0     0     0     1     0     0  
 686     -15   -52    39   -44   -47    -4   -30     9   -37  137.289     0     0     0     1     1     0     0     0     0  
 687      34    -3   -17    -7    28    10   -41   -30    -2  137.489     0     0     0     1     0     0     0     1     1  
 688     -58   -28   -27    -7     6   -47     9   -32    29  137.689     0     0     0     0     0     0     0     0     1  
 689     -10   -15    10    -6   -19   -31   -31   -11     7  137.889     0     0     0     0     0     0     0     1     1  
 690     -40   -38   -16   -29   -31    15   -36   -36   -21   138.09     1     0     0     1     0     0     0     1     1  
 691      -6     8   -28    -7    -4   -12    32    12    -3   138.29     0     0     0     1     0     0     0     0     1  
 692     -14     9    -5     8     2     9   -54   -47     2   138.49     0     0     0     0     1     0     0     0     1  
 693     -32    38   -38    -3   -64    46    -4   -35   -17  138.689     0     0     0     0     0     0     0     1     1  
 694     -58   -26    25   -30   -43   -17   -35     4   -20  138.889     0     0     0     0     0     0     0     1     0  
 695      -7    -6   -31   -49   -19   -39    -9   -24     7  139.089     0     0     0     0     1     0     0     0     0  
 696     -10   -40   -28   -12    17   -46    -2   -40   -43  139.289     0     0     0     0     0     0     0     0     1  
 697      -4    10   -16   -14    -3    -6    -3   -19     1  139.488     0     0     0     0     0     0     0     0     0  
 698      25    -9   -47   -53   -11   -45   -43   -14   -45  139.688     0     0     1     0     0     0     0     0     0  
 699     -28   -26   -22    20   -24   -13   -22   -24   -34  139.888     0     0     1     1     0     0     0     0     1  
 700     -22     5   -28   -30   -15    -9   -36     8   -27  140.088     0     0     0     1     1     0     0     0     1  
 701     -12   -39   -20    -9   -26   -24     3    16   -21  140.288     0     1     0     1     1     0     0     0     1  
 702     -42     2   -26    -9     2   -37   -28   -16    -4  140.489     1     0     0     0     0     0     0     0     1  
 703     -34     8   -25   -33    13   -18   -10   -32    -8  140.689     0     0     0     0     0     1     0     1     1  
 704     -12    12   -55   -41   -16    -8   -12    19    -6   140.89     0     1     0     0     0     0     0     1     0  
 705     -32    12   -52   -33   -21   -14   -30   -18   -30   141.09     0     0     0     0     0     0     0     0     1  
 706     -28   -20   -32   -46   -20    14   -11     4     8  141.291     0     0     0     0     0     0     0     0     1  
 707     -20   -16   -43   -60    -3    36   -59   -27    52  141.491     0     0     0     0     0     1     1     0     0  
 708      -3   -10    -6   -43     8   -19   -34   -20   -29  141.691     0     0     0     0     0     0     0     0     1  
 709     -27   -12   -29   -31   -51   -16    -8     1    18  141.892     0     0     0     0     0     1     0     1     1  
 710      -7   -29   -66   -15   -10    -3   -67     5    -4  142.092     1     0     0     0     0     0     0     0     1  
 711      14   -10    -2     1   -56    -8   -29   -23    15  142.293     1     0     0     0     0     0     1     0     1  
 712     -12   -46   -16   -24    -4    -9    11    -9   -57  142.494     1     0     0     0     1     1     0     0     1  
 713     -25   -20    12    18   -34   -22   -11    -9   -53  142.695     1     1     0     1     0     0     0     1     0  
 714     -15   -43     5   -22   -40    25   -19   -30   -26  142.895     1     0     0     0     0     0     0     0     1  
 715       3    28     4   -22   -24   -18   -18    17   -27  143.096     0     0     0     0     0     0     0     0     0  
 716     -13   -19    19   -17   -17    -9   -30   -11    -6  143.296     0     0     0     0     0     0     0     0     1  
 717     -19    16     1   -17   -30   -50   -23   -20   -33  143.497     0     0     0     0     0     0     0     0     1  
 718     -65    19   -44   -16    -2   -48   -25     0   -22  143.698     0     0     0     0     0     0     0     0     1  
 719     -34   -24   -41    18   -17    22    31   -24   -29  143.899     0     1     0     0     0     0     0     0     0  
 720     -29    13   -18   -13    -2    -3   -20   -54   -47  144.099     0     0     0     1     0     1     0     1     1  
 721     -35   -11   -10   -11   -41   -35   -32   -22   -38    144.3     0     0     0     0     0     0     0     0     1  
 722     -13   -16    20     1     9   -35   -64   -35   -33  144.501     0     0     0     0     0     1     1     0     1  
 723     -12   -26    -8   -32    -5    -6   -34     7   -35  144.702     0     0     0     0     0     0     1     1     0  
 724     -10    12   -42     2   -14   -45    22   -11    11  144.903     1     0     0     0     0     1     0     0     1  
 725     -48    -5   -30   -18   -14   -36    -7   -39   -32  145.104     0     0     0     0     1     0     1     0     0  
 726     -51   -41   -41    -9   -31    -6    -3    -3   -37  145.305     0     0     0     1     0     0     0     0     1  
 727     -61   -35   -37   -26    17   -31   -28   -49     1  145.506     0     0     0     0     0     0     0     0     0  
 728     -34    -8   -11   -26   -33   -12     3     3     6  145.707     0     0     0     1     0     0     0     0     1  
 729     -68   -36    -1    -7   -32   -20   -35   -19    18  145.908     0     0     0     0     0     0     1     0     1  
 730     -15   -24   -25     8   -25    -4   -20   -28   -55  146.109     0     0     0     0     0     0     0     0     1  
 731     -25   -26   -25    -7   -32   -38    10   -16    -4  146.309     0     0     0     0     0     0     0     0     1  
 732     -12   -18    -8    -5    17   -35    10   -27   -29   146.51     0     0     0     1     0     0     0     0     1  
 733      46   -23     0   -11   -28   -40   -32    23    -9  146.711     0     0     0     1     0     0     0     0     1  
 734      13    -7   -14   -20   -31   -56   -41   -29   -53  146.912     0     0     0     0     0     0     1     0     1  
 735     -16   -29   -21   -15   -12    -4   -40   -27   -57  147.112     0     0     0     0     0     0     0     0     1  
 736      -3   -37   -33   -38   -25     0    -9   -24    -5  147.313     0     0     0     0     0     0     0     0     0  
 737     -35   -10   -41   -48   -43   -18   -22   -10   -17  147.514     1     0     1     1     1     0     0     1     1  
 738     -27   -19    -8     2    15   -11   -33    21   -24  147.715     0     0     0     0     0     0     1     0     1  
 739       6   -21   -46   -12   -18    -3   -36   -21    16  147.916     0     0     0     0     0     0     0     0     1  
 740      23    16   -19     2   -14    -3    -5   -11    -2  148.117     1     0     0     0     0     0     0     1     0  
 741      19    15   -14    -4     6    -1   -28    -9   -54  148.318     1     0     0     0     0     0     0     0     1  
 742     -10     0     7    -9   -53   -14    11   -29   -37   148.52     0     0     0     0     1     0     0     0     1  
 743     -10   -50   -38   -26    -2   -30   -49    18   -18  148.721     0     0     0     0     0     0     0     0     1  
 744      -2   -34    -5     3    25   -26   -19    -9   -54  148.923     0     0     0     0     0     0     0     0     1  
 745     -16    13    -3    -3   -31   -10    -2   -48     9  149.125     0     0     0     0     0     0     0     0     1  
 746      46    -5   -16   -47   -12    27   -13   -12   -37  149.326     0     0     0     1     0     0     0     1     1  
 747     -17   -38    30   -14    32    -5    -5   -24     6  149.528     0     0     0     0     0     0     0     0     1  
 748     -66   -13     4    -4    -2    -3     6   -19   -46   149.73     0     0     0     0     0     0     0     0     1  
 749      -5     1   -26    23   -30    18   -41    12     0  149.932     0     0     0     1     0     0     0     0     1  
 750     -51     8   -15   -83   -35   -10   -10     9   -34  150.134     0     0     0     0     0     0     0     0     1  
 751     -14   -43   -20    -1   -33   -30     0   -10   -10  150.335     0     0     0     0     0     0     1     0     0  
 752     -23    -5   -35    -4    18   -25   -19     3    31  150.537     0     0     1     0     0     0     0     0     1  
 753     -15   -31     6    -3     0   -35   -27   -55   -35  150.739     1     0     0     0     0     0     0     1     1  
 754     -34   -28    -5   -25     0   -41    -8    20   -36  150.941     1     0     0     0     0     0     1     0     1  
 755     -28    -9    -2   -19   -47   -38     5   -17   -55  151.142     0     0     0     0     0     0     0     0     1  
 756      18     9   -18    -7     9     0   -10    -4     3  151.344     0     0     0     0     1     0     0     0     1  
 757       5   -10   -42     7    -4   -49    -5     0   -19  151.546     0     0     0     0     1     0     0     0     1  
 758     -21   -15    25    10    23   -36   -19     0   -17  151.747     0     0     0     0     0     1     0     0     1  
 759     -15     7   -23   -14   -47   -34   -32     8    21  151.948     0     0     0     0     0     0     0     0     1  
 760      -8   -28   -12     3   -61    -8     8    22   -53   152.15     0     0     0     0     0     0     0     0     0  
 761      24   -49     0     6     6   -27    -9   -22     3  152.351     0     1     0     1     0     0     1     1     1  
 762     -36     2     1   -30   -22   -12   -44   -21    23  152.552     0     0     0     0     0     0     0     0     1  
 763     -23    16   -28   -39   -41   -10   -16   -41   -26  152.754     0     0     0     0     0     1     0     1     0  
 764      30   -47    -1   -12   -33   -36   -30   -44   -12  152.955     0     0     0     0     0     1     0     0     1  
 765     -12   -25    -8   -22   -14   -65   -64   -12   -37  153.156     0     0     0     0     0     0     0     0     1  
 766     -23   -15   -12   -10   -10   -18   -35    19    24  153.357     1     0     0     0     0     0     0     0     1  
 767       3   -31    -3   -21   -25     1     1   -13     6  153.558     1     0     0     0     0     0     0     0     1  
 768       2   -26   -16    -4   -16    -8   -59   -20    -6  153.759     1     0     0     0     0     0     1     0     1  
 769     -20   -16     7    -3   -34   -30     4     3   -14   153.96     0     0     0     0     0     0     0     0     1  
 770     -11    22   -41     7   -67   -28   -27   -12   -16  154.161     0     0     0     1     0     0     0     0     1  
 771     -27    30   -36   -39     7    -2   -17   -27   -18  154.362     0     0     0     0     0     0     0     0     1  
 772      -8     9    10   -52    14   -60     2    -5   -25  154.564     0     0     0     0     0     0     1     0     1  
 773       5   -16   -13    -5   -58     8   -22   -13     4  154.765     0     0     0     1     0     0     1     0     1  
 774     -35   -15   -19    -7    -9   -20   -13   -38   -26  154.966     0     0     0     0     0     0     0     0     1  
 775      -7   -71   -17   -36    18   -28    10   -62    -2  155.167     0     0     0     0     0     1     0     0     1  
 776     -34     2    -4   -13     7    -4   -26    -1    41  155.368     0     0     0     0     1     0     0     0     0  
 777     -10   -27     8   -30   -18   -29    -9     4   -30   155.57     0     0     0     0     0     0     0     0     1  
 778      12   -23   -30     0   -41   -50   -22   -33   -19  155.771     0     0     0     0     0     0     0     0     1  
 779     -37    49    10   -27   -19   -20    -7   -42   -19  155.972     0     0     0     0     0     0     0     0     1  
 780      18    10   -27    23    -7    18   -45   -46   -38  156.173     1     0     0     0     0     0     0     0     1  
 781     -69   -26   -34   -13     2   -17   -10    -6   -21  156.374     0     0     0     0     0     0     0     0     1  
 782     -14     4   -25   -22   -13   -34   -28   -29   -47  156.575     0     0     0     0     1     0     0     0     1  
 783      32    -5    -8    11   -29   -17   -31    25   -17  156.775     0     0     0     0     0     0     0     0     1  
 784     -12   -24   -11     1    -2   -18   -14    -5    26  156.976     0     0     0     0     1     1     0     0     1  
 785       1    -6    -4   -38    -9   -50   -23    -6   -43  157.177     1     0     0     1     0     0     1     0     0  
 786     -39    -5   -40   -19    24    15    18     7   -58  157.378     0     1     0     0     1     0     1     0     1  
 787     -13   -38   -33   -43   -18     3    32   -28   -37  157.579     0     0     0     0     0     0     0     1     1  
 788     -22   -41   -29    -4    11    18     7    33   -39  157.781     1     0     0     0     0     0     0     1     1  
 789     -25    -4   -69   -10     1   -40   -16   -32    36  157.982     0     0     0     0     0     1     0     0     0  
 790     -37   -54   -30    11     4    35   -35   -12   -29  158.183     0     0     0     0     1     1     0     0     1  
 791     -28    12    -5   -16    -7   -35   -18    -5    -6  158.384     1     0     0     0     0     0     0     0     1  
 792     -30   -15   -20   -25   -23   -31   -30   -29     1  158.586     0     0     0     0     0     0     0     0     1  
 793     -16    18   -67   -51   -38   -15    -7     0   -21  158.788     0     0     1     0     0     0     0     1     1  
 794     -25   -11     8   -22     2    -1   -24    17   -16  158.989     0     1     0     0     0     0     0     0     1  
 795      30    13    14   -22   -43   -15   -15   -52   -40  159.191     1     0     0     0     1     0     0     0     1  
 796     -39     9   -21   -15   -32   -14   -19     7   -38  159.392     0     0     0     1     0     0     1     0     1  
 797     -28   -37    17   -36   -20   -69   -16   -19     4  159.593     0     0     0     1     0     1     1     0     1  
 798       2   -52   -48   -21    -4   -13     7   -16    23  159.795     0     0     0     0     1     1     0     0     1  
 799     -33   -20   -36     7    13   -12   -33   -11   -25  159.996     0     0     0     0     0     0     0     0     0  
 800      -1    28    19     4    13   -28    -3    -3   -29  160.197     0     0     1     0     0     0     1     0     1  
 801     -16   -30   -16   -17     5    -3   -48    11    -8  160.398     0     0     1     0     0     1     0     0     1  
 802     -26    -4   -32     6    -6   -29   -12   -42   -25  160.599     0     0     0     0     0     0     0     0     0  
 803      -3   -46   -49     2    -5   -38   -48    -9    -5    160.8     1     1     0     0     0     1     1     0     1  
 804     -10   -11   -18   -42    -4    20   -43   -36    -1  161.001     0     0     0     0     1     0     1     0     1  
 805     -56   -22     7    24   -21   -56   -20   -15     0  161.202     0     0     0     0     0     1     0     0     1  
 806     -35   -31   -39   -37   -25   -22    -4     9    -6  161.403     0     0     0     1     0     0     0     0     1  
 807     -43    26   -25   -11     0    35   -32   -25   -21  161.604     0     0     0     0     1     0     0     0     1  
 808     -13   -11   -47    10   -38    25    -2     1    10  161.805     0     0     0     0     0     1     0     0     1  
 809      10   -18   -22    -6   -32   -31    -6    -4   -21  162.005     0     0     0     0     0     0     0     0     0  
 810     -25   -37     1   -31   -21     7   -21   -29    18  162.206     0     0     0     0     0     0     0     0     0  
 811     -12   -21   -69    -1     4   -34   -45     0    -1  162.406     0     0     0     0     0     0     0     0     0  
 812     -69   -20   -31    -4    13     3    12    16   -17  162.607     0     0     0     0     0     0     0     0     0  
 813     -38   -21    39    -5   -31   -30   -13   -28   -72  162.807     0     0     1     0     0     0     0     0     0  
 814      13    14   -12    -1     2    12     0    -1   -14  163.008     0     0     0     0     0     0     0     0     0  
 815      21   -10   -46   -30   -23   -18    -7   -31    15  163.209     0     0     0     0     0     0     0     0     0  
 816       6    -5   -60   -26    36   -10   -50    -6   -34  163.409     0     0     0     0     0     0     0     0     0  
 817     -47   -13    21     8   -17   -18   -22     4     2  163.609     0     0     0     0     0     0     0     0     0  
 818     -12   -25   -50    -5   -28    11   -12    21   -13   163.81     0     0     0     0     0     0     0     0     0  
 819       5   -25   -39   -10   -18   -14   -39    -8   -24   164.01     0     0     1     0     0     1     0     1     1  
 820     -41    22   -29   -64   -18   -11   -30   -33   -28   164.21     0     0     0     0     0     0     1     1     1  
 821      -4   -26    -7   -49     4   -14    -3   -60    -4   164.41     0     0     0     0     0     0     0     1     1  
 822      12   -12   -36   -30   -44   -26     7   -24   -38   164.61     0     0     0     0     0     0     0     0     1  
 823     -43   -21   -19   -16     9   -44   -11    14    -2   164.81     0     0     0     0     0     0     0     0     1  
 824      -5   -19    35    42    -3    -2    -8    28    10   165.01     0     0     1     0     0     0     1     1     0  
 825     -16   -61    39   -53   -14   -50   -21    -3     2   165.21     1     0     1     1     1     0     0     1     0  
 826      36   -21   -28   -39    11   -25   -78   -39     4  165.409     0     0     0     0     0     1     0     1     1  
 827      33     6   -62    27   -22    -2   -23    11    -8  165.609     1     0     0     0     0     0     0     0     1  
 828     -30    -7   -71   -47     9    17   -12     2   -41  165.809     0     0     0     1     0     0     1     0     1  
 829     -41   -48   -11   -25   -21   -51     7    11   -36  166.009     1     0     0     1     1     0     1     0     1  
 830      13   -49   -27   -36   -16   -36     0    18   -11  166.209     0     0     0     0     0     0     1     1     1  
 831      -2   -12   -35   -10   -29   -20   -16   -36   -65  166.408     1     1     0     1     0     0     0     0     0  
 832     -11   -41   -25   -54     1   -22    -6   -18   -31  166.608     0     0     1     1     0     0     0     0     1  
 833     -46   -24   -19   -61   -27   -34     1    -4    -3  166.808     0     0     0     0     0     0     1     0     1  
 834     -24   -62     9   -24     2   -43    -4   -12    -2  167.008     1     0     0     0     0     1     0     0     1  
 835      -9   -13   -46   -17   -22    -1   -43   -34   -13  167.207     0     0     0     0     0     0     0     1     1  
 836     -18     5    -9   -29   -12     2    -8     2   -46  167.407     0     0     0     0     0     0     1     0     1  
 837      -3    -7   -59   -19   -43   -36   -18    -6   -49  167.606     0     0     0     0     0     1     0     1     1  
 838      30    38   -14   -33   -25    -2    11    -9   -20  167.806     1     0     1     0     0     1     0     1     1  
 839      12   -18   -15    -5   -11   -14     2    10    -4  168.005     1     0     0     0     0     1     0     0     1  
 840      -6   -39    -4    -7    23   -38   -46    -8   -23  168.205     0     0     0     1     0     0     1     1     1  
 841     -47   -34     5     8   -11    13   -20   -15   -20  168.404     0     0     0     1     0     1     0     0     1  
 842     -32   -43     9    -1   -20   -13   -12   -18   -10  168.604     0     0     0     1     0     0     0     1     1  
 843     -54   -19    -9    14    12   -11   -35     7   -38  168.803     0     1     0     1     0     1     0     1     1  
 844     -58     7    18    11   -37    15    21   -26   -66  169.002     0     0     0     0     0     1     0     1     1  
 845       1    -7   -27    -7     5     2    -2   -25   -27  169.202     1     1     1     0     1     1     0     1     1  
 846     -24   -50   -71   -18   -37   -31    21    -6   -36  169.401     0     0     0     1     1     0     0     0     1  
 847     -44    -6    27   -32    13   -12    -7   -45    13    169.6     0     1     0     0     0     1     1     0     0  
 848       0     4   -21   -14    -7   -35    -5   -14   -15  169.799     0     0     1     0     0     1     0     1     1  
 849     -32   -35   -17    15   -18    22   -31    30    13  169.998     1     0     0     0     1     1     1     1     1  
 850     -37    -9     0   -41    -6    29     1    -8   -32  170.197     1     1     1     1     0     0     0     1     1  
 851     -36   -46   -39   -18    -6   -13   -27   -45    45  170.396     0     0     0     0     0     0     0     1     1  
 852      -4   -11   -14   -25     2   -12   -24   -21   -24  170.595     1     1     1     1     1     1     1     1     1  
 853     -62   -17   -39    -3   -61   -41   -27   -15     8  170.793     1     1     1     1     1     1     1     1     1  
 854     -33   -18    19   -23   -45   -45    23    -9     1  170.992     1     0     1     0     1     0     0     1     0  
 855      16   -29    -8   -43     9   -27    23   -22     8  171.191     1     0     0     1     1     1     1     1     1  
 856     -29    30   -47   -22    -4    -7   -12   -50    13   171.39     0     0     1     0     1     0     1     1     1  
 857       4   -10   -41   -23   -26   -47    31   -43   -46  171.589     1     0     1     1     1     1     1     1     1  
 858     -51   -29   -35     5     0   -20   -23    31     8  171.789     1     0     1     1     1     1     1     1     1  
 859     -11   -36    -1   -39    38     0   -51   -12    20  171.988     1     0     1     1     1     1     1     1     1  
 860     -12    -6     2   -24    10   -26    -5    -5    15  172.187     1     0     1     1     1     1     1     1     1  
 861      47   -50    17   -26   -35    -4   -11   -19   -36  172.387     1     1     1     1     1     1     1     1     1  
 862     -11   -16   -19   -61   -84   -38     6    23   -24  172.586     1     0     1     1     1     1     0     0     1  
 863      14    -9     3   -39    37    -7   -14   -10   -10  172.786     1     0     0     1     1     1     0     1     1  
 864     -35    -6    22    16     9   -26   -45   -13   -32  172.985     1     1     1     1     1     1     0     1     1  
 865       6   -78   -13     3   -48   -56   -45   -57    -6  173.185     1     1     1     1     1     0     1     1     1  
 866     -24   -24    -4    -2   -11     0   -26     2   -17  173.384     1     0     1     1     1     1     1     1     1  
 867      14   -14    16     4     1   -22     4     8     1  173.584     0     0     1     1     1     0     1     1     1  
 868     -24   -16   -16    -6   -14   -16    17   -27   -32  173.783     1     1     1     1     1     1     1     0     1  
 869     -32   -15   -41   -82   -23    -5   -47    17   -25  173.982     1     1     1     1     1     1     1     1     1  
 870      -2    14   -27   -29   -43   -23    -8    13   -18  174.181     1     1     1     1     1     1     1     0     1  
 871     -11   -19   -25     8   -24   -21   -28   -31    -5   174.38     1     1     1     1     1     0     1     1     1  
 872      -9   -50    12    -5   -18    31   -68    36   -45  174.579     0     1     1     1     1     0     0     1     1  
 873     -33    -4   -19    -1   -15    16   -54   -57   -26  174.779     1     0     1     0     1     1     1     1     1  
 874     -50   -11   -31   -43   -40    -7   -24   -16   -12  174.978     1     1     1     1     0     1     0     1     1  
 875     -21   -12   -48    14    -4   -24    13   -26     5  175.176     0     1     1     1     1     1     1     0     1  
 876       0   -10   -41   -39    -6   -19   -14    20     0  175.375     1     1     1     0     1     1     1     0     1  
 877     -46    -4    30   -42    -4    -4   -29   -42   -32  175.574     1     1     1     1     1     1     1     1     1  
 878      35     0   -20     9    23   -55   -16   -29   -28  175.773     0     1     0     1     1     1     1     1     0  
 879      -4   -38   -16   -18     6   -10   -18     7   -18  175.971     1     0     1     0     1     1     0     0     1  
 880     -12   -23     3   -27    -8   -22   -21   -15    24   176.17     1     1     1     1     1     0     0     1     1  
 881     -43   -60    -9    18   -20   -19   -53   -22   -13  176.369     1     1     1     1     1     1     1     1     1  
 882      -8    -7     6    -7   -43    13   -35    -8   -13  176.567     1     0     1     1     0     1     1     1     1  
 883     -14   -16    -7    13     1    18    33    11   -20  176.766     1     0     0     1     1     1     0     1     1  
 884      10   -61    -8   -18   -10     6    -6     8   -10  176.965     1     1     1     0     0     0     0     1     1  
 885     -40     6    -9   -14    -7    -3     2    32   -44  177.163     1     0     1     1     1     0     1     1     1  
 886      -4     2   -34   -20   -52   -41    -5    -4   -22  177.362     0     0     1     1     1     0     0     1     1  
 887     -26   -29   -28    14     8   -39   -32   -29   -19   177.56     1     1     1     0     1     1     1     1     1  
 888     -28    -9    30    39    23   -42   -31   -38   -10  177.758     1     1     1     1     1     1     1     0     1  
 889      -5    10   -35   -41   -19   -21   -10     1   -45  177.957     1     1     1     1     0     1     0     1     1  
 890       4   -42   -17    -7   -16    27    19   -64   -15  178.155     0     0     0     1     1     1     1     1     1  
 891     -56   -17    25   -10   -16   -36   -26   -52   -48  178.353     1     0     0     0     0     1     1     1     1  
 892      -8   -44   -36     2   -46    26    -4   -21   -31  178.551     0     1     1     0     1     1     1     1     1  
 893      11   -29   -31   -35    -4   -49    -5   -51    -3  178.749     0     1     1     1     1     1     0     1     1  
 894      -3   -40   -21   -50   -30    -1   -20    -7   -48  178.947     1     1     1     1     1     1     1     0     1  
 895     -23     3   -25   -10   -27    27     0   -39   -12  179.146     1     0     0     1     1     1     1     1     1  
 896      32   -24    -6   -30   -12    -9    18    -2     3  179.344     1     0     1     1     1     1     0     0     1  
 897     -12    -6   -28   -35    -6   -25   -15   -55    23  179.542     1     0     1     1     1     0     1     1     1  
 898     -40    -6   -11   -74   -18   -21   -31    16    -9   179.74     1     1     1     1     1     0     1     1     1  
 899       2    -7   -41   -14   -34   -37   -12   -20   -16  179.939     0     1     0     1     1     1     1     1     1  
 900     -17   -44    24   -17    23     8   -30     7   -36  180.137     1     1     1     1     1     0     1     1     1  
 901     -46   -34   -30   -21   -45   -10     9     0   -43  180.335     1     0     0     1     1     1     0     1     1  
 902     -28    18   -56   -28   -26    27   -30   -18   -11  180.534     1     0     1     1     1     1     1     0     1  
 903     -63     8   -26   -36     0   -33   -50   -15     2  180.732     1     1     1     1     1     1     1     0     1  
 904      -8   -32    -3   -46     1   -48   -23   -54   -53  180.931     1     0     1     1     1     1     1     1     1  
 905     -44     6   -31     1   -27   -30   -31   -59     0  181.129     1     1     1     1     1     0     1     1     1  
 906      -9   -15   -31   -29   -19   -45     1   -18   -33  181.328     1     1     1     0     1     1     1     1     1  
 907     -27    -5   -71   -32   -20   -48   -31    -9   -21  181.526     1     0     0     1     0     1     1     1     1  
 908     -10   -40   -30     0   -35    11    -7     1    -6  181.725     0     0     0     1     1     1     1     1     1  
 909     -17   -24   -12   -18     9   -62     9   -10   -52  181.924     0     1     1     0     0     1     1     1     1  
 910       9   -19   -31   -66    -9    15     8    -8   -34  182.123     1     0     0     0     0     0     1     1     1  
 911     -36   -10   -21    27     7   -17   -15    -9     7  182.322     1     1     0     1     0     1     1     1     1  
 912      -6     2   -11   -59     2    -6   -12   -12   -35  182.521     1     1     1     1     0     1     0     1     1  
 913     -47   -11   -17     6   -12   -15    11     1    -9   182.72     1     1     1     0     1     1     0     0     1  
 914     -77   -33   -20     5   -45    -6   -18   -31   -31   182.92     1     1     1     1     0     1     1     1     1  
 915     -17   -21   -17   -33     6   -20   -43   -36   -25  183.119     1     0     0     1     1     1     1     1     1  
 916     -33     8    20   -44   -22   -30     1     1     0  183.319     1     0     0     1     1     1     1     1     1  
 917     -15     0   -28    -4   -41     0     5   -20   -10  183.518     1     1     1     0     0     1     0     0     1  
 918      16    14   -51   -39   -13   -19   -39   -22    20  183.718     1     0     0     1     1     1     1     1     1  
 919       0   -63   -25   -23   -65   -59   -17   -56   -24  183.918     0     1     0     0     1     0     1     0     1  
 920     -21   -38   -41     2   -22   -16    -6    -6    13  184.117     0     1     0     0     1     0     1     1     1  
 921     -21   -27     1   -53   -21   -31   -14   -13    -8  184.317     0     1     1     1     0     1     1     1     1  
 922     -22     5    27   -26    30     4    -1   -20    27  184.517     1     1     1     1     0     0     2     1     1  
 923     -21   -13     0   -15    23     6   -26     9   -50  184.717     1     1     1     1     0     1     1     1     1  
 924     -18   -41   -14   -27   -13   -47   -11    -8    -9  184.917     1     1     1     0     1     0     1     1     1  
 925     -19     5    -6   -26    -3   -29    16   -10   -28  185.117     1     1     1     0     0     1     1     1     1  
 926     -53   -39   -34     3   -37    34    -7   -42   -23  185.317     0     1     1     0     1     0     1     1     1  
 927      -2   -43   -34   -20     6     7   -29   -28   -49  185.517     1     1     0     1     1     1     1     1     1  
 928      18   -36    15   -43   -49   -46    -7   -30   -30  185.717     1     1     0     0     0     1     1     1     1  
 929      -7    -9   -18   -30   -20    27   -27     2    -5  185.917     0     0     1     1     0     1     1     1     1  
 930     -39   -46     1   -49   -53    -3     4    -3   -34  186.117     1     0     0     1     1     1     1     0     1  
 931     -41   -46     5   -32     3   -18   -21     2   -12  186.316     1     1     0     0     0     0     1     1     1  
 932     -33   -20   -12    14   -53   -25   -14   -71    -6  186.516     1     1     0     0     0     1     0     1     1  
 933     -45   -58   -53     8    -4   -37    19   -24   -37  186.716     1     1     0     1     1     1     1     1     1  
 934     -24   -40    -3   -36    11   -17   -62    14   -42  186.916     1     1     1     1     1     1     0     1     1  
 935      24   -73   -31     8     1   -12   -22    -4    -7  187.116     0     1     1     1     0     1     1     1     1  
 936      11   -34   -33    34   -69   -26   -51    10   -20  187.315     1     1     1     1     0     0     0     0     1  
 937      -7    -8    -8     2   -24    22   -52    -6    37  187.515     1     0     0     1     0     0     1     1     1  
 938     -17   -29   -23   -23   -51   -31   -20   -19    18  187.715     1     0     0     0     0     1     1     1     1  
 939     -14   -15     1    26   -19   -70    -1   -11   -14  187.914     1     0     1     1     1     0     1     0     1  
 940     -41   -40   -12   -23   -30     2   -25    -8   -12  188.113     1     0     1     0     1     1     0     1     1  
 941       0    -9   -25   -28    -3   -36   -11   -22   -21  188.313     0     1     1     1     1     1     1     1     1  
 942     -33   -32   -32   -73   -14   -15   -68   -42   -16  188.512     1     0     1     1     0     1     1     0     1  
 943      21   -15   -31   -28   -30   -30     0    14   -19  188.711     0     1     0     1     0     1     1     0     1  
 944     -27    -4   -10    -2   -45   -46   -34     1    15  188.909     0     1     0     1     1     1     1     1     1  
 945     -11   -11     5   -20   -49    -8    -2   -29     4  189.108     1     0     1     1     1     1     1     0     1  
 946      -6   -35   -20    -1   -50     2   -38    27   -24  189.307     1     1     1     0     0     1     1     0     1  
 947     -24     2    15    -3     8    17   -34   -40     9  189.506     0     0     0     1     1     1     0     0     1  
 948     -31   -39   -35     5   -25   -51    -3    17   -29  189.704     1     1     0     0     1     1     1     1     1  
 949     -39   -13    -5     4    -8   -47   -22   -48   -29  189.903     1     1     1     1     0     1     0     1     1  
 950      11    45   -15   -10   -27   -10   -35   -56   -45  190.102     1     1     1     0     1     1     0     1     1  
 951      -8   -37   -26   -49   -30    -7   -18     1   -25  190.301     1     0     0     0     1     0     1     0     1  
 952     -25     3   -10    27   -22   -10   -15   -16     2  190.499     1     0     0     1     0     1     1     0     1  
 953       6   -27    -4   -30     5    33    27     8   -13  190.698     1     0     1     0     1     1     0     1     1  
 954     -19    28   -53   -39   -30    17   -54   -15   -79  190.896     1     0     1     1     1     1     1     1     1  
 955     -12   -17   -65    -8     5    18     0   -48     6  191.095     0     1     0     1     0     1     1     1     1  
 956     -30   -33   -14   -12     4   -62   -27   -57   -30  191.293     1     1     0     0     1     0     1     1     1  
 957      -4     7    19    -1   -22   -21     4   -13   -26  191.492     1     1     0     0     1     1     1     1     1  
 958     -21   -21   -37   -37     5   -70    -9     9   -20   191.69     1     0     0     1     0     1     1     1     1  
 959     -15   -19   -19   -16    -5   -33    -9   -27    -3  191.888     1     0     0     1     1     1     1     1     1  
 960     -29   -19   -29     7   -79   -34   -17     1   -27  192.086     1     1     1     1     0     1     1     1     1  
 961     -71   -35     4   -50   -36    -8   -17   -40   -19  192.285     1     1     1     1     1     1     1     0     1  
 962     -22    19    -4    13   -18   -36   -13   -15   -30  192.483     1     0     1     1     1     0     0     1     1  
 963       6   -65    30   -52   -17   -22   -51     7    -5  192.681     1     0     0     0     0     1     0     1     1  
 964      15   -22    34    -6    16    -7   -22     6    17  192.879     0     1     0     0     1     1     1     1     1  
 965      -8   -14   -22   -13   -47     5   -55   -21    -7  193.077     1     1     0     1     1     0     1     1     1  
 966     -31   -64   -41    -1   -24   -11   -26   -41     2  193.276     1     1     1     1     1     0     0     0     1  
 967     -47   -37    13   -29   -29   -29   -68   -41   -22  193.474     1     1     1     1     1     1     1     1     1  
 968       0     0   -31    -3    21   -27     0   -29   -47  193.673     0     1     1     1     1     1     1     1     1  
 969     -17    11   -12   -22    11     1   -17   -36   -21  193.871     1     1     1     1     1     0     1     1     1  
 970      16   -77   -31   -25   -11   -35    -9   -21   -37   194.07     1     0     1     1     1     1     1     1     1  
 971       9   -59   -13   -26   -26   -33    -1   -20   -24  194.269     1     1     1     1     1     1     1     1     1  
 972      -6   -13    11   -16    21    -3   -13   -24    -9  194.468     0     1     1     1     1     1     1     1     1  
 973     -27     6   -20   -12   -32   -26   -46   -45   -29  194.667     1     1     1     1     1     1     1     1     1  
 974     -29   -17   -60    -7   -65    22   -13   -11   -50  194.866     1     1     1     0     1     1     1     0     1  
 975      13    -5   -32     3   -51   -34   -23   -16   -11  195.066     0     1     1     1     1     0     1     0     1  
 976     -17   -24   -24   -23   -33   -19    -6    11   -48  195.265     0     1     1     1     1     1     1     0     1  
 977      -3   -10   -36   -28   -34   -17   -26     4    -6  195.465     1     0     1     1     1     1     1     0     1  
 978     -33   -36    14     1   -25   -57    15   -15   -13  195.664     0     1     0     1     1     1     1     1     1  
 979     -21   -27   -37   -42   -42     0   -15   -13   -27  195.864     0     0     1     1     1     1     1     1     1  
 980     -27   -39    42   -11   -13    -9   -20   -25    -3  196.064     0     1     1     1     1     1     1     2     1  
 981      28    27     9   -37     0   -40   -17    10    15  196.263     0     1     1     1     1     1     1     1     2  
 982     -39   -38   -11   -34   -16    20   -46   -18    33  196.463     1     1     1     1     1     1     1     2     2  
 983      -2   -17   -45    16    -6    -6   -28   -37   -13  196.662     1     1     1     1     1     1     1     2     2  
 984      -9    43   -23    -6   -39   -34   -28     0   -18  196.862     1     1     1     1     1     1     1     1     2  
 985     -12   -21    34     0   -43   -25    -5     0   -54  197.061     1     1     1     1     1     1     1     1     2  
 986     -30   -11   -55   -81   -11   -24    17   -82   -41  197.261     1     1     1     1     1     1     1     2     2  
 987      -3    -4   -12    -4    -5    25    13     8   -29   197.46     1     2     2     1     1     1     1     1     2  
 988      17    -6   -25    10     2    15   -15   -27   -51  197.659     2     1     2     1     1     1     1     1     3  
 989     -63    -7   -35   -19   -28   -29    22   -35   -64  197.858     3     2     2     2     1     1     2     1     3  
 990     -10   -66   -15   -17    18   -21   -23   -27   -33  198.058     3     2     2     1     1     1     1     1     2  
 991      -8     9   -34   -34    -7   -22    -5   -57     8  198.257     3     2     2     2     1     1     2     0     2  
 992     -45   -53   -26   -44    17   -39   -19   -35   -28  198.456     3     2     2     1     1     1     1     0     2  
 993     -16     3    26   -19   -26     5   -30   -80    -3  198.656     3     2     2     1     1     1     1     0     2  
 994     -33    13   -31    16   -36   -19   -37   -10     9  198.855     2     2     1     0     0     0     1     0     1  
 995     -17   -27   -30    -2   -10   -77   -52    13   -40  199.054     1     0     0     0     0     0     0    -1     1  
 996     -13   -22     1   -29   -15   -14    -1     4    26  199.254    -1    -1    -1    -1    -1    -2    -2    -2     0  
 997     -34    28   -37   -23   -19   -23   -21   -30   -14  199.453    -3    -3    -2    -3    -3    -2    -2    -2     0  
 998     -52   -20   -70   -49   -73    -5   -15   -17    10  199.652    -3    -3    -3    -3    -3    -3    -3    -3     0  
 999      -8    10   -20   -10   -17    -2    -3   -10    -3  199.852    -4    -4    -4    -4    -4    -4    -3    -3    -2  
1000       4   -45     0   -23    20    -2    34    -7    -5  200.051    -5    -4    -4    -4    -4    -4    -4    -3    -3  
1001     -50   -53   -36   -24   -10   -21   -54   -77    13   200.25    -5    -5    -5    -4    -4    -4    -4    -3    -3  
1002     -40   -49   -39   -23   -55   -17   -31    -7   -29   200.45    -4    -5    -4    -4    -3    -3    -3    -3    -4  
1003     -52   -28    51    15    29    17    -6     2   -18  200.649    -4    -4    -4    -3    -3    -3    -3    -2    -4  
1004     -32     6   -20    -3    -7    -5   -46   -33    -7  200.848    -3    -3    -3    -2    -2    -2    -2    -1    -4  
1005     -19    -2   -34   -37   -43   -46   -13   -13   -61  201.047    -2    -2    -2    -2    -1    -1    -1     0    -4  
1006     -10   -41    -9   -35   -32   -36   -33    -6   -29  201.246    -2    -1     0     0     0     0     0     0    -4  
1007      -5   -17   -15   -18   -17   -13    32    33   -27  201.445     0     0     0     0     0     0     1     0    -3  
1008     -23   -23    10     1   -13   -16   -30   -35   -33  201.643     0     1     1     1     1     2     1     1    -3  
1009     -53   -10     8    13   -49   -39   -32   -35   -11  201.842     2     2     2     2     3     3     2     2     0  
1010     -28   -11   -63   -21    17     5   -50   -54   -17   202.04     2     3     3     3     3     4     3     3     0  
1011     -16   -39   -24   -13   -44   -30    -6   -34   -33  202.238     3     3     4     4     4     4     4     4     2  
1012      35   -32     3    18   -26    10     3   -19   -23  202.436     4     4     4     4     4     5     4     4     4  
1013     -27   -53     0   -32   -34   -51   -13   -27   -36  202.633     4     4     4     4     4     5     4     4     4  
1014     -31   -10   -52   -36   -61   -36   -30   -13   -31  202.831     3     3     3     3     3     3     3     3     4  
1015     -18   -41     9   -41   -46   -25    -5   -27   -26  203.029     1     1     1     1     1     1     1     2     4  
1016     -25    -3   -34    13   -32   -38   -37   -35   -13  203.226    -1     0     0    -1     0     0    -1     0     3  
1017       9   -12   -15    -3   -28   -15   -25   -37   -23  203.423    -3    -3    -2    -3    -2    -2    -3    -1     2  
1018      -4   -21   -28    -7   -43   -25   -20    14     0  203.621    -4    -3    -4    -4    -4    -3    -4    -2     2  
1019     -32   -39     1    15   -15   -23    10   -50    10  203.818    -4    -4    -4    -4    -4    -4    -5    -3     2  
1020     -16   -28   -19   -43   -93    -6     2     0   -28  204.015    -4    -3    -4    -4    -3    -3    -5    -3     1  
1021     -48   -11   -14   -67     6    10     6    -6   -47  204.211    -2    -2    -2    -3    -2    -2    -4    -2     2  
1022       1   -58   -38   -57     4   -19   -48   -39   -12  204.408     0     0     0    -1     0     0    -2     0     3  
1023       1   -29   -15    -9    -1    16    -7   -20   -20  204.604     3     1     0     0     1     0    -1     0     6  
   0      18    40    54    27    37    24    47    32    72        0     0     0     0     0     0     0     0     0     0  
   1     -11     3   -17   -58   -11   -12   -12     1    16  0.198642     0     1     0     1     0     1     0     0     0  
   2      64    35    41    60    64    79    65    21    49  0.397391     0     0     0     0     0     0     0     0     0  
   3     -18   -14    16    20   -27   -54   -18   -81   -49  0.596149     0     0     0     0     0     0     0     0     0  
   4      27    10    31    21    57    40    70    49     3  0.794961     0     0     0     0     0     0     0     0     0  
   5      12    -5   -22   -23   -26   -16   -21   -15     1  0.994026     0     0     0     0     0     0     0     0     0  
   6      36    40    25    20    16    35   -16    64    76  1.19337     0     0     0     0     0     0     0     0     0  
   7     -30   -14   -34   -42   -24   -29     6   -39   -29  1.39294     0     0     0     0     0     0     0     0     0  
   8      25    32    75    53    50    21    36    71    40  1.59269     0     0     0     0     0     0     0     0     0  
   9      20    29    -9   -29   -12     7     1   -17    31  1.79265     0     0     0     0     0     0     0     0     0  
  10      39    57    57    31    61     3     5    78    37  1.99282     0     0     0     0     0     0     0     0     0  
  11     -28   -52   -46    14   -38   -23   -15     1   -16  2.19287     0     0     0     0     0     0     0     0     0  
  12      21   101    50    27    52    58    37   -15    39   2.3929     0     0     0     0     0     0     0     0     0  
  13       4     2   -48   -25   -43   -19   -23   -45    -5  2.59305     0     0     0     0     0     0     0     0     0  
  14      45     1    33    23    33    59    45    47    52  2.79332     0     0     0     0     0     0     0     0     0  
  15      -4     2    10     0   -40   -41     5   -16   -18  2.99365     0     0     0     0     0     0     0     0     0  
  16       8    34    49    51    25    48    55    72    63  3.19412     0     0     0     0     0     0     0     0     0  
  17     -40    14   -10    -7     0    10    40     5     1  3.39474     0     0     0     0     0     0     0     0     0  
  18      73     2    38    26    75    69    26    28    36  3.59547     0     0     0     0     0     0     0     0    -1  
  19     -53   -23   -33    13   -47     3    12    -2    -3  3.79608     0     0     0     0     0     0     0     0     0  
  20      14    34    64    36    28    13    28     3    30  3.99673     0     0     0     0     0     0     0     0     0  
  21     -21   -26    -3    -3    -9   -13   -23   -42    23  4.19754     0     0     0     0     0     0     0     0    -1  
  22      42    47    53    14    56    48     5    68    52  4.39851     0     0     0     0     0     0     0     0     0  
  23     -10     8    -5   -20   -16   -30    25    -9   -31  4.59952     0     0     0     0     0     0     0     0    -1  
  24     -14    74     8    50    61    19    33    18    28  4.80054     0     0     0     0     0     0     0     0     0  
  25       8    -2    24    -9    -1   -26   -17     7   -41  5.00152     0     0     0     0     0     0     0     0     0  
  26      37    46    44    39    36    32    25    -7    94  5.20262     0     0     0     0     0     0     0     0     0  
  27      25     2   -34   -46   -29    -3   -31    26   -28   5.4038     0     0     0     0     0     0     0     0     0  
  28      17    74    53    48    73    45   103    43    20  5.60513     0     0     0     0     0     0     0     0     0  
  29     -10    25   -11     4   -10   -13   -22   -36    34  5.80665     0     0     0     0     0     0     0     0    -1  
  30      49    20    43    72    31    12    27    59    45  6.00843     0     0     0     0     0     0     0     0     0  
  31     -25   -14   -17    -3   -14   -46   -20   -34    -6  6.21027     0     0     0     0     0     0     0     0     0  
  32      18    59    18    30    -5    16    36    72    19  6.41216     0     0     0     0     0     0     0     0     0  
  33      -1    -4    -7    -5   -55     2    13     6   -12  6.61404     0     0     0     0     0     0     0     0     0  
  34      53    12    70    42    79    50    40    52    82  6.81586     0     0     0     0     0     0     0     0     0  
  35     -54   -21   -19    21   -11    15   -14     6    -5  7.01753     0     0     0     0     0     0     0     0     0  
  36      44     6    45    42    49    19    22    43    44  7.21918     0     0     0     0     0     0     0     0     0  
  37     -53   -25    37     8     1   -55    19     2    26  7.42085     0     0     0     0     0     0     0     0     0  
  38      44    24    38    91     0    19    50    80    46  7.62254     0     0     0     0     0     0     0     0     0  
  39     -24    22    -6   -28    22   -34   -18     7     3  7.82421     0     0     0     0     0     0     0     0    -1  
  40      52    17    13    31    12     6     5    60    38  8.02599     0     0     0     0     0     0     0     0     0  
  41     -28     7    47    23    45    51   -31    -3     7  8.22779     0     0     0     0     0     0     0     0    -1  
  42      29    44    69    29    73    76    65    54    31   8.4294     0     0     0     0     0     0     0     0     0  
  43     -13   -19   -16    33   -23     5    33   -22    -8  8.63074     0     0     0     0     0     0     0     0     0  
  44      18    39    55    15    45    56    37    66    45  8.83191     0     0     0     0     0     0     0     0     0  
  45     -33   -28   -17    25     5   -41    18    34     5  9.03301     0     0     0     0     0     0     0     0     0  
  46      18    76    79    53    31    72    80    30    29  9.23403     0     0     0     0     0     0     0     0    -1  
  47      26    -5   -18   -25    27    10    -9   -41   -23  9.43486     0     0     0     0     0     0     0     0    -1  
  48      81     3    17    46    50    32    47    51    17  9.63554     0     0     0     0     0     0     0     0    -1  
  49       7   -23    -4   -23   -42   -27     8    -1    19  9.83619     0     0     0     0     0     0     0     0    -1  
  50      17    51    41    48    51    22    74    51    37  10.0368     0     0     0     0     0     0     0     0    -1  
  51     -21    19    -2    10   -20   -12   -10   -12    -2  10.2372     0     0     0     0     0     0     0     0    -1  
  52      46    16    71    32    59    24    45    43     9  10.4376     0     0     0     0     0     0     0     0    -1  
  53     -32     0    28    -8     3   -18   -24   -19    20   10.638     0     0     0     0     0     0     0     0    -1  
  54      41   -16    32    79    30    12    45    35    27  10.8385     0     0     0     0     0     0     0     0    -1  
  55       8    -9   -29     8   -24   -27   -56    11   -25   11.039     0     0     0     0     0     0     0     0     0  
  56      78    -8    77    41    40    37    21    50    76  11.2396     0     0     0     0     0     0     0     0    -1  
  57     -55    -2   -49    -9    15   -64     6    22   -23  11.4402     0     0     0     0     0     0     0     0    -1  
  58      -1    64    43    32    32    45    41    33    44  11.6407     0     0     0     0     0     0     0     0    -1  
  59      -1   -13   -20    -1   -24    -9   -34   -19   -26  11.8412     0     0     0     0     0     0     0     0    -1  
  60      27    36    64    32    30    40    77    48    13  12.0416     0     0     0     0     0     0     0     0    -1  
  61     -35   -10   -22     5    -8    23   -30    14    -8   12.242     0     0     0     0     0     0     0     0    -1  
  62      11    50    72    23    -2    80    56    99    37  12.4422     0     0     0     0     0     0     0     0    -1  
  63     -30   -36     0     8   -20     7   -27    -4    18  12.6424     0     0     0     0     0     0     0     0    -1  
  64      35    14    39    45    16    58    40     2    57  12.8426     0     0     0     0     0     0     0     0    -1  
  65      41    14    -6    10   -39    10    -5    11    10  13.0427     0     0     0     0     0     0     0     0    -1  
  66      45    70    58    42    52    55    26    31    31  13.2427     0     0     0     0     0     0     0     0    -1  
  67     -12    20     0     8    21    -8   -17   -18   -12  13.4426     0     0     0     0     0     0     0     0    -1  
  68      46    -1    32    36    30    14     4    26    80  13.6425     0     0     0     0     0     0     0     0    -1  
  69      -4   -12   -17   -14   -10   -63    -4   -11   -22  13.8423     0     0     0     0     0     0     0     0    -1  
  70       1    75    42    22    54    62    27    26    39  14.0421     0     0     0     0     0     0     0     0    -1  
  71     -27    18   -11     2   -18   -34    23    15   -22  14.2419     0     0     0     0     0     0     0     0    -1  
  72      12    26    54    66    45    40    35    47    21  14.4414     0     0     0     0     0     0     0     0    -1  
  73       8   -23   -21     1     4     1   -13   -54     9  14.6408     0     0     0     0     0     0     0     0    -1  
  74      29    48    76    25    52    56    50    68    59  14.8402     0     0     0     0     0     0     0     0    -1  
  75     -11    33   -29   -34    20    14   -20    -5   -22  15.0396     0     0     0     0     0     0     0     0    -1  
  76      34    69    56    37    33    76    32    24    14  15.2389     0     0     0     0     0     0     0     0    -1  
  77      -3    38    31   -17   -30     3   -14   -17   -15  15.4382     0     0     0     0     0     0     0     0    -1  
  78      41    33    38    40    34    37    66    25    10  15.6374     0     0     0     0     0     0     0     0    -1  
  79     -16     8   -16    -1     0   -20    16    -1   -20  15.8364     0     0     0     0     0     0     0     0    -1  
  80      48    45     9    49    57    41    21    75    50  16.0354     0     0     0     0     0     0     0     0    -1  
  81      -5    -8   -23   -39    -3    -7    -8   -15   -10  16.2344     0     0     0     0     0     0     0     0    -1  
  82      31    54    38    64    21    69    74    31     6  16.4333     0     0     0     0     0     0     0     0    -2  
  83       6   -10   -13     2    37    35   -35     1    -6  16.6322     0     0     0     0     0     0     0     0    -1  
  84      58    17    24    10    69    35     0    37    18  16.8309     0     0     0     0     0     0     0     0    -1  
  85      -5    -6   -15    26    -2   -22    21     0    -5  17.0297     0     0     0     0     0     0     0     0    -1  
  86      79    68    25    11    43    76    31    58    62  17.2284     0     0     0     0     0     0     0     0    -1  
  87      -5   -26   -16     3    -5   -11     2   -44     0  17.4273     0     0     0     0     0     0     0     0    -1  
  88      40    45    61    56    17    33    35    52    32  17.6262     0     0     0     0     0     0     0     0    -1  
  89       8    -3    -8    13   -32   -20     6    29    -3  17.8251     0     0     0     0     0     0     0     0    -1  
  90      27    38    56    62    48    67    21    92    24  18.0239     0     0     0     0     0     0     0     0    -1  
  91      13    27     8     0   -11   -22   -17   -22    19  18.2229     0     0     0     0     0     0     0     0    -1  
  92      68    50    17    35     8    39    89     8    37  18.4222     0     0     0     0     0     0     0     0    -1  
  93       7   -19   -34   -10     5     4   -14   -41    -1  18.6217     0     0     0     0     0     0     0     0    -1  
  94      25    69    21    14    61    33    51    45    49  18.8214     0     0     0     0     0     0     0     0    -2  
  95      -4    -6     0     9   -17     7   -16    -3    22  19.0214     0     0     0     0     0     0     0     0    -1  
  96      30    43    33    65     2    31    25    36     6  19.2219     0     0     0     0     0     0     0     0    -1  
  97      -3     5     2    -1   -35    -6   -39   -16    11  19.4224     0     0     0     0     0     0     0     0    -1  
  98      49    59    61    20    52    43    68    49    62  19.6229     0     0     0     0     0     0     0     0    -1  
  99      -5   -27    24    14   -48    22   -16     2   -25  19.8233     0     0     0     0     0     0     0     0    -1  
 100      29    16    47    31    41    45    43    49    18  20.0236     0     0     0     0     0     0     0     0    -1  
 101       3   -26   -23    22   -23    -7   -25   -31    39   20.224     0     0     0     0     0     0     0     0    -2  
 102      48    61    46    14     9    61    11    39     4  20.4245     0     0     0     0     0     0     0     0    -1  
 103     -20     6    -2   -12    31   -45    -1    43   -28   20.625     0     0     0     0     0     0     0     0    -1  
 104      25    10    25    51    33     4    50    47    21  20.8256     0     0     0     0     0     0     0     0    -1  
 105     -10    -8    -3    15   -22    -4     0   -23    -1  21.0262     0     0     0     0     0     0     0     0    -1  
 106      21    40    39    51    43    -2    54    46    58  21.2267     0     0     0     0     0     0     0     0    -1  
 107       6   -14    -8    -4   -31    39    -2   -16    13   21.427     0     0     0     0     0     0     0     0    -1  
 108      -1    23    21    24    50    40    78    34    38  21.6273     0     0     0     0     0     0     0     0    -1  
 109     -22    13    15    16     7    27     8   -65   -13  21.8274     0     0     0     0     0     0     0     0    -1  
 110      49    52    18    63    28    11    48    60     7  22.0276     0     0     0     0     0     0     0     0    -1  
 111      26    -9    14    -7    -4   -13     0     4     4  22.2279     0     0     0     0     0     0     0     0    -1  
 112       8    71    64    30    70    29    71    37    22  22.4282     0     0     0     0     0     0     0     0    -2  
 113       6    -8   -45   -16   -10   -22    -4    -8   -35  22.6286     0     0     0     0     0     0     0     0    -2  
 114      24    51    24    75    24    71    14    34    56   22.829     0     0     0     0     0     0     0     0    -1  
 115      18   -27     8    -3   -56    -9   -29    -4     6  23.0294     0     0     0     0     0     0     0     0    -1  
 116      -2    75    18    49    41    45    64    36     2  23.2296     0     0     0     0     0     0     0     0    -1  
 117      11     1    -8   -32    12    -2     3     1    27  23.4299     0     0     0     0     0     0     0     0    -1  
 118      54    27    27    76    56    51    42    37    76  23.6302     0     0     0     0     0     0     0     0    -1  
 119     -39    19    46   -31     7    22     5   -19    -8  23.8306     0     0     0     0     0     0     0     0    -1  
 120      47    73    30    28    23    38    73    41    37  24.0308     0     0     0     0     0     0     0     0    -1  
 121      -5     9     8     0    20    -3   -12    -8    37  24.2311     0     0     0     0     0     0     0     0    -1  
 122      65    68    63    20    55    34    41    17    19  24.4314     0     0     0     0     0     0     0     0    -1  
 123     -19   -10   -13   -12   -26   -18    27   -32   -19  24.6319     0     0     0     0     0     0     0     0    -1  
 124      35    13    35    54    21    63    30    45    44  24.8323     0     0     0     0     0     0     0     0    -1  
 125     -19    10    17   -46    11    12   -64    54    16  25.0328     0     0     0     0     0     0     0     0    -1  
 126      60    67    20    26    10    53    65    41    38  25.2332     0     0     0     0     0     0     0     0    -1  
 127     -23   -28     3   -54   -29   -46   -32   -28   -16  25.4335     0     0     0     0     0     0     0     0    -1  
 128      64    43    30    36    24    73    60    26    50  25.6336     0     0     0     0     0     0     0     0    -1  
 129      -9     5   -61   -12     5    -3    -4    13    54  25.8336     0     0     0     0     0     0     0     0    -1  
 130      37    72    42    53    82    42    26    44    36  26.0336     0     0     0     0     0     0     0     0    -1  
 131      -3   -59    19    -7   -14   -11   -29   -27   -48  26.2336     0     0     0     0     0     0     0     0    -1  
 132      84    52    37    40    44    26    44    75    59  26.4337     0     0     0     0     0     0     0     0    -2  
 133     -16    -2   -15    -8    -6     9   -21    -8    18  26.6339     0     0     0     0     0     0     0     0    -2  
 134      57     3    61    42    49    55    58    38    50  26.8341     0     0     0     0     0     0     0     0    -2  
 135      -4    19   -22   -28   -24    11     5   -62    12  27.0344     0     0     0     0     0     0     0     0    -2  
 136      45    17    49    61    29    39    62    73    11  27.2349     0     0     0     0     0     0     0     0    -2  
 137      23     3    -9   -17   -29    -3    -9    -7   -19  27.4354     0     0     0     0     0     0     0     0    -2  
 138      65    29    62    54    69    37    57    82    50   27.636     0     0     0     0     0     0     0     0    -2  
 139      -9   -11   -47   -49   -14    -3   -20     1   -13  27.8366     0     0     0     0     0     0     0     0    -2  
 140      36    32    38     8    57    22    13    53    40  28.0373     0     0     0     0     0     0     0     0    -2  
 141      -5   -12     8   -52    20   -52    32   -33     4   28.238     0     0     0     0     0     0     0     0    -1  
 142      41    62    29     5    39    37    69    72    47  28.4389     0     0     0     0     0     0     0     0    -1  
 143      -4   -12     8     3   -41   -43   -30    -7    19  28.6399     0     0     0     0     0     0     0     0    -1  
 144      78    13    52    23    49    66    33    77    55   28.841     0     0     0     0     0     0     0     0    -1  
 145     -16    26   -10    -9    15    -4   -18   -19   -23  29.0421     0     0     0     0     0     0     0     0    -1  
 146      26    71    28    28    51    41    11    41    53  29.2433     0     0     0     0     0     0     0     0    -1  
 147     -27    -8    21    11   -17   -44     6   -56   -19  29.4447     0     0     0     0     0     0     0     0    -1  
 148      26    64    50    39    56    68    40    78    67  29.6462     0     0     0     0     0     0     0     0    -1  
 149     -18   -32   -17    14    34     4   -32   -20   -10  29.8479     0     0     0     0     0     0     0     0    -1  
 150      68    56    53    31    49    45    60    43    41  30.0497     0     0     0     0     0     0     0     0    -1  
 151     -30    11   -10    -8   -15     1     3     6     0  30.2515     0     0     0     0     0     0     0     0    -1  
 152      46    43    59    27    63    50    74    37    39  30.4533     0     0     0     0     0     0     0     0    -1  
 153      18    -4   -13   -33     4   -19    -2   -46   -33   30.655     0     0     0     0     0     0     0     0    -1  
 154      59    75    76    45    40    49    -5    46    34  30.8565     0     0     0     0     0     0     0     0    -1  
 155     -23   -11   -24    13    -5   -24   -11    -8    19   31.058     0     0     0     0     0     0     0     0    -1  
 156      39    66    32    59    44    11    34    50    49  31.2593     0     0     0     0     0     0     0     0    -1  
 157     -16   -16     0     4    -2    12   -23   -12    -4  31.4608     0     0     0     0     0     0     0     0    -1  
 158      34    55    91    56    51    39    41    26    34  31.6621     0     0     0     0     0     0     0     0    -1  
 159      -9    -8    -7     6    -4   -21   -17   -48   -11  31.8634     0     0     0     0     0     0     0     0     0  
 160      35    71    36    50     8    44    32    10    38  32.0648     0     0     0     0     0     0     0     0    -1  
 161      -5    -1   -36    -2    25   -25     3   -16   -29  32.2664     0     0     0     0     0     0     0     0    -1  
 162      69    52    39    37    30    41    74    68    41   32.468     0     0     0     0     0     0     0     0    -1  
 163     -13   -31    36    36   -24   -23   -21   -23     3  32.6696     0     0     0     0     0     0     0     0    -1  
 164      68     4    77    60    45    48    16    20    46  32.8711     0     0     0     0     0     0     0     0    -1  
 165      -6    39   -44    17   -21    -2     0    48    23  33.0726     0     0     0     0     0     0     0     0    -1  
 166      92    27    66    56    65    37    68    22    13  33.2741     0     0     0     0     0     0     0     0    -1  
 167       9    20   -35    31   -55   -41   -29     1   -14  33.4756     0     0     0     0     0     0     0     0    -1  
 168      50    20   -26    51    19    62    62    18    25  33.6772     0     0     0     0     0     0     0     0    -1  
 169      -7    23     7    -2    -2    19    -7     7   -32  33.8788     0     0     0     0     0     0     0     0    -1  
 170      28     6    65    39    20    56    43    35    20  34.0803     1     0     0     0     0     0     0     0    -1  
 171      14   -34    28   -23   -17    12    -8   -27   -22  34.2819     0     0     0     0     0     0     0     0    -1  
 172      69    43    27    30    10    46    40    41    27  34.4834     0     0     0     0     0     0     0     0    -1  
 173       5   -14   -12   -12    20    14    13   -24    39   34.685     0     0     0     0     0     0     0     0    -1  
 174      85    37    60    25    37    51    14    58    51  34.8865     0     0     0     0     0     0     0     0    -1  
 175     -11     6     1    23     8   -18     7   -31   -22  35.0881     0     0     0     0     0     0     0     0    -1  
 176      41    49    38    41    44    77    12    62    32  35.2896     0     0     0     0     0     0     0     0     0  
 177     -33     4    -2    17     3    41   -32    18   -29  35.4912     0     0     0     0     1     0     0     0     0  
 178      76    75    61    55    45    20    56    52    47   35.693     0     0     0     0     0     0     0     0    -1  
 179      -7   -18    -1   -11   -39   -11    14   -18    29   35.895     0     0     0     0     0     0     0     0     0  
 180       9    35    67    34    45    46    81    65    22   36.097     0     0     0     0     0     0     0     0    -1  
 181       0    -2     4   -24   -31    12    36    17    33  36.2991     0     0     0     0     0     0     0     0     0  
 182      49    68    40    29    46    61    55    58    74  36.5012     0     0     0     0     0     0     0     0    -1  
 183       4   -30   -13     9   -33   -23   -24     6    -2  36.7034     0     0     0     0     0     0     0     0     0  
 184      49    20    64     5    26    31    63    34    43  36.9056     0     0     0     0     0     0     0     0    -1  
 185     -24     3   -20   -26    -5   -28    -7    13    -2  37.1079     0     0     0     0     0     0     0     0    -1  
 186      25    51    24    38    62    58    60    68    85  37.3102     0     0     0     0     0     0     0     0    -1  
 187      -9     7     3   -36    -3   -22     0     7   -20  37.5126     0     0     0     0     0     0     0     0    -1  
 188       8     8    17    54    19    31    58    47    30  37.7151     0     0     0     0     0     0     0     0    -1  
 189      17   -11   -25    15     0   -10     1   -73     6  37.9176     0     0     0     0     0     0     0     0    -1  
 190      50    48    19    61    57    36    61    45    52  38.1201     0     0     0     0     0     0     0     0    -1  
 191      19   -26    -2    17   -45    -6   -35   -21   -16  38.3224     0     0     0     0     0     0     0     0     0  
 192      33    58    79    20    37     3    18    37    28  38.5246     0     0     0     0     0     0     0     0    -1  
 193       9   -33     2    -8    24   -19    11   -53    44  38.7267     0     0     0     0     0     0     0     0     0  
 194      29    47    67    59    70    36    61    41    36  38.9286     0     0     0     0     0     0     0     0    -1  
 195     -10   -20   -15    -1     1    15    -7   -15    18  39.1303     0     0     0     0     0     0     0     0     0  
 196      47    41    39    60    55    24    24    29    23  39.3319     0     0     0     0     0     0     0     0     0  
 197     -29     3   -17   -45     1   -29     4    -3     1  39.5335     0     0     0     0     0     0     0     0     0  
 198      75    66    39     5     7    45    42    39    46  39.7352     0     0     0     0     0     0     0     0     0  
 199     -15    28    14     1   -37    -6    -7   -57    -9  39.9369     0     0     0     0     0     0     0     0     0  
 200      74    15    58     2    56    44    39    38    40  40.1385     0     0     0     0     0     0     0     0     0  
 201       6    -4     0   -35     9    23   -22     6   -34  40.3401     0     0     0     0     0     0     0     0     0  
 202      27    28    36    49    17    54    30    63    38  40.5415     0     0     0     0     0     0     0     0     0  
 203      -9     9    19     8    12   -44    21   -41     6  40.7427     0     0     0     0     0     0     0     0     0  
 204      34    34    33    60    40    48    11     5    30  40.9439     0     0     0     0     0     0     0     0     0  
 205      14     1    20    38   -15    18    -6     2   -19  41.1451     0     0     0     0     0     0     0     0     0  
 206      50    36    24    38    13    74    44    39    34  41.3464     0     0     0     0     0     0     0     0     0  
 207       5   -12    10   -10    -8    -8   -42    14     6  41.5478     0     0     0     0     0     0     0     0     0  
 208      40    16    58    31    11    51    28    11    52  41.7493     0     0     0     0     0     0     0     0     0  
 209      37   -40   -21   -18   -36   -53    25   -35    14  41.9508     0     0     0     0     0     0     0     0     0  
 210      38    19    51    49    26    23    51    36    34  42.1522     0     0     0     0     0     0     0     0     0  
 211     -14     4   -11    15   -28   -17    14    12   -15  42.3537     0     0     0     0     0     0     0     0     0  
 212      40    45    57    74    63    52     5    34     3  42.5551     0     0     0     0     0     0     0     0     0  
 213       2   -40    11    22   -17     0    -9    14   -35  42.7567     0     0     0     0     0     0     0     0     0  
 214      65    46     7    52    69    37    41    32    37  42.9582     0     0     0     0     0     0     0     0     0  
 215      -2   -34    -3     5   -26    14   -31    -7    -8  43.1598     0     0     0     0     0     0     0     0     0  
 216      18    92    22    33    25    62    65     5    86  43.3613     0     0     0     0     0     0     0     0     0  
 217     -15     9    -9    -6   -16     4    13     0     6  43.5627     0     0     0     0     0     0     0     0     0  
 218      65    61    69    44    11    60    36    57    28  43.7639     0     0     0     0     0     0     0     0     0  
 219      19   -29    25   -47    -2   -32    -4     8    -6  43.9652     0     0     0     0     0     0     0     0     0  
 220      44    47    80    99    76    49    40    10    15  44.1664     0     0     0     0     0     0     0     0     0  
 221      19    23   -17   -23   -35    37    -9    10    37  44.3676     0     0     0     0     0     0     0     0     0  
 222      55    55    51    45    60     8    17    11    43  44.5686     0     0     0     0     0     0     0     0    -1  
 223      16   -20    10   -26    14     2    -1    -7     1  44.7698     0     0     0     0     0     0     0     0     0  
 224      60    17    38    54    72    57    38    -3    40  44.9708     0     0     0     0     0     0     0     0     0  
 225       3   -10     0    24     0   -25    -3   -48   -19   45.172     0     0     0     0     0     0     0     0     0  
 226      47    75    20    38    29    54    84    33    33  45.3732     0     0     0     0     0     0     0     0     0  
 227      18    -8   -12   -69    14   -20    -3    20   -19  45.5745     0     0     0     0     0     0     0     0     0  
 228      22    -8    48    22    32    54    31    66    15  45.7756     0     0     0     0     0     0     0     0     0  
 229     -16    17   -10     8    26    12   -14     4    -5  45.9767     0     0     0     0     0     0     0     0     0  
 230      18    31    38    49    46    41    82    54    72  46.1775     0     0     0     0     0     0     0     0     0  
 231      29    -7     7   -16   -20   -31    19    -8    -8  46.3784     0     0     0     0     0     0     0     0     0  
 232      95    49    51    34    34    28    63    37    99  46.5791     0     0     0     0     0     0     0     0     0  
 233       3    37   -41   -35   -52    20    11    47    37  46.7799     0     0     0     0     0     0     0     0     0  
 234      47    72    37    61    70    13    75    50    37  46.9804     0     0     0     0     0     0     0     0     0  
 235      27     8     9   -14   -38    12    20   -24     3  47.1808     0     0     0     0     0     0     0     0     0  
 236      62    27    69    35    63    27    52    33    39  47.3811     0     0     0     0     0     0     0     0     0  
 237     -26   -13   -22     0    -1    26   -20    -8   -20  47.5812     0     0     0     0     0     0     0     0     0  
 238      36     5    54    61    69    21    61    23    50   47.781     0     0     0     0     0     0     0     0     0  
 239       9   -30    -7   -32   -21   -16    29    11    -7  47.9807     0     0     0     0     0     0     0     0     0  
 240      68    37    50    37    41    90    24    41    14  48.1803     0     0     0     0     0     0     0     0     0  
 241      -2    12   -13     8    12    -7    -7    -8    27  48.3798     0     0     0     0     0     0     0     0     0  
 242      42    27    32    39    16    36    33    49    53  48.5793     0     0     0     0     0     0     0     0     0  
 243     -12     5   -28    -1   -11    22   -19   -25   -17  48.7787     0     0     0     0     0     0     0     0     0  
 244      47    21    12    69    93    30    20    40    33  48.9781     0     0     0     0     0     0     0     0     0  
 245      37    28    -2   -16   -10   -20   -35    -7    -6  49.1774     0     0     0     0     0     0     0     0     0  
 246      19    60    99    55    56    20    63    44    57  49.3766     0     0     0     0     0     0     0     0     0  
 247      11   -26    29   -31   -30   -21     5     5    -7  49.5757     0     0     0     0     0     0     0     0     0  
 248      17    31    51    43    46    79    89    53    68  49.7746     0     0     0     0     0     0     0     0     0  
 249     -23     7     4    14    23    11    24    -9   -16  49.9737     0     0     0     0     0     0     0     0     0  
 250      21    90    22    29    17    41    55    36    15  50.1729     0     0     0     0     0     0     0     0     0  
 251      -2    16   -19   -14    -6   -19   -18   -14   -18  50.3721     0     0     0     0     0     0     0     0     0  
 252      26     1    14    49    33    36    28    -6    21  50.5715     0     0     0     0     0     0     0     0     0  
 253     -31   -33   -24    37     2    32   -35    -3   -30  50.7712     0     0     0     0     0     0     0     0     0  
 254      48    79    49    94    98    54    54    21    31   50.971     0     0     0     0     0     0     0     0     0  
 255     -51   -39     5   -55    27    -3   -36    18   -28   51.171     0     0     0     0     0     0     0     0     0  
 256      60    32    16    -6    85    40    31     0    56   51.371     0     0     0     0     0     0     0     0     0  
 257     -21   -18   -17   -15    15    14    -3    13    23  51.5711     0     0     0     0     0     0     0     0     0  
 258      19    54    23    45    68    34    71    45    19  51.7713     0     0     0     0     0     0     0     0     0  
 259       5     0   -32   -16   -11   -53   -29   -26     2  51.9715     0     0     0     0     0     0     0     0     0  
 260      59    16    32     2    33    57    41    59    52  52.1716     0     0     0     0     0     0     0     0     0  
 261      22   -22    -4    21    -2   -21     5    -2   -33  52.3719     0     0     0     0     0     0     0     0     0  
 262      36     2    24    32    52    48    19    54    44  52.5722     0     0     0     0     0     0     0     0     0  
 263      12   -18   -11     7   -47   -12   -11     3    -9  52.7726     0     0     0     0     0     0     0     0     0  
 264      20    53    34    48     5    21    42    20    38   52.973     0     0     0     0     0     0     0     0     0  
 265      -7    -3    12   -21    13     7   -12   -32   -25  53.1736     0     0     0     0     0     0     0     0     0  
 266      22    54    50    51    14    58    27    36     3  53.3741     0     0     0     0     0     0     0     0     0  
 267       6   -30   -21   -37     6     8   -13    26     9  53.5745     0     0     0     0     0     0     0     0     0  
 268      49     0    25    78    53    22    25    64    49  53.7748     0     0     0     0     0     0     0     0     0  
 269      37    -5   -15    10   -21   -19   -11    20    -9  53.9752     0     0     0     0     0     0     0     0     0  
 270      29    30    55    33    37    78    54    44    51  54.1756     0     0     0     0     0     0     0     0     0  
 271      16    -6    -6   -28   -34   -33   -31    31    10  54.3761     0     0     0     0     0     0     0     0     0  
 272      37    34    13    65    82    39    72    28    44  54.5767     0     0     0     0     0     0     0     0     0  
 273       8    22    17   -42   -31    33    10     8   -17  54.7774     0     0     0     0     0     0     0     0     0  
 274      47    49    58    68     2    36    54    35    25   54.978     0     0     0     0     0     0     0     0     0  
 275       6   -17    13    52    -2    13   -19   -16   -10  55.1787     0     0     0     0     0     0     0     0     0  
 276      -6    35    67    29    59    53    72    10    24  55.3793     0     0     0     0     0     0     0     0     0  
 277       9    11    26     7   -26    16   -43     3     6  55.5798     0     0     0     0     0     0     0     0     0  
 278      17    60    47    79    48    47    32    26    33  55.7802     0     0     0     0     0     0     0     0     0  
 279       1     4    19   -53    21    28     0    -4     5  55.9806     0     0     0     0     0     0     0     0     0  
 280      14    37     4    20    74    47    46    67     0  56.1809     0     0     0     0     0     0     0     0     0  
 281       9    28   -32    11    32    -8    -3    19     9  56.3813     0     0     0     0     0     0     0     0     0  
 282      65    38    49    54    47    45    44    33    46  56.5818     0     0     0     0     0     0     0     0     0  
 283       2     2   -29     9   -12   -14   -21     5   -41  56.7822     0     0     0     0     0     0     0     0     0  
 284      81     9    22    35    40    33    53    33    45  56.9825     0     0     0     0     0     0     0     0     0  
 285     -47   -35   -21   -13     0     5   -34    -5    19   57.183     0     0     0     0     0     0     0     0     0  
 286      39    47    35    51    45    33    61    35    30  57.3835     0     0     0     0     0     0     0     0     0  
 287     -27     3   -48   -27    18   -42     8   -25    -2   57.584     0     0     0     0     0     0     0     0     0  
 288      15    -4    38    53    27    58    47    39    31  57.7845     0     0     0     0     0     0     0     0     0  
 289     -29    12    -4    -1    14    24   -28    -4    48   57.985     0     0     0     0     0     0     0     0     0  
 290      48    69    27    84    56    67    14    61    57  58.1858     0     0     0     0     0     0     0     0     0  
 291      -6   -21    -6    -9     4   -21   -17   -23    21  58.3866     0     0     0     0     0     0     0     0     0  
 292      17     5    58    71    16    61    53    21    46  58.5875     0     0     0     0     0     0     0     0     0  
 293     -36   -15    13   -20    18    12    -8    -3   -28  58.7884     0     0     0     0     0     0     0     0     0  
 294      41    48    50    65    35    30    91    60    48  58.9895     0     0     0     0     0     0     0     0     0  
 295      15     5   -23   -10    23    36    -4   -18     9  59.1907     0     0     0     0     0     0     0     0     0  
 296      39    50    56    41    76    69    44    24    49  59.3918     0     0     0     0     0     0     0     0     0  
 297     -34     6    11   -13    14     3    -4    23    31   59.593     0     0     0     0     0     0     0     0     0  
 298      30    74    44    45    70    34    47    34    62  59.7941     0     0     0     0     0     0     0     0     0  
 299     -45    26    28    -7    -9   -28     6    25     7  59.9952     0     0     0     0     0     0     0     0     0  
 300      11    47    28    60    32    33    78    43    58  60.1963     0     0     0     0     0     0     0     0     0  
 301      19    33   -49    -7    15   -33    18   -17    -8  60.3976     0     0     0     0     0     0     0     0     0  
 302      26    27    37    58    18    48    31    29    34  60.5989     0     0     0     0     0     0     0     0     0  
 303     -12    -8    -7     0   -30    28   -17   -24   -17  60.8003     0     0     0     0     0     0     0     0     0  
 304      22    19    63    21    63    29    30    58     7  61.0015     0     0     0     0     0     0     0     0     0  
 305     -27    -3   -10    -2   -59     0    -8    15   -45  61.2027     0     0     0     0     0     0     0     0     0  
 306      53    51    64    46    33    35    39    56    45  61.4039     0     0     0     0     0     0     0     0     0  
 307     -27    -9    -1   -68   -18     8   -19     4    25  61.6051     0     0     0     0     0     0     0     0    -1  
 308      32    48    24    30    41    44    39    81    12  61.8063     0     0     0     0     0     0     0     0     0  
 309     -24   -28    24     1   -11    10   -10    -2     3  62.0075     0     0     0     0     0     0     0     0     0  
 310      23    57    57    58    49    26    17    38    23  62.2087     0     0     0     0     0     0     0     0     0  
 311      20    -5   -28   -23    -7   -29   -59   -21    13  62.4098     0     0     0     0     0     0     0     0     0  
 312      30    56    47    17    61    28    99    37    28   62.611     0     0     0     0     0     0     0     0     0  
 313      23     5   -12     9   -11    -7    -2   -10   -19  62.8121     0     0     0     0     0     0     0     0     0  
 314      86    32    20    87    49    31    40    21    40  63.0133     0     0     0     0     0     0     0     0     0  
 315      -1   -45     5   -24    -4   -14   -14    39    -2  63.2145     0     0     0     0     0     0     0     0     0  
 316      31    60    55    47    70    -8    30    66    80  63.4157     0     0     0     0     0     0     0     0     0  
 317     -50   -29   -13   -35   -18     2    -1   -34     7  63.6171     0     0     0     0     0     0     0     0     0  
 318      72    81    76    25    26    55    40     7    70  63.8185     0     0     0     0     0     0     0     0     0  
 319      13    -1   -53   -11    10   -16   -23     0    -6  64.0199     0     0     0     0     0     0     0     0     0  
 320      34    48    28    80    92    65    53    33    72  64.2212     0     0     0     0     0     0     0     0     0  
 321     -13   -12   -15     4    -9    21    66   -29   -29  64.4225     0     0     0     0     0     0     0     0     0  
 322      41    16    16    27    54    57    32    39    61  64.6236     0     0     0     0     0     0     0     0     0  
 323     -13   -10     0    -6    14   -11   -20   -24   -26  64.8246     0     0     0     0     0     0     0     0     0  
 324      42    58    23    51    52    24    42    44    36  65.0255     0     0     0     0     0     0     0     0     0  
 325     -45     9     8    15   -45     6    -6     2    -3  65.2265     0     0     0     0     0     0     0     0     0  
 326      47    57    31    47    39    59    67    30    21  65.4275     0     0     0     0     0     0     0     0     0  
 327      12    24   -17     3   -12     0    12    -2    10  65.6286     0     0     0     0     0     0     0     0     0  
 328      53    62    34    26    42    56    23    10    45  65.8298     0     0     0     0     0     0     0     0     0  
 329       4   -14   -31   -11     2   -15   -28   -34     7  66.0313     0     0     0     0     0     0     0     0     0  
 330      29    62    18   100    58    46    55    54    82  66.2328     0     0     0     0     0     0     0     0     0  
 331      -5     8    16   -17     3   -46   -21    17     8  66.4343     0     0     0     0     0     0     0     0     0  
 332      77    26    25    53    57     0    50    80    45  66.6359     0     0     0     0     0     0     0     0     0  
 333     -41     3   -28    -8    16    -4   -16    10    19  66.8376     0     0     0     0     0     0     0     0     0  
 334      44    69    17    83    44    53    45    53    79  67.0393     0     0     0     0     0     0     0     0     0  
 335       5   -16    14    11     0   -19   -26    -2   -29  67.2411     0     0     0     0     0     0     0     0     0  
 336      78    34    59    33    14    31    39    16    31  67.4431     0     0     0     0     0     0     0     0     0  
 337       5   -14   -37   -12    15    -7    21    23   -64  67.6454     0     0     0     0     0     0     0     0     0  
 338      50    54    13    61    70    39    49    45    48  67.8479     0     0     0     0     0     0     0     0     0  
 339     -25   -25    23    -3     4    22   -15   -12     7  68.0505     0     0     0     0     0     0     0     0     0  
 340      75     9    73    31    29    78    10    42    21   68.253     0     0     0     0     0     0     0     0     0  
 341       0    -9     9    10   -39    30    20   -32   -25  68.4558     0     0     0     0     0     0     0     0     0  
 342      60    46    47     4    14    39    74    40    47  68.6586     0     0     0     0     0     0     0     0     0  
 343       5   -39    25   -18    -6     3   -13     3   -33  68.8614     0     0     0     0     0     0     0     0     0  
 344      32    74    25    43    21    19    10    71    33  69.0643     0     0     0     0     0     0     0     0     0  
 345      -3    18   -35     0    19     6   -39    30    28  69.2672     0     0     0     0     0     0     0     0     0  
 346      51    63    60    74    30    89    58    69    91  69.4701     0     0     0     0     0     0     0     0     0  
 347      21    29   -19   -59    18    10   -51    -8    19   69.673     0     0     0     0     0     0     0     0     0  
 348      66    61    16    58    19    23    19    41    31  69.8757     0     0     0     0     0     0     0     0     0  
 349      -2     6     0   -32    23   -12   -11   -25     6  70.0783     0     0     0     0     0     0     0     0     0  
 350      51    42    42    18    63    56    49    31    26  70.2805     0     0     0     0     0     0     0     0     0  
 351      17    -2   -14     6    17     2   -11    -8   -17  70.4827     0     0     0     0     0     0     0     0     0  
 352      45    80    25    37    31    22    51    22    52  70.6847     0     0     0     0     0     0     0     0     0  
 353      -2    24   -36   -30    -5    12    20   -27    39  70.8866     0     0     0     0     0     0     0     0     0  
 354       6    41    77    -2    32    37    18    92    48  71.0882     0     0     0     0     0     0     0     0     0  
 355      18    19   -11   -43     8   -17   -34   -18    -1  71.2899     0     0     0     0     0     0     0     0     0  
 356      56    61    50    41    80    39    31    46    79  71.4915     0     0     0     0     0     0     0     0     0  
 357     -10    17   -31    -6   -33    -8   -20     0    20  71.6931     0     0     0     0     0     0     0     0     0  
 358       1    46    30    29    70    46    63    24    53  71.8946     0     0     0     0     0     0     0     0     0  
 359     -39   -31   -32   -22   -12   -39   -47   -75   -16   72.096     0     0     0     0     0     0     0     0     0  
 360      22    94    34    38    50    57    34    30    26  72.2972     0     0     0     0     0     0     0     0     0  
 361      43    15    -1     5    -6    34    10   -16    22  72.4985     0     0     0     0     0     0     0     0     0  
 362      49    41     1    30     8    57    42    44    43  72.6998     0     0     0     0     0     0     0     0     0  
 363      14   -29    -1   -28     8   -24   -13   -10     0  72.9009     0     0     0     0     0     0     0     0     0  
 364      31    58    70    20    37    36    79    50    78   73.102     0     0     0     0     0     0     0     0     0  
 365       6    -8   -37   -23   -21   -15    14   -27    11  73.3033     0     0     0     0     0     0     0     0     0  
 366      40    11    47    56    53    68    45    41    24  73.5046     0     0     0     0     0     0     0     0     0  
 367     -22    -7   -11   -30     7    -2   -31   -27   -21   73.706     0     0     0     0     0     0     0     0     0  
 368      31    51    62    24    -2    11    91    57    48  73.9073     0     0     0     0     0     0     0     0     0  
 369      -2    25    32   -18   -27    12   -30    -7   -12  74.1087     0     0     0     0     0     0     0     0     0  
 370      52    73    47    20    59    36    48    75    29  74.3101     0     0     0     0     0     0     0     0     0  
 371     -20    -5    -2    25    17   -11   -20   -11    37  74.5114     0     0     0     0     0     0     0     0     0  
 372      58    37    42    63    21    36    50    38    68  74.7125     0     0     0     0     0     0     0     0     0  
 373      36    31   -46   -14    -5   -30   -24    -4   -15  74.9138     0     0     0     0     0     0     0     0     0  
 374      48    62    41    50    52    21    49    24    54  75.1151     0     0     0     0     0     0     0     0     0  
 375     -28   -15   -31    16    15    24   -15    33   -16  75.3164     0     0     0     0     0     0     0     0     0  
 376      39    54    44    41    59    40    18    60    41  75.5177     0     0     0     0     0     0     0     0     0  
 377      34    19     4     1     6    31   -10    -7     0  75.7191     0     0     0     0     0     0     0     0     0  
 378      66     9    40    21    58    32    44    76    24  75.9204     0     0     0     0     0     0     0     0     0  
 379     -39   -18   -16    -6    -3    -6    -5   -15    18  76.1218     0     0     0     0     0     0     0     0     0  
 380      28     9    78    39     7    78    29    15    24  76.3232     0     0     0     0     0     0     0     0     0  
 381     -29     3   -27    11   -11    -3   -45   -52    -3  76.5247     0     0     0     0     0     0     0     0     0  
 382      70    24    57    42    15    -6    65    15    32  76.7262     0     0     0     0     0     0     0     0     0  
 383     -27   -19   -22   -20   -32    11   -34     5   -30  76.9276     0     0     0     0     0     0     0     0     0  
 384      49    41    -3    80    83    38    52    61    47  77.1289     0     0     0     0     0     0     0     0     0  
 385     -34    -9   -43   -27    12   -36    -2    -6    28  77.3302     0     0     0     0     0     0     0     0     0  
 386      52    55    28    21    17    45    15    41    39  77.5313     0     0     0     0     0     0     0     0     0  
 387      24   -34   -62     1   -21   -12   -16   -49    11  77.7324     0     0     0     0     0     0     0     0     0  
 388      30    54    36    52    73     7    36    24    35  77.9333     0     0     0     0     0     0     0     0     0  
 389      -7     8    16    -9    17     1   -22     9    14   78.134     0     0     0     0     0     0     0     0     0  
 390      31    15    62    37    26    20    72    19    60  78.3346     0     0     0     0     0     0     0     0     0  
 391     -13     5     4   -38    -3    12   -16     6    27  78.5352     0     0     0     0     0     0     0     0     0  
 392      51    61     9    41    91    37     3    35    41  78.7359     0     0     0     0     0     0     0     0     0  
 393     -28    11   -15   -27     8   -27   -30     4    -5  78.9366     0     0     0     0     0     0     0     0     0  
 394      42    18    53    64    54    75   101    89    26  79.1374     0     0     0     0     0     0     0     0     0  
 395      18    30    38   -10   -13   -29    28     7    -1  79.3383     0     0     0     0     0     0     0     0     1  
 396      43    68    38    50    20    24    53    38    26  79.5392     0     0     0     0     0     0     0     0     0  
 397       3   -25    18     3     5    -1   -14   -22     6  79.7403     0     0     0     0     0     0     0     0     0  
 398      23    58    35    44    26    63    78    39    38  79.9414     0     0     0     0     0     0     0     0     0  
 399      15   -10    -5    21    -9   -27   -58   -12   -30  80.1425     0     0     0     0     0     0     0     0     0  
 400      38    -7    56    60    21    35    25    31    19  80.3438     0     0     0     0     0     0     0     0     0  
 401     -33   -10   -25    -2   -17   -35     0    15     4  80.5453     0     0     0     0     0     0     0     0     0  
 402      41    62    23    36    83    59    45    57    39   80.747     0     0     0     0     0     0     0     0     0  
 403      25    19   -29   -25    13   -41   -18    17   -35  80.9487     0     0     0     0     0     0     0     0     0  
 404      53    31    64    48    81    27    27    58    63  81.1506     0     0     0     0     0     0     0     0     0  
 405       0     8    18   -12    19   -22     3   -22    54  81.3526     0     0     0     0     0     0     0     0     0  
 406      47    46    76    63    82    79    44    23    34  81.5545     0     0     0     0     0     0     0     0     0  
 407     -22   -10     1    -8   -30   -19     5     2    41  81.7564     0     0     0     0     0     0     0     0     0  
 408      15    42    67    22    62    59    38    19    16  81.9582     0     0     0     0     0     0     0     0     1  
 409       8    62   -18    30    35    -3    12   -25    -5  82.1601     0     0     0     0     0     0     0     0     0  
 410      27    87    26    36    28    45    60    54    30  82.3618     0     0     0     0     0     0     0     0     0  
 411       6   -17    11    34    37     3   -13    -9   -27  82.5636     0     0     0     0     0     0     0     0     0  
 412      36    71    52    51    30    21    40    41   -14  82.7653     0     0     0     0     0     0     0     0     0  
 413     -14   -10    16     9    -2   -19    32   -36    15   82.967     0     0     0     0     0     0     0     0     0  
 414      61    41    38    56    74    92    55    19    25  83.1687     0     0     0     0     0     0     0     0     0  
 415      -7     8    -1   -33    -8     5   -38   -54     3  83.3701     0     0     0     0     0     0     0     0     0  
 416      54    46    44    70    10    40    65    44    49  83.5714     0     0     0     0     0     0     0     0     0  
 417      -7     1    37    -5     0    -6    -9   -27   -15  83.7727     0     0     0     0     0     0     0     0     0  
 418      50    49     6    39    36    68    23     6    31  83.9739     0     0     0     0     0     0     0     0     0  
 419      -5     3     2    23    16   -13   -16   -55   -31  84.1751     0     0     0     0     0     0     0     0     0  
 420      30    44    23     3    24    71    78    93    17  84.3763     0     0     0     0     0     0     0     0     0  
 421       5     1   -18   -12   -14    -9   -26    23    13  84.5777     0     0     0     0     0     0     0     0     0  
 422      49    11    33    61    57    14    12    37    27  84.7792     0     0     0     0     0     0     0     0     0  
 423     -31   -14    26   -14   -12   -39   -18   -23   -21  84.9806     0     0     0     0     0     0     0     0     0  
 424      58    65    57    51    52    46    66    42    34  85.1819     0     0     0     0     0     0     0     0     0  
 425       9    32   -39    15    13    -8     8   -25   -16  85.3833     0     0     0     0     0     0     0     0     0  
 426      19    72     7    42    49    63    63   102    70  85.5846     0     0     0     0     0     0     0     0     0  
 427       1     9    21   -13    14   -29     8   -19     5  85.7859     0     0     0     0     0     0     0     0     0  
 428      45    12    24    19    43    35    54    73    37  85.9871     0     0     0     0     0     0     0     0     1  
 429       3    -6   -17    -8     3   -28   -24     3     5  86.1884     0     0     0     0     0     0     0     0     0  
 430      62    38    45    55    21    57    18    48    50  86.3898     0     0     0     0     0     0     0     0     0  
 431      17   -40    -5   -15     0   -16   -13    17    -7  86.5913     0     0     0     0     0     0     0     0     0  
 432      59    45    21    37    46    24    20    14    30  86.7927     0     0     0     0     0     0     0     0     0  
 433      18    20    10   -12    -2    19   -20   -25    26  86.9942     0     0     0     0     0     0     0     0     1  
 434      39    45    51    39    52    60    38    35    60  87.1956     0     0     0     0     0     0     0     0     0  
 435      23   -13   -30   -38   -23     8     2     1   -29  87.3969     0     0     0     0     0     0     0     0     0  
 436      34    37    48    16     9    45    45    35    46   87.598     0     0     0     0     0     0     0     0     0  
 437     -66     3    -6    12    -3   -12   -19    -5    16   87.799     0     0     0     0     0     0     0     0     0  
 438      78    26    13    38    70    34    48    31    35       88     0     0     0     0     0     0     0     0     0  
 439      23    26   -27   -30     8    -3    27    35     5  88.2007     0     0     0     0     0     0     0     0     1  
 440      26    22    36    33    52     3    38    50    26  88.4014     0     0     0     0     0     0     0     0     0  
 441     -11   -13   -17    18     6     4   -40    18    10  88.6021     0     0     0     0     0     0     0     0     0  
 442      63    52    37    46    85    20    42    58    70  88.8027     0     0     0     0     0     0     0     0     0  
 443      30     9   -24   -13     2   -23   -13   -10   -12  89.0034     0     0     0     0     0     0     0     0     0  
 444      65    19    16    64    46    47    34    42    76   89.204     0     0     0     0     0     0     0     0     0  
 445       3   -36    17     2    -6     7   -27   -25   -26  89.4048     0     0     0     0     0     0     0     0     0  
 446      39    40    65    30     4    64    43    52    48  89.6058     0     0     0     0     0     0     0     0     0  
 447     -43    -8     5   -21    14   -23   -34   -12   -21  89.8069     0     0     0     0     0     0     0     0     0  
 448      29    -8    42    56    59    41    39    39     1  90.0082     0     0     0     0     0     0     0     0     1  
 449     -35   -19    -5    -8     9   -19    -8     7    -3  90.2098     0     0     0     0     0     0     0     0     0  
 450      65    -4    20    43    26    49    15    69    46  90.4114     0     0     0     0     0     0     0     0     0  
 451     -10    -9   -16   -19   -16    -8   -22     2   -24   90.613     0     0     0     0     0     0     0     0     0  
 452      12    28    24    32    30    59    54    75    39  90.8145     0     0     0     0     0     0     0     0     0  
 453     -24     6    11     3    37   -27    -9    -8    29  91.0162     0     0     0     0     0     0     0     0     0  
 454      26    45    55    34    48    28    67    59    39  91.2179     0     0     0     0     0     0     0     0     0  
 455     -27    13    -3   -17    -2   -14   -46   -43   -24  91.4196     0     0     0     0     0     0     0     0     0  
 456      38    56    23    13    49    36    46    49    86  91.6212     0     0     0     0     0     0     0     0     0  
 457     -19   -14   -20   -30   -30   -10    -8    18    -7   91.823     0     0     0     0     0     0     0     0     1  
 458       0    25    43    52    17    58    25    20    48   92.025     0     0     0     0     0     0     0     0     0  
 459     -15   -17    10   -27   -19   -15   -21   -43    19  92.2268     0     0     0     0     0     0     0     0     1  
 460      41    40    42    13    28    60    44    97    11  92.4285     0     0     0     0     0     0     0     0     1  
 461       3   -22    18    17   -31   -22     3   -20     3  92.6303     0     0     0     0     0     0     0     0     0  
 462      22    36    30    57    65    30    49    48    44  92.8321     0     0     0     0     0     0     0     0     1  
 463     -30   -27   -35    17     0    -6     4    -6     5  93.0337     0     0     0     0     0     0     0     0     0  
 464      20    33    92    40    59    58     1    25    69  93.2353     0     0     0     0     0     0     0     0     0  
 465       2     3     3    27   -40   -21     3   -22   -18  93.4368     0     0     0     0     0     0     0     0     0  
 466      38    44    43    39    12    30    51    24    -2  93.6383     0     0     0     0     0     0     0     0     0  
 467     -33   -25   -20   -44    10    -9    -5   -30     1  93.8396     0     0     0     0     0     0     0     0     0  
 468      31    98    84    54    27    16    46    44    20  94.0408     0     0     0     0     0     0     0     0     0  
 469     -10     7    -4    20   -22    -8    25     2   -29   94.242     0     0     0     0     0     0     0     0     0  
 470      24    29    44    14    74    41    50    36    64  94.4431     0     0     0     0     0     0     0     0     1  
 471      25   -23     4   -32    28    29   -26    14    15  94.6441     0     0     0     0     0     0     0     0     0  
 472      53    78    47    60    48    32    53    27     2  94.8449     0     0     0     0     0     0     0     0     0  
 473     -11    -3   -24    18    10    12    -8    10   -23  95.0457     0     0     0     0     0     0     0     0     0  
 474      49    45    36    52    74    93    71    55    49  95.2465     0     0     0     0     0     0     0     0     0  
 475     -27   -17    16   -23    33   -24   -29     3   -22  95.4471     0     0     0     0     0     0     0     0     0  
 476      28    21    16    25    84    26    30    21    48  95.6477     0     0     0     0     0     0     0     0     0  
 477     -32    18   -26    -2   -15     1    34     6    11  95.8483     0     0     0     0     0     0     0     0     0  
 478      71    34    43    23    72    33    55    12    50  96.0487     0     0     0     0     0     0     0     0     0  
 479       4    -5     9   -19     6    15    -3   -23    -4  96.2489     0     0     0     0     0     0     0     0     0  
 480      13    78    30    36    77    35    37    50    39  96.4489     0     0     0     0     0     0     0     0     0  
 481     -16    10   -36    16   -17   -20    52   -14    24   96.649     0     0     0     0     0     0     0     0     0  
 482      41    11    69    72    31    35    49    28    30  96.8492     0     0     0     0     0     0     0     0     0  
 483      -7     8   -27    37   -24   -13     6    29   -32  97.0492     0     0     0     0     0     0     0     0     1  
 484      53    54   107    25    21    85    -3    75    29   97.249     0     0     0     0     0     0     0     0     1  
 485     -28   -21   -13     5    -4    12    38   -26   -15   97.449     0     0     0     0     0     0     0     0     0  
 486      50    64    39    19    53    18    33    37    25  97.6491     0     0     0     0     0     0     0     0     0  
 487       3    -6   -47   -11   -10    -5    -7   -46    -9  97.8492     0     0     0     0     0     0     0     0     0  
 488      51    55    -4    46    30    37    64    76    57  98.0494     0     0     0     0     0     0     0     0     0  
 489      39    25    27   -31   -34     1    28   -29     6  98.2498     0     0     0     0     0     0     0     0     0  
 490      36    58    54    30    57    49    89    41   -10  98.4501     0     0     0     0     0     0     0     0     0  
 491       7   -12   -23   -14    25   -25   -15     4   -22  98.6501     0     0     0     0     0     0     0     0     1  
 492      42    36    18    49    55    40    43    63    48  98.8499     0     0     0     0     0     0     0     0     0  
 493       2    -9   -14    20   -27    -2   -11   -16    19  99.0496     0     0     0     0     0     0     0     0     0  
 494      20    63    58    49    32    38    90    54    60  99.2493     0     0     0     0     0     0     0     0     0  
 495     -16    -7    30    32    10   -44   -16   -43    -9  99.4488     0     0     0     0     0     0     0     0     1  
 496      53    60    63    32    62    62    15    55    57  99.6482     0     0     0     0     0     0     0     0     1  
 497       9    -5     7   -18   -75    14    -8    22    17  99.8474     0     0     0     0     0     0     0     0     0  
 498     -51   -26   -19     0    14     3   -55    -7   -40  100.046     0     0     0     0     0     0     0     0     0  
 499     -68   -72   -94   -87   -76   -72  -102   -90  -121  100.245     0     0     0     0     0     0     0     0     0  
 500     -47   -36   -45    -6     1   -11   -12    -9   -21  100.443     0     0     0     0     0     0     0     0     1  
 501     -72   -72   -98   -86   -89   -97   -65   -88   -63   100.64     0     0     0     0     0     0     0     0     1  
 502      32   -38   -17    14   -10    11   -33   -35   -38  100.838     0     0     0     0     0     0     0     0     1  
 503    -135   -61  -105   -75   -53  -101   -68   -62   -82  101.036     0     0     0     0     0     0     0     0     0  
 504      60    78    56    23    40    47     9    57    66  101.233     0     0     0     0     0     0     0     0     1  
 505      50   -15    13    18    11   -17    26   -13    -6   101.43     0     0     0     0     0     0     0     0     0  
 506      92    59    62    70    48    57    35    30    36  101.627     0     0     0     0     0     0     0     0     0  
 507       2    -1   -26   -13     1   -12    -1    -2   -12  101.824     0     0     0     0     0     0     0     0     0  
 508      26    33    37    14    47    27    20    43    53  102.021     0     0     0     0     0     0     0     0     0  
 509     -19   -27   -27     0   -21   -10   -24   -18   -10  102.218     0     0     0     0     0     0     0     0     0  
 510       9    39    44    13    28    58    14    32    24  102.416     0     0     0     0     0     0     0     0     0  
 511       6     1   -20    -4     0   -33     3   -15     0  102.613     0     0     0     0     0     0     0     0     0  
 512      10   -33    -5     1   -34    -7   -28     0   -10   102.81     0     0     0     0     0     0     0     0     0  
 513      -4   -20   -35   -31   -22   -21   -21   -19    -2  103.007     0     0     0     0     0     0     0     0     0  
 514     -11   -49     1   -36    -3    -2   -41   -30   -70  103.204     0     0     0     0     0     0     0     0     0  
 515     -11   -24   -19   -12    -2   -18   -13    -7     9  103.402     0     0     0     0     0     0     0     0     0  
 516       0   -12   -12   -25   -11   -43   -43   -27   -27  103.599     0     0     0     0     0     0     0     0     0  
 517     -30   -47    21   -32   -40   -45    -4   -58   -25  103.797     0     0     0     0     0     0     0     0     0  
 518     -24   -50   -50     6    -9    -5   -12    14   -27  103.995     0     0     0     0     0     0     0     0     0  
 519     -20   -30    12   -54   -37     3   -18     1   -53  104.193     0     0     0     0     0     0     0     0     0  
 520     -32    15   -20   -16   -32    -8   -25   -21   -23  104.392     0     0     0     0     0     0     0     0     0  
 521     -19   -11    -5   -20   -16   -29   -15   -20   -46   104.59     0     0     0     0     0     0     0     0     0  
 522     -28   -35    -7    -1   -40   -48   -13   -63   -47  104.789     0     0     0     0     0     0     0     0     0  
 523      -5    -5    22   -52   -18   -23    35   -20   -43  104.988     0     0     0     0     0     0     0     0     1  
 524     -45    47    -7   -26    15    -3    -3    10    17  105.187     0     0     0     0     0     0     0     0     1  
 525      -8   -28   -60   -36   -82   -31    -9     6    -6  105.385     0     0     0     0     0     0     0     0     0  
 526      -9   -23   -27     7   -19   -22     1    -7   -22  105.584     0     0     0     0     0     0     0     0     0  
 527     -25    -9   -27   -44   -40    -4     3    -3   -29  105.783     0     0     0     0     0     0     0     0     1  
 528     -22    -9   -27     1     2   -58    17   -32   -43  105.982     0     0     0     0     0     0     0     0     1  
 529     -45   -73     2    -1   -24     5   -77    20    -7  106.181     0     0     0     0     0     0     0     0     0  
 530     -43    -7   -53   -20     1   -68   -39    -4   -18   106.38     0     0     0     0     0     0     0     0     0  
 531     -16    24   -29     0     4   -14   -21   -34     1  106.579     0     0     0     0     0     0     0     0     1  
 532       0    -7   -11    18    33   -10     0   -18    -5  106.778     0     0     0     0     0     0     0     0     1  
 533     -47    -8   -15   -31   -19   -22   -39   -18     5  106.977     0     0     0     0     0     0     0     0     0  
 534     -16   -71   -38   -16   -45   -19    -7    22    -3  107.176     0     0     0     0     0     0     0     0     0  
 535       6   -42   -20   -37    32   -11     7     8   -37  107.375     0     0     0     0     0     0     0     0     1  
 536       0   -26   -23    24   -16     8   -37    -4   -13  107.574     0     0     0     0     0     0     0     0     0  
 537     -55   -28    14   -33    41   -11   -15   -11     5  107.773     0     0     0     0     0     0     0     0     0  
 538     -37   -37   -19     1   -51    -7   -17     6    -6  107.972     0     0     0     0     0     0     0     0     1  
 539     -17     0    -8     8     0     3     6     7    -2  108.172     0     0     0     0     0     0     0     0     1  
 540     -29   -30   -12    -5     7     5   -28   -33   -31  108.371     0     0     0     0     0     0     0     0     0  
 541     -37   -19   -32   -12   -41   -50   -47   -28   -25   108.57     0     0     0     0     0     0     0     0     0  
 542     -26   -24   -37   -47    -9   -23   -18   -20   -33   108.77     0     0     0     0     0     0     0     0     1  
 543     -29   -19   -12   -40   -25   -18    -7   -38   -26  108.969     0     0     0     0     0     0     0     0     1  
 544     -18   -19   -15   -20   -19    26   -42   -16   -27  109.169     0     0     0     0     0     0     0     0     0  
 545     -51    -7   -11     4   -21   -29   -19   -29   -37  109.368     0     0     0     0     0     0     0     0     1  
 546     -37   -36   -35   -50    -9     3     0   -21    -8  109.567     0     0     0     0     0     0     0     0     1  
 547     -43   -18    27     7   -23     5   -10   -20   -16  109.766     0     0     0     0     0     0     0     0     0  
 548       2    11   -15   -34   -46    38   -32    -4    -3  109.964     0     0     0     0     0     0     0     0     1  
 549      -6    -6   -51   -32    15    -8   -10   -28   -42  110.163     0     0     0     0     0     0     0     0     1  
 550      -5    -5   -24    -5   -23   -20    -9    -2   -39  110.362     0     0     0     0     0     0     0     0     1  
 551      -9    10     1     0     9    -7   -25   -54   -10  110.561     0     0     0     0     0     0     0     0     0  
 552     -21   -33    -8   -17    -6    -7     2    -6     2   110.76     0     0     0     0     0     0     0     0     1  
 553       5    40     7     3   -18   -59   -23    -1   -28  110.959     0     0     0     0     0     0     0     0     0  
 554     -26   -34   -81   -14    -7    19   -40    -6    21  111.158     0     0     0     0     0     0     0     0     1  
 555     -26    17   -31     4   -27     4   -18   -21   -35  111.357     0     0     0     0     0     0     0     0     1  
 556     -18   -30     5    -3     8    -8   -24   -13     9  111.556     0     0     0     0     0     0     0     0     1  
 557     -54   -26    23   -26   -27   -31   -55    18   -22  111.754     0     0     0     0     0     0     0     0     1  
 558       0    -2     1    -7   -25   -24   -26   -48    15  111.953     0     0     0     0     0     0     0     0     1  
 559     -41   -35     5   -16    19    -5    -8   -10   -22  112.152     0     0     0     0     0     0     0     0     0  
 560     -13   -23    32    29   -13   -25   -12    33     3  112.351     0     0     0     0     0     0     0     0     0  
 561      43    11   -14   -24   -25   -22     1    -3   -32   112.55     0     0     0     0     0     0     0     0     0  
 562     -21   -59    34    -4   -32    28   -51    21    24   112.75     0     0     0     0     0     0     0     0     0  
 563      -7   -17   -13     1    -4   -31   -27   -10   -25  112.949     0     0     0     0     0     0     0     0     0  
 564     -15   -44   -29   -27   -20     5   -29   -11    -4  113.148     0     0     0     0     0     0     0     0     0  
 565       7     5    -3    -9   -49   -58   -50     7     0  113.347     0     0     0     0     0     0     0     0     1  
 566      -5   -14   -67   -38   -27   -11    -5   -32     7  113.546     0     0     0     0     0     0     0     0     0  
 567     -29     0    13   -11   -13    -4    -1   -20   -11  113.746     0     0     0     0     0     0     0     0     1  
 568     -23    -6   -10   -22   -33   -48   -15   -17    -8  113.945     0     0     0     0     0     0     0     0     0  
 569     -24     5    -8   -52    -2   -76     3   -12   -35  114.144     0     0     0     0     0     0     0     0     0  
 570     -25   -38   -18     4   -12    -5   -11   -28   -29  114.344     0     0     0     0     0     0     0     0     0  
 571     -34    13   -35   -28   -36   -51     3   -33     7  114.543     0     0     0     0     0     0     0     0     0  
 572     -16   -27    16   -18    27   -35     4   -37   -15  114.743     0     0     0     0     0     0     0     0     0  
 573     -16    -6   -42    -6   -25    -2   -40   -31    -3  114.943     0     0     0     0     0     0     0     0     0  
 574     -24   -16   -11   -50    15   -26   -42   -22   -48  115.143     0     0     0     0     0     0     0     0     1  
 575     -21    23     9     8    -9   -35   -13   -49    10  115.343     0     0     0     0     0     0     0     0     0  
 576       5   -55     2   -56   -26   -34     7   -22   -48  115.543     0     0     0     0     0     0     0     0     0  
 577     -20   -33    -4   -43     4    -6   -20    -3    -9  115.743     0     0     0     0     0     0     0     0     0  
 578     -18   -24     4   -20   -12   -22    -4     4   -20  115.943     0     0     0     0     0     0     0     0     1  
 579     -21    -5     1   -22   -30   -10   -52     7     1  116.143     0     0     0     0     0     0     0     0     1  
 580       6   -29   -38   -43   -29     4   -21   -56   -49  116.343     0     0     0     0     0     0     0     0     1  
 581     -38   -34   -59     7   -30   -52     0   -23     0  116.543     0     0     0     0     0     0     0     0     0  
 582     -54   -26   -15     4     6     5   -23   -28   -33  116.743     0     0     0     0     0     0     0     0     1  
 583     -18    -4   -10   -11     3   -39    -4   -26   -47  116.943     0     0     0     0     0     0     0     0     0  
 584       4   -75     4   -12   -30   -13     3    12   -71  117.143     0     0     0     0     0     0     0     0     0  
 585     -14   -30     0   -20   -17   -10   -19   -34    -7  117.343     0     0     0     0     0     0     0     0     0  
 586     -26   -14    -9   -28   -19   -11   -50   -48   -62  117.544     0     0     0     0     0     0     0     0     1  
 587      28   -23   -15   -31   -47   -30   -33   -25   -19  117.744     0     0     0     0     0     0     0     0     0  
 588      20    -2    10    -8     5   -32   -19   -23    15  117.944     0     0     0     0     0     0     0     0     0  
 589      -7   -38   -24   -12   -12   -49    17   -20   -15  118.144     0     0     0     0     0     0     0     0     0  
 590     -21    14    -3   -10   -15   -24    -5     9   -10  118.345     0     0     0     0     0     0     0     0     0  
 591      15     5   -15    15    15   -13   -20   -12    -8  118.545     0     0     0     0     0     0     0     0     0  
 592      35   -10   -23    18   -37   -11     2   -35     6  118.745     0     0     0     0     0     0     0     0     0  
 593     -35   -13   -18   -85   -41    -5     6    10    -6  118.946     0     0     0     0     0     0     0     0     0  
 594     -20    26   -17    -6   -10   -14   -23   -22   -23  119.146     0     0     0     0     0     0     0     0     0  
 595     -33   -21     2     0   -38   -29   -14   -19   -28  119.346     0     0     0     0     0     0     0     0     0  
 596     -36    15   -10   -40   -40    10   -45   -43   -42  119.546     0     0     0     0     0     0     0     0     0  
 597      -4   -30     8   -11    16   -32   -32    -9    -6  119.747     0     0     0     0     0     0     0     0     1  
 598      -5   -15   -22   -40   -26    27   -32    10    12  119.947     0     0     0     0     0     0     0     0     0  
 599      -6     6    -8   -58   -21     4    -6    13    15  120.147     0     0     0     0     0     0     0     0     1  
 600     -44     0   -15   -18    -2   -28   -70   -37   -19  120.347     0     0     0     0     0     0     0     0     0  
 601     -26   -13   -28   -54    -6    -1   -41   -22   -30  120.548     0     0     0     0     0     0     0     0     0  
 602     -26    -5    -7    -8   -10    -6   -42   -13   -56  120.748     0     0     0     0     0     0     0     0     0  
 603     -26   -37    -4   -43   -36   -38   -22    -4    -3  120.949     0     0     0     0     0     0     0     0     0  
 604      -8   -18    -6   -40    -7   -16     1   -22   -10   121.15     0     0     0     0     0     0     0     0     0  
 605     -14   -40     7   -42    27   -31    -2   -40     2   121.35     0     0     0     0     0     0     0     0     0  
 606     -18   -14   -29   -46   -43    -6   -13   -34   -27  121.551     0     0     0     0     0     0     0     0     0  
 607      -6    32    -5    16   -65    24   -20    16     8  121.751     0     0     0     0     0     0     0     0     0  
 608     -19   -11     5    10     8   -47    -3   -40    -2  121.952     0     0     0     0     0     0     0     0     0  
 609      11   -19   -13   -31     6    -8   -53   -71   -15  122.152     0     0     0     0     0     0     0     0     1  
 610      -5   -37    -6    -6   -32    -9    36   -20   -39  122.352     0     0     0     0     0     0     0     0     1  
 611       2   -17   -27   -23   -40   -27     0    19   -41  122.552     0     0     0     0     0     0     0     0     0  
 612      -7   -20   -19   -16   -22   -27   -45    -8   -53  122.752     0     0     0     0     0     0     0     0     0  
 613     -32   -22     0    18    10   -52    13   -21   -31  122.953     0     0     0     0     0     0     0     0     0  
 614     -12   -71   -15    -2   -50   -53    21   -44   -40  123.153     0     0     0     0     0     0     0     0     1  
 615     -31   -35   -11   -15   -16   -43   -16    12   -46  123.353     0     0     0     0     0     0     0     0     0  
 616      15   -38    -4   -10   -19     1    -2     0     5  123.553     0     0     0     0     0     0     0     0     0  
 617       5     1   -48   -13   -21   -33   -43   -15   -14  123.753     0     0     0     0     0     0     0     0     0  
 618     -15   -10   -27    30   -20   -48   -49    13    20  123.952     0     0     0     0     0     0     0     0     0  
 619     -31   -32     4   -29   -27     3   -21     8   -16  124.152     0     0     0     0     0     0     0     0     0  
 620     -10   -12    11   -36     1    10   -22   -17    -7  124.351     0     0     0     0     0     0     0     0     0  
 621      19    -4     9   -29   -19   -29    17   -32   -14  124.549     0     0     0     0     0     0     0     0     1  
 622     -42    51   -29   -21     7   -23   -16   -17   -28  124.748     0     0     0     0     0     0     0     0     0  
 623       3    -9    -2    -6     1   -35     0   -22   -21  124.947     0     0     0     0     0     0     0     0     0  
 624      23   -23   -13   -20   -17   -31   -51   -15    30  125.146     0     0     0     0     0     0     0     0     1  
 625     -37   -43    27   -16     8   -33   -10    13   -25  125.344     0     0     0     0     0     0     0     0     1  
 626     -49   -15   -70   -52   -36   -20   -59   -49   -31  125.543     0     0     0     0     0     0     0     0     1  
 627      28    -5     7    23   -18   -37   -22   -16    -4  125.741     0     0     0     0     0     0     0     0     1  
 628     -23     7     3   -10   -33    18    -7    18   -17   125.94     0     0     0     0     0     0     0     0     1  
 629      -2   -16   -42   -36   -27    -6    -7   -29    -4  126.138     0     0     0     0     0     0     0     0     0  
 630     -39   -15   -28   -23   -50     3   -35   -32    -4  126.337     0     0     0     0     0     0     0     0     0  
 631       8     0   -21   -17    -8   -28   -14    11    -4  126.536     0     0     0     0     0     0     0     0     1  
 632     -10   -38   -10    49   -20     1   -41    28   -26  126.734     0     0     0     0     0     0     0     0     1  
 633      22   -39     9   -13   -12   -33   -21   -57   -47  126.933     0     0     0     0     0     0     0     0     0  
 634     -31   -50   -21   -40    -8   -26   -37   -44    -7  127.132     0     0     0     0     0     0     0     0     0  
 635      18    15   -38    12   -24   -37    -8   -10    15   127.33     0     0     0     0     0     0     0     0     0  
 636      14   -31   -14   -36   -24     3   -38   -11    10  127.529     0     0     0     0     0     0     0     0     1  
 637     -25   -12   -10     1    -8     3    -8    -4   -11  127.727     0     0     0     0     0     0     0     0     0  
 638     -26   -85   -18   -15   -42   -34   -11     0     5  127.926     0     0     0     0     0     0     0     0     0  
 639       8     7   -25   -24    -6   -38    -2   -13   -38  128.124     0     0     0     0     0     0     0     0     1  
 640     -57   -28    -9   -16    16    16   -10   -12   -37  128.323     0     0     0     0     0     0     0     0     1  
 641     -42    -6   -15   -15   -43   -42   -38     7     7  128.521     0     0     0     0     0     0     0     0     1  
 642     -23   -79   -39   -30   -18   -56   -48   -32   -51   128.72     0     0     0     0     0     0     0     0     0  
 643     -19   -22    -4   -22   -14     8   -38   -41    -9  128.919     0     0     0     0     0     0     0     0     0  
 644     -14    14    29   -24   -34    17   -28   -41     2  129.118     0     0     0     0     0     0     0     0     0  
 645     -20    -9   -26     9   -31   -46   -38   -35   -52  129.317     0     0     0     0     0     0     0     0     0  
 646     -23   -15   -41   -37   -20   -61   -22   -21   -31  129.516     0     0     0     0     0     0     0     0     0  
 647     -27   -12   -21     0   -10   -17   -13   -65   -22  129.715     0     0     0     0     0     0     0     0     0  
 648       0     0    -4   -38    21   -10     0    23   -36  129.915     0     0     0     0     0     0     0     0     0  
 649     -58    20    14     0   -11    -6   -37   -11     5  130.114     0     0     0     0     0     0     0     0     0  
 650     -35   -25   -41    -9   -43     9    -5    13   -25  130.314     0     0     0     0     0     0     0     0     0  
 651     -45   -13    -5    35   -20     2    14   -20     0  130.514     0     0     0     0     0     0     0     0     0  
 652     -32     9   -30    25   -44   -14   -17    -8   -16  130.713     0     0     0     0     0     0     0     0     0  
 653     -42   -12   -36   -21   -20   -13     3   -18   -20  130.913     0     0     0     0     0     0     0     0     0  
 654     -58    -8   -28    -5   -13   -17     0   -43    -8  131.113     0     0     0     0     0     0     0     0     0  
 655     -24    -9     0     0    -9   -10    14   -36   -20  131.312     0     0     0     0     0     0     0     0     1  
 656      -5    -3     6     0   -43   -39   -13   -54   -14  131.512     0     0     0     0     0     0     0     0     0  
 657     -36   -67   -29   -38    -6     5    -5   -33    -7  131.712     0     0     0     0     0     0     0     0     0  
 658       0   -30   -19    11   -31   -19   -34   -13   -47  131.912     0     0     0     0     0     0     0     0     0  
 659     -13   -60   -52    25   -13    -1    -4   -17    17  132.111     0     0     0     0     0     0     0     0     0  
 660     -13    -4   -13   -14   -42    -2   -45    -9    12  132.311     0     0     0     0     0     0     0     0     1  
 661     -13   -14   -45   -18   -62   -40     5   -22   -25   132.51     0     0     0     0     0     0     0     0     0  
 662     -13   -33   -24    -4   -12     0     3    17   -24   132.71     0     0     0     0     0     0     0     0     0  
 663     -11    26   -25     6   -20   -33   -36   -14    -3  132.909     0     0     0     0     0     0     0     0     1  
 664       4   -40     7     7    43   -13    12    33   -39  133.109     0     0     0     0     0     0     0     0     0  
 665     -34   -17   -35   -17   -29   -20   -29   -29   -46  133.309     0     0     0     0     0     0     0     0     1  
 666      31     8     0    13   -32   -27   -47   -25   -37  133.508     0     0     0     0     0     0     0     0     1  
 667     -28    -8   -20   -62    16   -35     4   -22    16  133.708     0     0     0     0     0     0     0     0     0  
 668       3   -13   -46   -44   -34   -29   -31    -5    -8  133.907     0     0     0     0     0     0     0     0     0  
 669      14   -18   -52    -1     5   -36    -6   -26     9  134.107     0     0     0     0     0     0     0     0     1  
 670     -14   -14    -5   -41   -42   -21   -49    -8   -23  134.306     0     0     0     0     0     0     0     0     0  
 671      -2   -14     9   -50   -14   -14    -4    -4   -20  134.505     0     0     0     0     0     0     0     0     0  
 672     -46   -45   -10   -34   -21   -17   -39   -10   -37  134.704     0     0     0     0     0     0     0     0     0  
 673     -31    -7     9   -54   -15    -9   -47   -39   -26  134.903     0     0     0     0     0     0     0     0     1  
 674      38   -10   -12   -14     1     3   -16   -52    -7  135.102     0     0     0     0     0     0     0     0     0  
 675      -5   -23   -21   -36     0   -19   -54   -63   -31  135.301     0     0     0     0     0     0     0     0     0  
 676     -54   -15   -24   -13   -14    -6    -8   -31   -19    135.5     0     0     0     0     0     0     0     0     1  
 677      -2   -42   -18   -14    16     1    35   -24     0  135.699     0     0     0     0     0     0     0     0     0  
 678     -15   -22    -8   -61    13    -9    -8    -6   -19  135.898     0     0     0     0     0     0     0     0     0  
 679     -75     7    39   -46     4    14   -16   -38   -10  136.097     0     0     0     0     0     0     0     0     0  
 680     -18   -20   -13    -7     8   -51   -33   -13   -15  136.296     0     0     0     0     0     0     0     0     0  
 681     -39   -34   -57     9    19   -37   -28   -31   -38  136.495     0     0     0     0     0     0     0     0     0  
 682     -30    12   -57   -33    -3   -23   -23    12    -9  136.695     0     0     0     0     0     0     0     0     1  
 683      36   -11   -17    17     6    12   -32     5    11  136.894     0     0     0     0     0     0     0     0     1  
 684     -15   -32   -24   -19    11     3     2    15   -21  137.093     0     0     0     0     0     0     0     0     1  
 685      -8     1   -31   -32   -12   -32     5    -2   -23  137.292     0     0     0     0     0     0     0     0     0  
 686     -39   -43   -25    27   -22     2    -5    32     6   137.49     0     0     0     0     0     0     0     0     0  
 687       4    -1    11    17    -5    -6   -26   -32   -29  137.689     0     0     0     0     0     0     0     0     1  
 688     -32     0   -21     5   -37   -25   -44    38   -10  137.888     0     0     0     0     0     0     0     0     0  
 689      -2    -5   -34    17     4   -34   -28    -4   -19  138.086     0     0     0     0     0     0     0     0     1  
 690      -2   -16   -15   -52   -48     2   -48   -14    26  138.285     0     0     0     0     0     0     0     0     0  
 691      -4   -46   -24   -38   -30   -10    -7    -2    25  138.483     0     0     0     0     0     0     0     0     0  
 692       6   -34   -31   -47   -10    29   -24   -43    16  138.682     0     0     0     0     0     0     0     0     1  
 693     -12    16   -40   -48   -20    -5    19    22   -26  138.881     0     0     0     0     0     0     0     0     0  
 694     -20   -31   -18   -14   -26    23    16   -55    -9  139.079     0     0     0     0     0     0     0     0     0  
 695      -2    29    19   -46    -9   -23   -33   -44   -23  139.278     0     0     0     0     0     0     0     0     0  
 696     -28     5   -26   -26   -59    42   -17   -44    -7  139.477     0     1     0     0     0     0     0     0     0  
 697      -6   -48    -3   -51    13   -17   -59    11   -12  139.676     0     1     0     0     0     0     0     0     0  
 698     -14   -33    -2   -21    10   -32   -17    32   -52  139.875     0     1     0     0     0     0     0     0     1  
 699      11    18   -21    -2   -21   -24   -10   -19   -25  140.074     0     0     0     0     0     0     0     0     1  
 700      31    36   -48   -69   -79   -29    -9   -24     3  140.273     0     0     0     0     0     0     0     0     0  
 701     -25    11   -46    11   -30   -14   -33   -35   -18  140.472     0     0     0     0     0     0     0     0     0  
 702     -23   -14   -37    36   -11   -53    -9   -37   -28  140.671     0     0     0     0     0     0     0     0     0  
 703     -39    -3    -3    -9   -29   -70    10    66   -11   140.87     0     0     1     0     0     0     0     0     0  
 704     -40   -68    -6   -12   -24   -22   -13   -22   -14  141.069     1     0     0     0     0     0     0     0     0  
 705     -15   -11   -32   -15     8   -15     1   -32   -14  141.268     0     0     0     0     0     0     0     0     1  
 706      29   -42     0   -40   -49   -12    -8   -55   -69  141.468     0     0     0     0     0     0     0     0     0  
 707     -11   -38   -17   -18     8     0   -26   -37   -32  141.667     0     0     0     0     0     0     0     0     1  
 708     -10   -42    25    25    -7   -27    -9   -15   -37  141.866     0     0     0     0     0     0     0     0     0  
 709      -6    -2   -30   -48     1   -21   -35    -6   -48  142.066     0     0     0     0     0     0     0     0     1  
 710     -21   -28   -40   -18   -15    11   -26   -19   -16  142.265     0     0     0     0     1     0     0     0     1  
 711     -15   -26    -6    -5   -21    -2   -38   -30   -30  142.464     0     0     0     0     0     0     0     0     0  
 712     -17    -3    -6   -10    -7   -24   -23   -45   -13  142.664     0     0     0     0     0     0     0     0     1  
 713     -18   -52   -37   -54     5   -26   -29   -15   -11  142.863     0     0     0     0     0     0     0     0     0  
 714     -21    -9   -25   -43     1     8    -9   -33   -26  143.062     0     0     0     0     0     0     0     0     1  
 715       5    27   -29   -29     0   -15    15   -42   -13  143.261     0     0     0     0     0     0     0     0     1  
 716       7   -27    -5   -12   -29     0   -28     0   -49   143.46     0     0     0     0     0     0     0     0     1  
 717     -27   -34    12     0     0    -3   -23   -23   -16   143.66     0     0     0     0     0     0     0     0     0  
 718      -8   -67   -45   -41    -7    -3    -8   -38   -23  143.859     0     0     0     0     0     0     0     0     1  
 719      28   -14    -4    14     0     3   -10   -41    17  144.059     0     0     0     0     0     0     0     0     1  
 720      19   -16   -34    14    -2   -28    21   -12   -27  144.258     0     0     0     0     0     0     0     0     0  
 721     -20     0     0   -15    12     1    -1   -10   -38  144.458     0     0     0     0     0     0     0     0     0  
 722     -11   -34   -27   -32   -11   -27     2    -6   -12  144.658     0     0     0     0     0     0     0     0     0  
 723     -16    -5   -35   -21    16    -1    -3     1   -54  144.858     0     0     0     0     0     0     0     0     1  
 724      -1    26    -3     9   -21    23   -19    -4   -16  145.058     0     0     0     0     0     0     0     0     0  
 725      -2   -23   -49    -5   -39    -7   -19   -38    -6  145.258     0     0     0     0     0     0     0     0     1  
 726     -11   -33   -34   -50   -46   -18    -5   -12     4  145.457     0     0     0     0     0     0     0     0     1  
 727     -32   -22   -17   -12   -26    11   -23   -10   -23  145.657     0     0     0     0     0     0     0     0     1  
 728     -32   -24    17   -18   -24   -22    30   -26     3  145.857     0     0     0     0     0     0     0     0     1  
 729     -13   -26   -14   -26   -20   -35    -3   -34   -35  146.057     0     0     0     0     0     0     0     0     0  
 730      11   -45    39   -35   -10   -11     6   -19   -21  146.257     0     0     0     0     0     0     0     0     0  
 731      19     7     3   -11   -14     2     9    11   -26  146.457     0     0     0     0     0     0     0     0     1  
 732      26    -7    10     0   -26   -15    -2   -23   -26  146.656     0     0     0     0     0     0     0     0     1  
 733     -14   -28    28   -23    -2   -10    -1     0   -49  146.856     0     0     0     0     0     0     0     0     0  
 734     -51   -41   -36   -41   -34   -16   -36    -8   -16  147.056     0     0     0     0     0     0     0     0     1  
 735     -11    11    -5   -26    -6   -40     4    22   -10  147.256     0     0     0     0     0     0     0     0     1  
 736      -7   -17   -37   -21   -18   -52    -4   -31   -39  147.456     0     0     0     0     0     0     0     0     1  
 737     -18   -23   -46   -14   -69     1    13    -4   -27  147.656     0     0     0     0     0     0     0     0     1  
 738      -2   -26   -20   -37   -13    -2   -29   -30     1  147.856     0     0     0     0     0     0     0     0     1  
 739     -30   -10   -33   -46    12    -1    -6   -12    -8  148.056     0     0     0     0     0     0     0     0     0  
 740     -13     7   -31   -30   -12    -9   -40     5     0  148.256     0     0     0     0     0     0     0     0     0  
 741     -22   -16   -14   -60   -49     7   -34   -93     3  148.455     0     0     0     0     0     0     0     0     1  
 742     -11   -27    10   -58     2     5   -21   -13    -6  148.655     0     0     0     0     0     0     0     0     0  
 743       2   -15   -24     1   -13   -26   -33    14     3  148.855     1     0     0     0     0     0     0     0     0  
 744     -53     1   -58    -4     3     8    -6   -58   -25  149.055     0     0     0     0     0     0     0     0     0  
 745     -62   -17    13   -33   -15   -26   -26    15    11  149.255     0     0     0     0     0     0     0     0     1  
 746      -5     2     5   -14   -12    13     0    -5   -24  149.455     0     0     0     0     0     0     0     0     0  
 747       0    -2   -30     6    15   -28    -6   -46    -5  149.654     0     0     0     0     0     0     0     0     0  
 748     -10    12    -8     1   -12     7    -6    21   -27  149.854     0     0     0     0     0     0     0     0     0  
 749      -8   -31   -42   -21    28   -30   -23    10   -27  150.053     0     0     0     0     0     0     0     0     0  
 750     -21    11    28   -51   -30   -10   -20     3   -26  150.253     0     0     0     0     0     0     0     0     1  
 751     -19   -34   -24   -15   -30   -12   -40   -33    14  150.452     0     0     0     0     0     0     0     0     1  
 752      16   -17    -3   -14   -47    -3   -36     8     8  150.652     0     0     0     0     0     0     0     0     0  
 753       4   -49   -40    13   -18   -18    -6   -35   -22  150.851     0     0     0     0     0     0     0     0     1  
 754       0   -17   -10   -30    -5    -2   -16     9    -3   151.05     0     0     0     0     0     0     0     0     1  
 755       0   -52   -32     1   -44     1    -8   -24   -41   151.25     0     0     0     0     0     0     0     0     0  
 756      -2    15   -44   -39   -19   -30   -16    -6   -38   151.45     0     0     0     0     1     0     0     0     0  
 757     -24    -1   -24   -25   -10   -60    51   -20   -11  151.649     0     0     0     0     0     0     0     0     1  
 758     -36    -2   -45     1   -42     1    -8   -28   -31  151.849     0     0     0     0     0     0     0     0     0  
 759     -13   -49   -25    -4   -47     2    -3   -48   -20  152.049     0     0     0     0     0     0     0     0     0  
 760     -25    19   -10   -14   -41   -29   -15    53   -51  152.249     0     0     0     0     0     0     0     0     0  
 761      11   -24    27   -24    -9   -64    42   -12     2  152.449     0     0     0     0     0     0     0     0     0  
 762     -14   -51   -20    11   -46   -35     9     1   -46  152.649     0     0     0     0     0     0     0     0     1  
 763     -32    43    13   -21     0     0   -19    26   -41   152.85     0     0     0     0     0     0     0     0     0  
 764     -18   -23     3   -25   -32     6     5   -59   -43   153.05     1     0     0     0     0     0     0     0     0  
 765      24   -35   -47    -3   -41   -78    -6   -40    -5   153.25     0     0     0     0     0     0     0     0     0  
 766       6   -37   -66   -29     4    -6     5    10   -27  153.451     0     0     0     0     0     0     0     0     0  
 767      -2   -42   -31     0     0   -42   -17   -26   -44  153.651     0     0     0     0     0     0     0     0     1  
 768     -44    32    34   -10   -40     9    -4   -27    14  153.852     0     0     0     0     0     0     0     0     1  
 769     -24   -17   -10   -37   -40   -24   -50   -51   -23  154.052     0     0     0     0     0     0     0     0     1  
 770     -41   -42     0    -3   -37    -6    -2    12   -48  154.253     0     0     0     0     0     0     0     0     1  
 771       3   -53   -39   -16   -16   -21   -36   -31   -10  154.453     0     0     0     0     0     0     0     0     0  
 772     -46   -46    32     8   -60   -36    -9     2    -7  154.654     0     0     0     0     0     0     0     0     0  
 773     -47    23   -43   -23   -23   -10   -17   -70   -25  154.855     0     0     0     0     0     0     0     0     0  
 774     -57   -17   -50    -5   -20    -6   -42     6     1  155.056     0     0     0     0     0     0     0     0     0  
 775       6     0   -20   -13   -28     2    -1    -9   -14  155.257     0     0     0     0     0     0     0     0     0  
 776     -46   -55     4    -3   -25     3   -22   -26   -42  155.458     0     0     0     0     0     0     0     0     0  
 777       0     4     8   -13   -20    -8     2   -18   -21  155.659     0     0     0     0     0     0     0     0     0  
 778     -21    -4   -34   -22    12   -12   -35   -10   -48   155.86     0     0     0     0     0     0     0     0     0  
 779     -20    14    19     6   -27   -29     1    45   -21   156.06     0     0     0     0     0     0     0     0     0  
 780       7   -54    -9   -24   -13    -4   -45   -23     1  156.261     0     0     0     0     0     0     0     0     1  
 781     -37   -10   -12   -39     3   -15     6   -13   -40  156.462     0     0     0     0     0     0     0     0     1  
 782      11     6   -31   -41   -10    16    12   -23   -15  156.663     0     0     0     0     0     0     0     0     0  
 783     -39    -3   -11    40    -4     4   -12   -30   -21  156.864     0     0     0     0     0     0     0     0     0  
 784      12    20   -12   -28   -27     0    11     0    -7  157.065     0     0     0     0     0     0     0     0     0  
 785      17    33   -14   -25   -37   -22    -7   -33   -23  157.266     0     0     0     0     0     0     0     0     1  
 786     -20   -15   -27   -40   -19   -45    -8   -31   -33  157.467     0     0     0     0     0     0     0     0     1  
 787     -12   -17    -2    -2   -14   -45   -39   -39   -10  157.669     0     0     0     0     0     0     0     0     0  
 788      -4   -18   -31   -18   -25   -13   -44   -14    13   157.87     0     0     0     0     0     0     0     0     1  
 789     -16   -37    12    -1   -26   -22   -19   -11    -4  158.071     0     0     0     0     0     0     0     0     1  
 790     -51   -25   -25     1    -9   -20   -20    -5     6  158.272     0     0     1     0     0     0     0     0     1  
 791      14   -21   -20    -2   -61   -12   -33    14   -11  158.473     0     0     0     0     0     0     0     0     1  
 792      12   -14    14   -20    10    -3    20   -13   -15  158.675     0     0     0     0     0     0     1     0     1  
 793     -12   -17    -2     0     1   -26    15   -56    -8  158.876     0     0     0     0     0     0     0     0     1  
 794      -8   -25   -34   -39   -30   -22   -35   -40   -37  159.077     0     0     0     0     0     0     0     0     0  
 795     -15   -17   -13    -6   -56   -31   -20   -25    -7  159.277     0     0     0     0     0     0     0     0     1  
 796     -47   -33     5   -22   -16    -6    -8   -12   -19  159.478     0     0     0     0     0     0     0     0     0  
 797     -24   -29   -23   -35   -27   -27    -7    12     7  159.679     0     0     0     0     0     0     0     0     0  
 798      20   -20   -36   -17   -36   -21    -8   -15   -10   159.88     1     0     0     0     0     0     0     0     0  
 799      -3   -31    11   -24   -19   -24   -16   -11   -14  160.081     0     0     0     0     0     0     0     0     1  
 800     -31    46    -2   -11     8    -8   -23   -22   -26  160.281     0     0     0     0     0     0     0     0     0  
 801     -47    -5    11   -46   -17   -30    15   -29   -29  160.482     0     0     0     0     0     0     0     0     0  
 802     -53    12   -36   -28   -24     1    -6   -41   -56  160.683     0     0     0     0     0     0     0     0     1  
 803     -46   -20   -25   -16   -15   -24   -25   -32   -34  160.883     0     0     0     0     0     0     0     0     1  
 804      20     8    13     0   -67   -36    19   -34    -4  161.084     0     0     0     0     0     0     0     0     0  
 805     -20    18    23   -27   -15   -21   -50   -12   -17  161.285     0     0     0     0     0     0     0     0     1  
 806     -15   -56   -49   -11    14   -13   -18   -45    15  161.485     0     0     0     0     0     0     0     0     0  
 807      25   -45    -8   -21   -22    -3    19   -46     6  161.686     0     0     0     0     0     0     0     0     1  
 808      -6   -29   -37   -12   -16   -37   -33     0   -51  161.886     0     0     0     0     0     0     0     1     0  
 809     -52   -16    -4   -28     1   -33   -18   -36   -15  162.087     0     0     0     0     0     0     0     0     1  
 810       4   -37   -45   -23   -14   -10   -15    -7   -29  162.288     0     0     0     0     0     0     0     0     1  
 811      25   -40   -43    26   -16   -18    17    15   -19  162.488     0     0     0     0     0     0     0     0     0  
 812      -5   -15   -35    10    14   -10    -3    -8     3  162.689     0     0     0     0     0     0     0     0     1  
 813     -12   -16   -34     0    15   -13    -8   -13   -58  162.889     0     0     0     0     0     0     0     0     0  
 814     -59   -31    19   -43   -24   -50    -2   -12     3   163.09     0     0     0     0     0     0     0     0     0  
 815     -14     0   -20     0   -37   -33   -14   -44    26   163.29     0     0     0     0     0     0     0     0     0  
 816     -34   -36   -19    -5    -2    -8    16     9    -2  163.491     0     0     0     0     0     0     0     0     0  
 817     -34   -40   -28   -22   -13     5   -18   -36   -10  163.691     0     0     0     0     0     0     0     0     0  
 818     -42   -31   -42   -37   -28   -32     1    36   -25  163.892     0     0     0     0     0     0     0     0     0  
 819     -39   -13   -19    -5     1   -18   -21   -42    -2  164.092     0     0     0     0     0     0     0     0     0  
 820     -42   -18   -26   -23   -10     9    -6     4   -34  164.292     0     0     0     0     0     0     0     0     0  
 821     -10   -25   -27    -6   -19   -29   -13    -8   -13  164.493     0     0     0     0     0     0     0     0     0  
 822      -7   -33   -19    40   -32     3    -1    17     7  164.693     0     0     0     0     0     0     0     0     0  
 823     -26   -45   -27   -29   -63    10    -9   -33   -19  164.893     0     0     0     0     0     0     0     0     0  
 824     -44   -48   -34     9   -20     1   -26   -31   -20  165.093     0     0     0     0     0     0     0     0     1  
 825     -24    20   -21     5   -46     1     9     0   -17  165.293     0     0     0     0     0     0     0     0     1  
 826     -45   -26   -22   -15   -61   -33   -46   -42     0  165.493     0     0     0     0     0     0     0     0     0  
 827      -9    14   -34   -13   -29    -8    -3   -47    10  165.692     0     0     0     0     0     0     0     0     1  
 828       1    -1    -5    -3   -23   -20    18    24   -14  165.892     0     0     0     0     0     0     0     0     0  
 829      15   -19   -17   -15   -15   -52    25   -15   -42  166.092     0     0     0     0     0     0     0     0     1  
 830      11   -46    -6    15   -27   -42   -43   -11     1  166.291     0     0     0     0     0     0     0     0     1  
 831     -19   -11    -5   -11   -22   -29     2    -8   -15  166.491     1     0     0     0     0     0     0     0     0  
 832     -31    10   -46   -13   -29    10    17     1   -45   166.69     0     0     0     0     0     0     0     0     1  
 833     -26   -32   -43    12   -11   -13    18   -43   -38   166.89     0     0     0     0     0     0     0     0     1  
 834      18   -23    -8     3   -27     0   -68   -42   -59  167.089     0     0     0     0     0     0     0     0     1  
 835      -2   -18   -16   -41     4   -29   -10     2     1  167.288     0     1     0     0     1     0     0     0     1  
 836       2   -35   -40   -30   -10   -27   -29    -3     0  167.487     0     0     0     0     0     0     0     0     1  
 837       6    -5   -45   -14   -21   -10   -81   -18   -40  167.687     0     0     0     0     0     0     0     0     1  
 838     -46    -5   -12     4    20   -11   -10   -13     1  167.886     0     0     0     0     0     0     0     0     1  
 839     -31   -51    -4     8   -18   -23     4    24    -2  168.085     0     0     0     0     0     0     0     0     1  
 840      18    28     0    27   -14    12   -21   -14   -44  168.284     0     0     0     0     0     0     0     0     1  
 841     -41    13   -54    -6   -23   -24    -5     6    -2  168.483     0     0     0     0     0     0     0     0     1  
 842     -21   -32    -1   -18   -17   -33   -25   -18   -26  168.682     0     0     0     0     0     0     0     0     1  
 843     -24   -14   -43   -29   -25   -43   -45    -2    -6  168.881     0     0     0     0     0     0     0     1     1  
 844     -14    -7     7   -13    37    19   -28    -9   -59  169.079     0     0     0     0     0     0     0     0     1  
 845     -16   -13   -35    -4   -10   -15   -32   -46   -10  169.278     0     0     0     0     0     0     0     0     1  
 846     -36   -72   -32   -30    -2     8   -19     7   -17  169.477     0     0     0     0     0     0     0     0     1  
 847     -21    15   -28    -9    -7   -17   -32   -11     5  169.675     0     0     0     0     0     0     0     0     0  
 848     -32    19   -28   -60     5    -4   -60   -38   -18  169.874     0     1     1     0     0     0     0     0     0  
 849      11   -68    -7     4   -21    18   -15    -1   -41  170.073     0     0     0     0     0     0     0     0     0  
 850      -4   -27   -28   -23   -33     5   -13   -33   -38  170.271     0     0     0     1     0     0     0     0     0  
 851     -16    -5   -32    -9   -32   -32    -3    10   -36   170.47     0     0     0     0     0     0     0     0     1  
 852      10   -42   -34   -12   -36   -12   -20    -7    17  170.668     0     0     1     0     0     0     1     0     1  
 853     -51   -32   -30   -20   -26   -14   -59    -2   -28  170.867     0     1     0     0     0     0     0     0     1  
 854     -16   -50   -15   -14   -31   -59    -1   -34   -11  171.066     0     0     0     0     0     0     0     0     0  
 855     -13    21   -31   -44   -26   -25    17    -6   -17  171.264     0     0     0     0     0     0     0     0     1  
 856     -11   -32     2   -47   -24    -4   -17    -5   -27  171.462     0     0     0     0     0     0     0     0     0  
 857      18     6   -17   -53   -17   -23   -30   -10   -31  171.661     1     0     0     0     0     0     0     0     1  
 858      31    -5   -16   -42     2   -51   -52   -44   -69  171.859     0     0     0     1     0     0     0     0     1  
 859       1   -24   -13    11    -9    -4   -32     6    -3  172.057     0     0     0     0     0     1     0     0     1  
 860     -16   -13   -35     8    -1     3    -9   -13   -22  172.255     0     0     0     1     1     0     0     0     0  
 861     -34    14   -22     3     7   -40    15   -28   -34  172.452     0     0     0     1     1     0     0     0     0  
 862     -42    10   -24     1   -24     1   -19     7   -39   172.65     0     0     0     0     0     0     0     0     1  
 863       3   -42   -28   -16   -17   -55   -23    -4   -25  172.848     0     0     0     1     0     0     0     0     1  
 864     -19    -4   -44   -25    -5   -56   -24    -5   -17  173.046     0     0     0     0     0     0     1     0     1  
 865      19   -27   -24     0   -12   -26   -44   -16   -37  173.244     0     0     0     0     0     1     1     0     1  
 866     -51   -30     5   -20   -40   -31   -31     2   -22  173.441     0     0     0     0     0     0     0     1     1  
 867      -8   -17    20   -26   -10   -38   -31    26   -12  173.639     1     1     1     0     0     0     0     0     0  
 868      -3   -42    -9    -4    -5     2   -37     1   -59  173.837     1     1     0     0     0     0     0     0     1  
 869      10   -38   -10    22    -1   -71   -30   -30    29  174.034     1     1     1     0     0     0     0     0     1  
 870     -37   -23     6    27    -6     1   -18   -27   -49  174.232     0     0     1     1     0     1     0     0     1  
 871      24    -3     6     0    -8   -26   -23   -32   -10  174.429     0     0     0     0     0     0     0     0     0  
 872      -2   -20   -37   -32     7    14   -42   -17   -30  174.627     0     1     0     0     0     0     0     0     1  
 873     -53   -14    23   -60   -17   -25   -65   -59   -48  174.824     0     1     0     0     1     0     0     1     1  
 874     -14   -46   -17   -45   -21   -31   -41   -21   -23  175.022     1     0     1     1     1     1     0     0     0  
 875       0   -46   -21   -30    -3   -34   -26     4    16   175.22     0     0     0     0     0     0     0     0     1  
 876     -19   -41   -36    -1   -34   -60    12     5    -8  175.418     0     1     1     0     0     0     0     0     0  
 877     -15    -7    10    -8   -59    -4    12   -16   -36  175.615     0     0     0     0     0     0     0     0     1  
 878     -50    24   -30   -21     5   -21   -32   -74   -31  175.813     0     0     0     0     0     0     0     0     1  
 879      19    -7   -40     0    34   -18    -3    20   -17  176.011     1     0     0     1     0     0     0     0     1  
 880     -29     8     3     6    -2    -1    -7   -50   -19  176.209     0     0     0     0     0     0     0     0     0  
 881      -5   -58   -44   -26   -23    12   -22   -18   -22  176.407     1     0     0     0     0     0     0     0     1  
 882     -42    -4   -37    -5   -45   -21     4   -33   -33  176.605     0     0     0     0     1     0     1     0     1  
 883      20   -48     2   -38   -35    -9   -64     4   -13  176.802     0     0     0     0     0     0     0     0     1  
 884     -48   -20   -16   -17   -31   -27   -22   -14    22      177     0     0     0     0     0     0     0     0     1  
 885     -35    -5   -19   -39   -63   -45   -54     3   -13  177.198     0     0     0     0     0     0     0     0     1  
 886     -11    -4   -10   -26   -12   -39    18   -24   -22  177.396     0     0     0     0     0     0     0     0     1  
 887     -28   -27   -16    -3   -23     3   -18    19   -26  177.594     0     0     0     0     0     0     0     0     1  
 888      20   -11   -11   -31   -27     3   -35     8    11  177.792     0     0     0     1     0     0     0     0     1  
 889     -21   -23    -6   -26    36   -19   -67   -64   -10   177.99     0     0     0     0     0     0     0     0     1  
 890     -34   -19    -8   -18    -6   -21   -67   -38    -7  178.187     1     0     0     0     0     0     0     0     1  
 891      -7     4    -8   -48     3   -32   -34   -23   -20  178.385     0     0     0     0     0     0     0     0     1  
 892     -33     2     5   -69   -16     7   -12     4   -32  178.583     0     0     0     0     0     0     0     0     1  
 893     -26   -41   -42   -26   -43    -2    28    11    -7   178.78     0     0     0     0     1     0     0     0     1  
 894     -11   -23   -35   -37   -35   -10   -13    -7    21  178.978     0     0     1     0     0     0     0     0     1  
 895      17    17   -30   -29   -23    24   -36   -34     7  179.176     0     0     0     0     0     0     0     0     1  
 896     -30   -34     0   -29    -8    28   -18   -50   -13  179.373     0     0     0     0     0     0     0     0     1  
 897     -39    -2   -15   -43    19   -20   -20     9   -64  179.571     0     0     0     0     0     0     1     0     1  
 898     -28   -22   -23     8   -16    10   -15   -22   -35  179.769     0     1     0     1     0     0     0     0     1  
 899     -23   -22    15     8    19   -61   -56   -16   -50  179.966     0     0     0     0     0     0     0     0     0  
 900     -48   -43   -21   -34   -13     1   -29   -20   -27  180.164     0     0     0     0     0     0     0     0     1  
 901      12    15   -18   -27   -64   -50     7   -43   -18  180.361     0     0     0     0     0     0     0     0     1  
 902     -65     3   -14   -31   -45   -18   -15   -26    22  180.559     0     0     0     0     1     0     1     0     1  
 903      -6   -20   -43   -14   -50   -21     1     0     4  180.756     1     0     0     1     0     0     0     1     1  
 904     -10   -25   -22   -27   -65    -2   -48   -34    -5  180.954     0     0     0     1     0     1     1     0     1  
 905      -5   -76   -26   -21   -14   -30   -36   -15    -6  181.151     0     0     0     1     1     0     0     0     0  
 906     -32   -11    -4     9   -36   -20    -6   -47     8  181.349     0     0     0     0     0     0     0     0     1  
 907     -30   -35     0   -12     1   -15     0    -7   -18  181.546     0     0     0     0     0     1     0     1     1  
 908     -11   -35   -58   -30     8   -11    14    24   -20  181.744     0     1     0     0     0     0     0     0     1  
 909      18   -48     0     0   -17   -24    14   -41    -2  181.942     0     0     0     0     0     0     0     0     1  
 910     -50   -14    -9   -30   -24   -29   -22   -30    -9   182.14     0     0     0     0     0     1     0     0     1  
 911      -1   -31    39   -34   -13     0   -15   -10    -2  182.339     0     0     0     0     0     0     0     0     1  
 912     -29   -50   -70   -14   -11    -8   -38    15   -27  182.537     0     0     0     0     0     0     0     0     1  
 913      -8     7   -36   -12    24   -25   -73    -7   -30  182.736     0     0     0     0     0     0     0     0     1  
 914     -46   -25   -49    -5   -25   -39   -24   -26   -23  182.934     0     0     0     0     0     0     0     0     1  
 915      13    -4    46   -25     6    -8   -42    -9     5  183.133     0     1     0     0     0     0     1     0     1  
 916      13    -6   -33   -19   -22    28   -20   -23     1  183.332     0     0     0     0     0     0     0     0     1  
 917     -43   -10    24   -28   -12   -25    11   -50    11   183.53     0     0     0     0     0     0     0     0     0  
 918     -18   -27   -19   -21    -8    30    26   -50   -23  183.729     0     0     0     0     0     0     0     0     0  
 919     -29   -17   -28   -15   -19    -5    -7   -78   -16  183.927     0     0     0     0     0     0     0     0     1  
 920     -22   -30   -53   -22   -26   -18   -27     3   -27  184.127     0     1     0     1     0     0     0     0     1  
 921      -2   -15   -11   -12   -38   -30   -28    12     0  184.326     0     0     0     0     0     0     0     0     1  
 922     -33    -6     4   -13     9    16   -18     0   -11  184.525     0     0     0     0     0     0     0     0     1  
 923       1   -23   -10   -28   -14   -33   -36    19   -27  184.724     0     0     0     0     1     1     0     0     1  
 924       4    -3     2    -1   -29   -43   -40    -3   -47  184.924     0     0     0     1     0     1     0     0     0  
 925     -11   -23   -28   -27   -70     2    -4   -18    -6  185.123     0     0     0     0     1     0     0     0     1  
 926      42     9    -7   -29   -22   -57    19    15   -17  185.322     1     0     1     0     0     0     0     0     0  
 927       8   -11   -37   -19     2   -24   -16     8    21  185.521     0     0     0     0     1     0     0     0     0  
 928     -20     0    -4   -32   -25   -64   -41   -10   -37  185.721     0     0     0     0     0     0     0     0     1  
 929     -19   -44   -35     1   -14   -30    10   -17   -16   185.92     0     0     0     0     0     0     0     0     1  
 930     -21   -34   -29   -13   -27    -3   -48   -27   -24  186.119     0     0     0     0     0     0     0     0     1  
 931     -35   -16    -5   -26   -18    -3   -31   -28   -24  186.318     0     0     0     0     0     1     0     0     1  
 932       6    -9   -54   -20   -11    -5   -20     6   -28  186.517     0     0     0     0     0     0     0     0     0  
 933     -51   -34   -49   -35    19   -34   -41    -3   -37  186.716     1     0     0     0     0     0     0     0     0  
 934      13    -2   -36   -48   -23     1   -18   -36   -33  186.915     0     0     0     0     0     0     0     0     0  
 935     -50   -32   -49     6    15   -21   -49    -6    -9  187.114     0     0     0     0     0     0     0     0     1  
 936     -12    -2    -7   -12   -11     3     3    15   -11  187.313     0     0     0     0     0     0     0     0     0  
 937     -19   -81   -14   -12   -48   -52   -18     0    35  187.512     0     0     0     0     1     0     0     0     1  
 938     -45   -25     1   -32   -28   -20    -8    -2   -13  187.711     0     0     0     0     0     0     0     0     0  
 939     -19    -9    13   -20   -26    10    -2   -12   -26   187.91     1     1     0     0     0     0     0     0     1  
 940     -62   -16    25    21   -25   -37   -28    13   -22  188.109     0     0     0     0     0     0     0     0     1  
 941     -20   -35   -48    12   -61   -17   -17   -12   -52  188.307     0     0     0     0     0     0     1     0     1  
 942      -8   -44   -26   -46    -3   -16     8   -27   -49  188.506     0     0     0     0     0     0     0     0     1  
 943     -30   -15   -27    18   -34   -14    -8   -26    -2  188.705     0     0     0     0     0     0     0     0     0  
 944      23   -49   -23   -28    -9    -2    54    -7   -11  188.904     0     0     0     0     0     0     0     0     0  
 945     -18   -41   -31    -5     1    -8   -23   -21   -36  189.103     0     0     0     0     0     0     0     0     0  
 946     -15   -21    -2   -22   -58    -8   -34   -18   -43  189.301     0     0     1     0     0     0     0     0     1  
 947     -46   -17   -27   -16   -46   -53   -16   -32   -40    189.5     0     0     0     0     1     1     0     0     1  
 948      30   -20   -28   -34   -44   -52   -10    -2    27  189.699     0     0     0     0     0     0     0     0     0  
 949     -25   -23    -7     0   -25    -3   -13   -33     9  189.897     0     0     0     0     0     0     0     0     0  
 950     -31   -16   -21    12   -42   -22    11   -40     6  190.096     0     0     0     0     0     0     0     0     1  
 951       7    22   -35   -38   -51    11    -5   -10   -15  190.295     0     0     0     0     0     0     0     0     1  
 952     -20   -30   -10   -24   -13   -53   -37   -15   -14  190.493     0     0     0     0     0     1     0     1     1  
 953     -12   -14   -30   -10    15   -29   -12    10   -23  190.691     0     0     0     0     0     1     0     0     1  
 954     -42   -34   -64    27   -37   -46   -46     9     6  190.889     0     0     0     0     0     0     0     0     1  
 955     -40   -48     1    -7   -37    -1   -38   -16   -14  191.087     0     0     0     0     0     0     0     0     1  
 956      11   -33   -45   -11    -3   -45   -11   -20   -13  191.285     0     0     1     0     0     0     0     0     1  
 957     -34   -31   -13   -29   -12    -5   -11    19   -30  191.483     0     0     0     0     0     0     0     0     1  
 958      -5   -16   -21    -3   -45    28   -36     5   -55  191.681     0     0     0     0     0     0     0     0     0  
 959     -39     6   -46   -54   -14   -66     2   -22    -2  191.879     0     1     0     1     0     0     0     0     1  
 960       3   -10   -18    14   -47    -5     8   -45   -26  192.077     0     0     0     0     0     0     0     0     1  
 961     -18   -70    -9   -26   -21   -16    -7    -3   -33  192.275     0     0     0     0     0     0     0     0     1  
 962     -15   -18    23    -7   -24   -35     1     0   -49  192.473     0     0     0     0     0     1     0     0     1  
 963     -54   -16   -25   -49   -66   -45   -16   -30   -24  192.671     0     0     0     0     1     0     0     0     1  
 964     -31   -16   -26   -33   -34     7   -25   -14   -33  192.868     0     0     0     0     0     0     0     1     1  
 965     -25   -66   -10    -6   -10   -51     5   -15    -7  193.066     0     0     1     0     0     0     0     0     0  
 966     -69   -47   -52    32   -46   -31   -15   -26   -37  193.264     0     0     0     0     0     0     0     0     1  
 967     -27   -34    -6   -33   -38   -18   -51    -7    -5  193.462     0     0     0     0     0     0     0     0     1  
 968       2    -8   -27    26   -15   -28   -21   -17   -14   193.66     0     0     0     0     0     0     0     0     1  
 969     -46    19   -55    -3   -40   -41   -24   -56     1  193.858     0     0     0     0     0     0     0     0     1  
 970     -25   -13   -68    -9   -37     5   -20   -33    24  194.056     0     0     0     1     0     0     0     0     0  
 971       2    -6   -49    11   -20    -1   -38   -37   -22  194.255     0     0     0     0     0     0     0     0     1  
 972     -25    19   -55   -30   -12    18    -9   -28   -51  194.453     0     0     0     0     0     0     0     0     1  
 973     -37   -10   -42   -48    -8    42    -1   -26     4  194.651     0     0     0     0     0     0     0     0     1  
 974     -40   -23   -25     1   -19   -58     9   -20   -52  194.849     0     0     0     0     0     0     0     0     1  
 975     -53    12     0    14   -11    26   -28   -36   -22  195.047     0     0     0     0     0     0     0     0     1  
 976      -9   -75    58   -44   -40   -43   -23     0   -22  195.246     0     0     0     0     0     0     0     0     1  
 977     -31   -24    -7   -23   -64   -42   -44   -29   -35  195.444     0     1     0     1     0     0     0     0     0  
 978     -13   -40     5     6   -45   -10    -3     4   -34  195.642     0     0     0     0     0     0     0     1     0  
 979       2   -25   -14   -19    21   -23   -14   -41   -38   195.84     0     0     0     0     0     0     0     0     1  
 980      -3   -44    -8   -21   -17   -19    14   -28     0  196.038     0     0     0     0     1     0     0     0     1  
 981     -23    -9   -75    16   -18     6   -60   -51   -52  196.236     0     0     0     0     1     0     1     0     1  
 982       4     5    -7   -28   -28    -9   -38    19    34  196.434     0     0     0     1     1     1     1     1     1  
 983     -24   -25   -13   -37   -13     4   -28     1    -5  196.632     0     0     1     1     1     1     1     1     1  
 984     -27    -7   -43    -2   -30     0   -20     6   -12   196.83     1     1     1     1     1     2     1     1     1  
 985     -22   -23    27   -31    25    10   -19   -37    -1  197.028     1     0     1     2     2     2     2     2     1  
 986     -38    -9    -2   -20   -22   -17    10   -58   -18  197.226     1     1     1     2     1     1     2     2     2  
 987     -39   -32   -13    -7   -13   -23     0    10    -8  197.424     1     1     1     1     1     1     1     1     2  
 988     -86    11   -10   -39   -17   -50   -18   -25    10  197.622     2     2     1     1     1     1     1     1     3  
 989      -9   -49   -44   -11   -51   -29   -30   -55   -19   197.82     2     2     2     1     1     1     1     1     4  
 990     -62     2   -36     2   -80   -38   -13   -16    -2  198.018     3     2     1     1     1     1     1     0     4  
 991      -6   -11   -25    20    -6   -39   -15   -32   -38  198.217     3     3     2     1     1     1     1     0     4  
 992     -40   -46    29   -39     8     8    -6   -11    -4  198.416     3     2     2     1     1     1     1     0     4  
 993     -22    -5   -10   -70   -49   -66     6   -29   -33  198.614     3     2     1     1     1     0     1     0     3  
 994     -15   -43   -27    -3    17   -30    25   -14   -47  198.813     2     1     1     0     0     0     0    -2     3  
 995     -25   -23    38     2   -20   -13   -36    17   -12  199.012     1     0     0     0    -1     0     0    -2     2  
 996     -41   -13   -16   -12   -15   -27    19   -72   -46  199.212    -1    -1    -2    -2    -2    -2    -1    -2     1  
 997     -13   -67   -18   -43   -15   -10   -11   -11   -16  199.411    -2    -2    -2    -2    -3    -3    -2    -3     0  
 998     -39    14   -23   -32   -25   -18   -30   -21   -21   199.61    -4    -4    -3    -3    -3    -3    -3    -3    -2  
 999     -38   -40    14   -39   -13     2     6     0   -16   199.81    -5    -4    -4    -4    -4    -4    -4    -3    -3  
1000      -3   -33   -13   -24     7   -20   -23    15   -34   200.01    -5    -5    -4    -4    -4    -4    -4    -3    -4  
1001       4   -56    -9   -54    -1   -33   -58   -27   -19   200.21    -5    -5    -5    -4    -4    -4    -4    -3    -5  
1002     -28   -39   -25   -18    -8    -2   -50    11   -22   200.41    -5    -4    -4    -4    -4    -4    -4    -3    -5  
1003       2   -26   -36   -15   -20    -1   -52   -35   -24  200.611    -4    -4    -4    -3    -3    -3    -3    -2    -5  
1004     -34   -15   -25   -17   -37   -27     5   -61   -24  200.811    -3    -4    -3    -3    -2    -2    -2    -2    -5  
1005     -32   -31   -27     5   -25   -14   -54    -7   -45  201.011    -3    -2    -2    -2    -2    -1    -1     0    -4  
1006     -29   -15    -8   -29   -27    -2   -15   -16   -12  201.212    -2    -1     0     0     0     0     0     0    -3  
1007      -6    -3   -20    -3    -4   -27   -25   -33    -3  201.412     0     0     0     0     0     0     0     0    -2  
1008       8    -3   -11    10    -9    21    -8   -11   -18  201.612     0     1     1     1     1     1     1     1    -1  
1009     -37   -37   -24    -3   -11   -14   -46   -27   -28  201.813     1     1     2     2     2     2     2     2     0  
1010     -30   -48   -36   -40   -23   -52   -46   -70   -87  202.013     2     2     2     2     3     3     3     3     1  
1011     -35   -49     2   -51   -30   -54    -7     2   -37  202.213     3     3     3     3     3     3     3     3     2  
1012     -24   -42   -21   -52   -11   -31   -48    -7   -39  202.413     3     4     4     4     4     4     4     4     4  
1013     -33   -25   -24   -37    -6   -53   -25   -40   -18  202.612     3     3     3     3     4     4     3     4     4  
1014     -21   -35   -36   -52     1   -36   -20   -30     7  202.812     2     2     2     2     2     3     2     3     3  
1015     -37   -40     5   -59   -55   -17     9    17   -14  203.012     1     1     1     1     1     1     1     2     3  
1016      -7    -1   -40    -8   -42    11   -20   -11   -17  203.211    -1    -2    -2    -1    -2    -1    -1     0     2  
1017       0    -1   -22   -35   -14   -12   -39   -16   -23   203.41    -3    -3    -3    -3    -3    -4    -3    -2     1  
1018     -17   -37   -17   -12   -12    -8   -63   -28   -45   203.61    -4    -5    -5    -4    -5    -5    -5    -3     0  
1019     -14     4   -24   -21   -25    11   -42   -33     6  203.808    -4    -5    -4    -4    -5    -5    -5    -4     0  
1020     -32   -38   -14   -74   -13   -18     4     1   -36  204.007    -4    -4    -4    -4    -4    -5    -4    -4     1  
1021     -45   -29     0   -26   -14   -52   -31   -31    -3  204.205    -2    -3    -3    -3    -3    -4    -4    -3     2  
1022     -36   -34   -19   -19    -5    -7   -37   -19    -5  204.403     0    -1    -1     0    -2    -2    -2    -1     3  
1023     -21   -28    17   -21   -21   -34   -64   -52     4  204.601     2     1     0     0    -1    -2    -2     0     5  
